Date,Day,Month,Day_of_Week,Is_Weekend,Day_Type,Is_Festival,Store_ID,Store_Type,Location_Type,Item_Name,Category,Units_Stocked,Units_Sold,Units_Remaining,Unit_Price,Discount,Revenue,Demand_Level,Suggested_Next_Stock
01-01-2025,1,1,2,0,Weekday,0,STORE_001,Small,Urban,Milk,Perishable,6,5,1,24.03,0.0,120.14,Medium,10
01-01-2025,1,1,2,0,Weekday,0,STORE_001,Small,Urban,Curd,Perishable,7,4,3,40.41,0.0,161.65,Medium,9
01-01-2025,1,1,2,0,Weekday,0,STORE_001,Small,Urban,Paneer,Perishable,5,3,2,210.24,0.0,630.71,Medium,8
01-01-2025,1,1,2,0,Weekday,0,STORE_001,Small,Urban,Rice,Non-Perishable,30,24,6,68.24,0.0,1637.83,Medium,31
01-01-2025,1,1,2,0,Weekday,0,STORE_001,Small,Urban,Toor Dal,Non-Perishable,70,45,25,103.25,0.0,4646.37,Medium,54
01-01-2025,1,1,2,0,Weekday,0,STORE_001,Small,Urban,Wheat Flour,Non-Perishable,26,15,11,38.68,0.0,580.27,Medium,21
01-01-2025,1,1,2,0,Weekday,0,STORE_001,Small,Urban,Cooking Oil,Non-Perishable,33,32,1,144.94,0.0,4637.98,High,40
01-01-2025,1,1,2,0,Weekday,0,STORE_001,Small,Urban,Biscuits,Non-Perishable,57,30,27,28.49,0.0,854.62,Medium,38
01-01-2025,1,1,2,0,Weekday,0,STORE_001,Small,Urban,Snacks,Non-Perishable,33,16,17,69.72,0.0,1115.59,Low,22
01-01-2025,1,1,2,0,Weekday,0,STORE_001,Small,Urban,Masala,Non-Perishable,41,26,15,45.96,0.0,1195.07,Medium,33
01-01-2025,1,1,2,0,Weekday,0,STORE_001,Small,Urban,Sugar,Non-Perishable,33,30,3,55.43,0.086,1520.02,High,38
01-01-2025,1,1,2,0,Weekday,0,STORE_001,Small,Urban,Salt,Non-Perishable,40,32,8,15.64,0.0,500.34,Medium,40
01-01-2025,1,1,2,0,Weekday,0,STORE_001,Small,Urban,Bread,Perishable,10,8,2,51.4,0.0,411.18,Medium,13
01-01-2025,1,1,2,0,Weekday,0,STORE_001,Small,Urban,Eggs,Perishable,5,4,1,38.55,0.061,144.83,Medium,9
01-01-2025,1,1,2,0,Weekday,0,STORE_002,Medium,Semi-Urban,Milk,Perishable,6,4,2,27.33,0.0,109.34,Medium,9
01-01-2025,1,1,2,0,Weekday,0,STORE_002,Medium,Semi-Urban,Curd,Perishable,24,24,0,58.59,0.0,1406.25,High,31
01-01-2025,1,1,2,0,Weekday,0,STORE_002,Medium,Semi-Urban,Paneer,Perishable,19,19,0,202.26,0.073,3563.2,High,25
01-01-2025,1,1,2,0,Weekday,0,STORE_002,Medium,Semi-Urban,Rice,Non-Perishable,46,32,14,70.43,0.0,2253.76,Medium,40
01-01-2025,1,1,2,0,Weekday,0,STORE_002,Medium,Semi-Urban,Toor Dal,Non-Perishable,154,112,42,135.15,0.0,15136.91,Medium,128
01-01-2025,1,1,2,0,Weekday,0,STORE_002,Medium,Semi-Urban,Wheat Flour,Non-Perishable,51,38,13,31.02,0.0,1178.67,Medium,46
01-01-2025,1,1,2,0,Weekday,0,STORE_002,Medium,Semi-Urban,Cooking Oil,Non-Perishable,70,63,7,159.16,0.0,10026.84,High,74
01-01-2025,1,1,2,0,Weekday,0,STORE_002,Medium,Semi-Urban,Biscuits,Non-Perishable,100,67,33,23.21,0.0,1554.76,Medium,78
01-01-2025,1,1,2,0,Weekday,0,STORE_002,Medium,Semi-Urban,Snacks,Non-Perishable,46,28,18,55.45,0.0,1552.7,Medium,35
01-01-2025,1,1,2,0,Weekday,0,STORE_002,Medium,Semi-Urban,Masala,Non-Perishable,95,54,41,53.95,0.0,2913.26,Medium,64
01-01-2025,1,1,2,0,Weekday,0,STORE_002,Medium,Semi-Urban,Sugar,Non-Perishable,114,86,28,57.55,0.0,4949.02,Medium,99
01-01-2025,1,1,2,0,Weekday,0,STORE_002,Medium,Semi-Urban,Salt,Non-Perishable,122,104,18,17.42,0.14,1558.42,Medium,119
01-01-2025,1,1,2,0,Weekday,0,STORE_002,Medium,Semi-Urban,Bread,Perishable,10,5,5,56.61,0.0,283.06,Medium,10
01-01-2025,1,1,2,0,Weekday,0,STORE_002,Medium,Semi-Urban,Eggs,Perishable,9,7,2,42.13,0.06,277.16,Medium,12
01-01-2025,1,1,2,0,Weekday,0,STORE_003,Supermarket,Rural,Milk,Perishable,17,15,2,24.92,0.0,373.73,Medium,21
01-01-2025,1,1,2,0,Weekday,0,STORE_003,Supermarket,Rural,Curd,Perishable,18,11,7,56.98,0.0,626.83,Medium,17
01-01-2025,1,1,2,0,Weekday,0,STORE_003,Supermarket,Rural,Paneer,Perishable,41,27,14,207.52,0.0,5602.95,Medium,34
01-01-2025,1,1,2,0,Weekday,0,STORE_003,Supermarket,Rural,Rice,Non-Perishable,156,79,77,69.7,0.0,5506.36,Medium,91
01-01-2025,1,1,2,0,Weekday,0,STORE_003,Supermarket,Rural,Toor Dal,Non-Perishable,88,87,1,147.7,0.0,12849.59,High,100
01-01-2025,1,1,2,0,Weekday,0,STORE_003,Supermarket,Rural,Wheat Flour,Non-Perishable,175,119,56,44.33,0.0,5275.64,Medium,135
01-01-2025,1,1,2,0,Weekday,0,STORE_003,Supermarket,Rural,Cooking Oil,Non-Perishable,187,133,54,164.54,0.0,21884.37,Medium,151
01-01-2025,1,1,2,0,Weekday,0,STORE_003,Supermarket,Rural,Biscuits,Non-Perishable,239,172,67,29.75,0.102,4596.13,Medium,194
01-01-2025,1,1,2,0,Weekday,0,STORE_003,Supermarket,Rural,Snacks,Non-Perishable,261,245,16,68.56,0.0,16797.61,High,274
01-01-2025,1,1,2,0,Weekday,0,STORE_003,Supermarket,Rural,Masala,Non-Perishable,215,162,53,103.86,0.0,16825.91,Medium,183
01-01-2025,1,1,2,0,Weekday,0,STORE_003,Supermarket,Rural,Sugar,Non-Perishable,134,83,51,51.57,0.097,3866.67,Medium,96
01-01-2025,1,1,2,0,Weekday,0,STORE_003,Supermarket,Rural,Salt,Non-Perishable,96,67,29,15.37,0.0,1030.02,Medium,78
01-01-2025,1,1,2,0,Weekday,0,STORE_003,Supermarket,Rural,Bread,Perishable,33,31,2,32.56,0.103,905.27,High,39
01-01-2025,1,1,2,0,Weekday,0,STORE_003,Supermarket,Rural,Eggs,Perishable,28,18,10,40.33,0.0,725.87,Medium,24
02-01-2025,2,1,3,0,Weekday,0,STORE_001,Small,Urban,Milk,Perishable,9,9,0,24.03,0.0,216.3,High,14
02-01-2025,2,1,3,0,Weekday,0,STORE_001,Small,Urban,Curd,Perishable,9,5,4,59.1,0.0,295.49,Medium,10
02-01-2025,2,1,3,0,Weekday,0,STORE_001,Small,Urban,Paneer,Perishable,6,4,2,181.01,0.055,684.5,Medium,9
02-01-2025,2,1,3,0,Weekday,0,STORE_001,Small,Urban,Rice,Non-Perishable,31,29,2,53.91,0.0,1563.49,High,36
02-01-2025,2,1,3,0,Weekday,0,STORE_001,Small,Urban,Toor Dal,Non-Perishable,46,32,14,102.27,0.0,3272.49,Medium,40
02-01-2025,2,1,3,0,Weekday,0,STORE_001,Small,Urban,Wheat Flour,Non-Perishable,24,15,9,28.26,0.114,375.46,Medium,21
02-01-2025,2,1,3,0,Weekday,0,STORE_001,Small,Urban,Cooking Oil,Non-Perishable,53,53,0,156.66,0.0,8302.99,High,63
02-01-2025,2,1,3,0,Weekday,0,STORE_001,Small,Urban,Biscuits,Non-Perishable,16,13,3,9.89,0.06,120.9,Medium,19
02-01-2025,2,1,3,0,Weekday,0,STORE_001,Small,Urban,Snacks,Non-Perishable,24,18,6,21.4,0.0,385.13,Medium,24
02-01-2025,2,1,3,0,Weekday,0,STORE_001,Small,Urban,Masala,Non-Perishable,44,32,12,110.2,0.0,3526.33,Medium,40
02-01-2025,2,1,3,0,Weekday,0,STORE_001,Small,Urban,Sugar,Non-Perishable,46,46,0,48.25,0.0,2219.61,High,55
02-01-2025,2,1,3,0,Weekday,0,STORE_001,Small,Urban,Salt,Non-Perishable,37,37,0,19.29,0.0,713.73,High,45
02-01-2025,2,1,3,0,Weekday,0,STORE_001,Small,Urban,Bread,Perishable,6,3,3,56.87,0.0,170.6,Medium,8
02-01-2025,2,1,3,0,Weekday,0,STORE_001,Small,Urban,Eggs,Perishable,9,5,4,49.0,0.0,245.01,Medium,10
02-01-2025,2,1,3,0,Weekday,0,STORE_002,Medium,Semi-Urban,Milk,Perishable,11,11,0,31.78,0.0,349.59,High,17
02-01-2025,2,1,3,0,Weekday,0,STORE_002,Medium,Semi-Urban,Curd,Perishable,18,12,6,50.99,0.0,611.89,Medium,18
02-01-2025,2,1,3,0,Weekday,0,STORE_002,Medium,Semi-Urban,Paneer,Perishable,12,9,3,187.08,0.12,1481.5,Medium,14
02-01-2025,2,1,3,0,Weekday,0,STORE_002,Medium,Semi-Urban,Rice,Non-Perishable,66,52,14,53.39,0.0,2776.46,Medium,62
02-01-2025,2,1,3,0,Weekday,0,STORE_002,Medium,Semi-Urban,Toor Dal,Non-Perishable,97,74,23,138.86,0.0,10275.44,Medium,86
02-01-2025,2,1,3,0,Weekday,0,STORE_002,Medium,Semi-Urban,Wheat Flour,Non-Perishable,36,27,9,25.23,0.0,681.13,Medium,34
02-01-2025,2,1,3,0,Weekday,0,STORE_002,Medium,Semi-Urban,Cooking Oil,Non-Perishable,82,62,20,196.97,0.0,12212.38,Medium,73
02-01-2025,2,1,3,0,Weekday,0,STORE_002,Medium,Semi-Urban,Biscuits,Non-Perishable,60,50,10,5.3,0.0,265.19,Medium,60
02-01-2025,2,1,3,0,Weekday,0,STORE_002,Medium,Semi-Urban,Snacks,Non-Perishable,85,68,17,57.76,0.0,3927.95,Medium,79
02-01-2025,2,1,3,0,Weekday,0,STORE_002,Medium,Semi-Urban,Masala,Non-Perishable,146,86,60,43.64,0.0,3752.67,Medium,99
02-01-2025,2,1,3,0,Weekday,0,STORE_002,Medium,Semi-Urban,Sugar,Non-Perishable,63,63,0,49.27,0.0,3104.26,High,74
02-01-2025,2,1,3,0,Weekday,0,STORE_002,Medium,Semi-Urban,Salt,Non-Perishable,82,76,6,21.98,0.0,1670.6,High,88
02-01-2025,2,1,3,0,Weekday,0,STORE_002,Medium,Semi-Urban,Bread,Perishable,4,3,1,57.98,0.0,173.95,Medium,8
02-01-2025,2,1,3,0,Weekday,0,STORE_002,Medium,Semi-Urban,Eggs,Perishable,15,14,1,49.75,0.0,696.44,High,20
02-01-2025,2,1,3,0,Weekday,0,STORE_003,Supermarket,Rural,Milk,Perishable,21,19,2,27.39,0.0,520.46,High,25
02-01-2025,2,1,3,0,Weekday,0,STORE_003,Supermarket,Rural,Curd,Perishable,52,44,8,59.93,0.0,2637.04,Medium,53
02-01-2025,2,1,3,0,Weekday,0,STORE_003,Supermarket,Rural,Paneer,Perishable,24,14,10,246.78,0.0,3454.97,Medium,20
02-01-2025,2,1,3,0,Weekday,0,STORE_003,Supermarket,Rural,Rice,Non-Perishable,180,144,36,54.54,0.0,7854.09,Medium,163
02-01-2025,2,1,3,0,Weekday,0,STORE_003,Supermarket,Rural,Toor Dal,Non-Perishable,65,65,0,143.83,0.0,9349.12,High,76
02-01-2025,2,1,3,0,Weekday,0,STORE_003,Supermarket,Rural,Wheat Flour,Non-Perishable,64,34,30,39.08,0.0,1328.77,Medium,42
02-01-2025,2,1,3,0,Weekday,0,STORE_003,Supermarket,Rural,Cooking Oil,Non-Perishable,180,161,19,192.33,0.0,30965.56,Medium,182
02-01-2025,2,1,3,0,Weekday,0,STORE_003,Supermarket,Rural,Biscuits,Non-Perishable,124,91,33,26.56,0.0,2416.88,Medium,105
02-01-2025,2,1,3,0,Weekday,0,STORE_003,Supermarket,Rural,Snacks,Non-Perishable,140,65,75,49.56,0.0,3221.21,Low,76
02-01-2025,2,1,3,0,Weekday,0,STORE_003,Supermarket,Rural,Masala,Non-Perishable,104,76,28,50.24,0.0,3818.52,Medium,88
02-01-2025,2,1,3,0,Weekday,0,STORE_003,Supermarket,Rural,Sugar,Non-Perishable,72,45,27,53.35,0.0,2400.8,Medium,54
02-01-2025,2,1,3,0,Weekday,0,STORE_003,Supermarket,Rural,Salt,Non-Perishable,115,108,7,16.77,0.062,1698.76,High,123
02-01-2025,2,1,3,0,Weekday,0,STORE_003,Supermarket,Rural,Bread,Perishable,22,20,2,53.98,0.0,1079.65,High,27
02-01-2025,2,1,3,0,Weekday,0,STORE_003,Supermarket,Rural,Eggs,Perishable,24,15,9,35.54,0.0,533.06,Medium,21
03-01-2025,3,1,4,0,Weekday,0,STORE_001,Small,Urban,Milk,Perishable,5,2,3,26.8,0.0,53.59,Low,7
03-01-2025,3,1,4,0,Weekday,0,STORE_001,Small,Urban,Curd,Perishable,4,2,2,57.9,0.0,115.81,Medium,7
03-01-2025,3,1,4,0,Weekday,0,STORE_001,Small,Urban,Paneer,Perishable,4,2,2,206.41,0.082,378.88,Medium,7
03-01-2025,3,1,4,0,Weekday,0,STORE_001,Small,Urban,Rice,Non-Perishable,52,44,8,73.74,0.0,3244.72,Medium,53
03-01-2025,3,1,4,0,Weekday,0,STORE_001,Small,Urban,Toor Dal,Non-Perishable,39,35,4,121.58,0.078,3921.88,Medium,43
03-01-2025,3,1,4,0,Weekday,0,STORE_001,Small,Urban,Wheat Flour,Non-Perishable,23,13,10,44.73,0.0,581.49,Medium,19
03-01-2025,3,1,4,0,Weekday,0,STORE_001,Small,Urban,Cooking Oil,Non-Perishable,40,29,11,142.81,0.0,4141.42,Medium,36
03-01-2025,3,1,4,0,Weekday,0,STORE_001,Small,Urban,Biscuits,Non-Perishable,73,57,16,29.56,0.09,1533.61,Medium,67
03-01-2025,3,1,4,0,Weekday,0,STORE_001,Small,Urban,Snacks,Non-Perishable,37,29,8,75.76,0.0,2197.11,Medium,36
03-01-2025,3,1,4,0,Weekday,0,STORE_001,Small,Urban,Masala,Non-Perishable,34,16,18,65.89,0.0,1054.31,Low,22
03-01-2025,3,1,4,0,Weekday,0,STORE_001,Small,Urban,Sugar,Non-Perishable,29,23,6,43.09,0.0,991.01,Medium,30
03-01-2025,3,1,4,0,Weekday,0,STORE_001,Small,Urban,Salt,Non-Perishable,41,32,9,15.63,0.0,500.28,Medium,40
03-01-2025,3,1,4,0,Weekday,0,STORE_001,Small,Urban,Bread,Perishable,9,8,1,44.15,0.0,353.18,Medium,13
03-01-2025,3,1,4,0,Weekday,0,STORE_001,Small,Urban,Eggs,Perishable,7,4,3,32.49,0.0,129.94,Medium,9
03-01-2025,3,1,4,0,Weekday,0,STORE_002,Medium,Semi-Urban,Milk,Perishable,7,5,2,23.82,0.0,119.09,Medium,10
03-01-2025,3,1,4,0,Weekday,0,STORE_002,Medium,Semi-Urban,Curd,Perishable,18,12,6,53.3,0.0,639.65,Medium,18
03-01-2025,3,1,4,0,Weekday,0,STORE_002,Medium,Semi-Urban,Paneer,Perishable,19,15,4,212.39,0.0,3185.81,Medium,21
03-01-2025,3,1,4,0,Weekday,0,STORE_002,Medium,Semi-Urban,Rice,Non-Perishable,122,80,42,65.36,0.0,5228.45,Medium,93
03-01-2025,3,1,4,0,Weekday,0,STORE_002,Medium,Semi-Urban,Toor Dal,Non-Perishable,93,92,1,106.96,0.0,9840.65,High,106
03-01-2025,3,1,4,0,Weekday,0,STORE_002,Medium,Semi-Urban,Wheat Flour,Non-Perishable,73,54,19,28.03,0.0,1513.81,Medium,64
03-01-2025,3,1,4,0,Weekday,0,STORE_002,Medium,Semi-Urban,Cooking Oil,Non-Perishable,65,44,21,147.37,0.0,6484.13,Medium,53
03-01-2025,3,1,4,0,Weekday,0,STORE_002,Medium,Semi-Urban,Biscuits,Non-Perishable,113,98,15,24.93,0.073,2265.19,Medium,112
03-01-2025,3,1,4,0,Weekday,0,STORE_002,Medium,Semi-Urban,Snacks,Non-Perishable,119,112,7,40.74,0.0,4563.08,High,128
03-01-2025,3,1,4,0,Weekday,0,STORE_002,Medium,Semi-Urban,Masala,Non-Perishable,89,73,16,115.78,0.0,8452.13,Medium,85
03-01-2025,3,1,4,0,Weekday,0,STORE_002,Medium,Semi-Urban,Sugar,Non-Perishable,59,53,6,58.45,0.0,3097.85,Medium,63
03-01-2025,3,1,4,0,Weekday,0,STORE_002,Medium,Semi-Urban,Salt,Non-Perishable,110,70,40,22.36,0.0,1565.51,Medium,82
03-01-2025,3,1,4,0,Weekday,0,STORE_002,Medium,Semi-Urban,Bread,Perishable,10,8,2,41.97,0.084,307.72,Medium,13
03-01-2025,3,1,4,0,Weekday,0,STORE_002,Medium,Semi-Urban,Eggs,Perishable,11,7,4,40.75,0.0,285.24,Medium,12
03-01-2025,3,1,4,0,Weekday,0,STORE_003,Supermarket,Rural,Milk,Perishable,26,22,4,23.83,0.0,524.29,Medium,29
03-01-2025,3,1,4,0,Weekday,0,STORE_003,Supermarket,Rural,Curd,Perishable,17,9,8,51.61,0.0,464.51,Medium,14
03-01-2025,3,1,4,0,Weekday,0,STORE_003,Supermarket,Rural,Paneer,Perishable,20,13,7,215.15,0.0,2797.0,Medium,19
03-01-2025,3,1,4,0,Weekday,0,STORE_003,Supermarket,Rural,Rice,Non-Perishable,78,75,3,58.21,0.0,4365.42,High,87
03-01-2025,3,1,4,0,Weekday,0,STORE_003,Supermarket,Rural,Toor Dal,Non-Perishable,77,41,36,120.04,0.0,4921.56,Medium,50
03-01-2025,3,1,4,0,Weekday,0,STORE_003,Supermarket,Rural,Wheat Flour,Non-Perishable,161,105,56,32.47,0.0,3408.95,Medium,120
03-01-2025,3,1,4,0,Weekday,0,STORE_003,Supermarket,Rural,Cooking Oil,Non-Perishable,122,65,57,122.17,0.0,7940.9,Medium,76
03-01-2025,3,1,4,0,Weekday,0,STORE_003,Supermarket,Rural,Biscuits,Non-Perishable,142,101,41,25.0,0.0,2524.79,Medium,116
03-01-2025,3,1,4,0,Weekday,0,STORE_003,Supermarket,Rural,Snacks,Non-Perishable,140,84,56,69.81,0.0,5864.31,Medium,97
03-01-2025,3,1,4,0,Weekday,0,STORE_003,Supermarket,Rural,Masala,Non-Perishable,62,56,6,41.04,0.071,2135.56,High,66
03-01-2025,3,1,4,0,Weekday,0,STORE_003,Supermarket,Rural,Sugar,Non-Perishable,139,93,46,46.84,0.0,4355.78,Medium,107
03-01-2025,3,1,4,0,Weekday,0,STORE_003,Supermarket,Rural,Salt,Non-Perishable,121,103,18,19.09,0.0,1966.69,Medium,118
03-01-2025,3,1,4,0,Weekday,0,STORE_003,Supermarket,Rural,Bread,Perishable,34,21,13,44.62,0.0,937.08,Medium,28
03-01-2025,3,1,4,0,Weekday,0,STORE_003,Supermarket,Rural,Eggs,Perishable,13,11,2,40.83,0.0,449.16,Medium,17
04-01-2025,4,1,5,1,Weekend,0,STORE_001,Small,Urban,Milk,Perishable,5,4,1,25.54,0.141,87.71,Medium,9
04-01-2025,4,1,5,1,Weekend,0,STORE_001,Small,Urban,Curd,Perishable,2,2,0,53.03,0.0,106.06,High,7
04-01-2025,4,1,5,1,Weekend,0,STORE_001,Small,Urban,Paneer,Perishable,6,6,0,192.28,0.0,1153.66,High,11
04-01-2025,4,1,5,1,Weekend,0,STORE_001,Small,Urban,Rice,Non-Perishable,27,17,10,56.65,0.0,963.07,Medium,23
04-01-2025,4,1,5,1,Weekend,0,STORE_001,Small,Urban,Toor Dal,Non-Perishable,43,39,4,135.95,0.0,5302.14,High,47
04-01-2025,4,1,5,1,Weekend,0,STORE_001,Small,Urban,Wheat Flour,Non-Perishable,19,19,0,39.65,0.0,753.38,High,25
04-01-2025,4,1,5,1,Weekend,0,STORE_001,Small,Urban,Cooking Oil,Non-Perishable,18,17,1,146.74,0.0,2494.57,High,23
04-01-2025,4,1,5,1,Weekend,0,STORE_001,Small,Urban,Biscuits,Non-Perishable,38,34,4,22.21,0.0,755.14,Medium,42
04-01-2025,4,1,5,1,Weekend,0,STORE_001,Small,Urban,Snacks,Non-Perishable,35,35,0,41.66,0.142,1251.39,High,43
04-01-2025,4,1,5,1,Weekend,0,STORE_001,Small,Urban,Masala,Non-Perishable,60,60,0,83.35,0.0,5001.12,High,71
04-01-2025,4,1,5,1,Weekend,0,STORE_001,Small,Urban,Sugar,Non-Perishable,77,63,14,49.79,0.0,3136.68,Medium,74
04-01-2025,4,1,5,1,Weekend,0,STORE_001,Small,Urban,Salt,Non-Perishable,55,35,20,24.25,0.0,848.84,Medium,43
04-01-2025,4,1,5,1,Weekend,0,STORE_001,Small,Urban,Bread,Perishable,10,10,0,59.13,0.0,591.32,High,16
04-01-2025,4,1,5,1,Weekend,0,STORE_001,Small,Urban,Eggs,Perishable,3,1,2,46.58,0.11,41.47,Low,6
04-01-2025,4,1,5,1,Weekend,0,STORE_002,Medium,Semi-Urban,Milk,Perishable,21,21,0,22.85,0.0,479.84,High,28
04-01-2025,4,1,5,1,Weekend,0,STORE_002,Medium,Semi-Urban,Curd,Perishable,6,6,0,57.72,0.0,346.32,High,11
04-01-2025,4,1,5,1,Weekend,0,STORE_002,Medium,Semi-Urban,Paneer,Perishable,17,16,1,249.86,0.0,3997.69,High,22
04-01-2025,4,1,5,1,Weekend,0,STORE_002,Medium,Semi-Urban,Rice,Non-Perishable,96,77,19,84.95,0.0,6540.93,Medium,89
04-01-2025,4,1,5,1,Weekend,0,STORE_002,Medium,Semi-Urban,Toor Dal,Non-Perishable,55,47,8,117.73,0.0,5533.36,Medium,56
04-01-2025,4,1,5,1,Weekend,0,STORE_002,Medium,Semi-Urban,Wheat Flour,Non-Perishable,82,67,15,44.75,0.0,2998.55,Medium,78
04-01-2025,4,1,5,1,Weekend,0,STORE_002,Medium,Semi-Urban,Cooking Oil,Non-Perishable,70,70,0,195.58,0.0,13690.5,High,82
04-01-2025,4,1,5,1,Weekend,0,STORE_002,Medium,Semi-Urban,Biscuits,Non-Perishable,91,71,20,28.57,0.0,2028.35,Medium,83
04-01-2025,4,1,5,1,Weekend,0,STORE_002,Medium,Semi-Urban,Snacks,Non-Perishable,64,64,0,66.78,0.0,4273.6,High,75
04-01-2025,4,1,5,1,Weekend,0,STORE_002,Medium,Semi-Urban,Masala,Non-Perishable,87,87,0,119.59,0.0,10404.56,High,100
04-01-2025,4,1,5,1,Weekend,0,STORE_002,Medium,Semi-Urban,Sugar,Non-Perishable,94,70,24,44.48,0.0,3113.34,Medium,82
04-01-2025,4,1,5,1,Weekend,0,STORE_002,Medium,Semi-Urban,Salt,Non-Perishable,144,144,0,17.66,0.139,2189.38,High,163
04-01-2025,4,1,5,1,Weekend,0,STORE_002,Medium,Semi-Urban,Bread,Perishable,15,15,0,42.25,0.0,633.8,High,21
04-01-2025,4,1,5,1,Weekend,0,STORE_002,Medium,Semi-Urban,Eggs,Perishable,13,13,0,34.4,0.0,447.25,High,19
04-01-2025,4,1,5,1,Weekend,0,STORE_003,Supermarket,Rural,Milk,Perishable,23,23,0,26.52,0.0,609.99,High,30
04-01-2025,4,1,5,1,Weekend,0,STORE_003,Supermarket,Rural,Curd,Perishable,47,47,0,53.17,0.0,2498.94,High,56
04-01-2025,4,1,5,1,Weekend,0,STORE_003,Supermarket,Rural,Paneer,Perishable,54,48,6,232.69,0.0,11169.13,Medium,57
04-01-2025,4,1,5,1,Weekend,0,STORE_003,Supermarket,Rural,Rice,Non-Perishable,144,144,0,55.15,0.0,7942.29,High,163
04-01-2025,4,1,5,1,Weekend,0,STORE_003,Supermarket,Rural,Toor Dal,Non-Perishable,241,241,0,114.35,0.0,27558.81,High,270
04-01-2025,4,1,5,1,Weekend,0,STORE_003,Supermarket,Rural,Wheat Flour,Non-Perishable,106,103,3,35.8,0.0,3687.37,High,118
04-01-2025,4,1,5,1,Weekend,0,STORE_003,Supermarket,Rural,Cooking Oil,Non-Perishable,126,115,11,194.56,0.144,19158.91,High,131
04-01-2025,4,1,5,1,Weekend,0,STORE_003,Supermarket,Rural,Biscuits,Non-Perishable,137,111,26,6.68,0.0,741.9,Medium,127
04-01-2025,4,1,5,1,Weekend,0,STORE_003,Supermarket,Rural,Snacks,Non-Perishable,175,169,6,21.33,0.0,3604.33,High,190
04-01-2025,4,1,5,1,Weekend,0,STORE_003,Supermarket,Rural,Masala,Non-Perishable,134,120,14,61.89,0.0,7426.82,Medium,137
04-01-2025,4,1,5,1,Weekend,0,STORE_003,Supermarket,Rural,Sugar,Non-Perishable,146,146,0,41.65,0.0,6080.55,High,165
04-01-2025,4,1,5,1,Weekend,0,STORE_003,Supermarket,Rural,Salt,Non-Perishable,150,150,0,19.32,0.0,2898.5,High,170
04-01-2025,4,1,5,1,Weekend,0,STORE_003,Supermarket,Rural,Bread,Perishable,33,30,3,36.39,0.115,966.06,High,38
04-01-2025,4,1,5,1,Weekend,0,STORE_003,Supermarket,Rural,Eggs,Perishable,46,46,0,33.71,0.0,1550.68,High,55
05-01-2025,5,1,6,1,Weekend,0,STORE_001,Small,Urban,Milk,Perishable,11,11,0,22.42,0.0,246.65,High,17
05-01-2025,5,1,6,1,Weekend,0,STORE_001,Small,Urban,Curd,Perishable,5,4,1,42.5,0.0,170.01,Medium,9
05-01-2025,5,1,6,1,Weekend,0,STORE_001,Small,Urban,Paneer,Perishable,3,2,1,235.83,0.0,471.66,Medium,7
05-01-2025,5,1,6,1,Weekend,0,STORE_001,Small,Urban,Rice,Non-Perishable,37,35,2,69.2,0.0,2421.91,High,43
05-01-2025,5,1,6,1,Weekend,0,STORE_001,Small,Urban,Toor Dal,Non-Perishable,51,50,1,149.33,0.1,6720.82,High,60
05-01-2025,5,1,6,1,Weekend,0,STORE_001,Small,Urban,Wheat Flour,Non-Perishable,23,17,6,31.53,0.0,536.0,Medium,23
05-01-2025,5,1,6,1,Weekend,0,STORE_001,Small,Urban,Cooking Oil,Non-Perishable,42,30,12,165.4,0.0,4962.1,Medium,38
05-01-2025,5,1,6,1,Weekend,0,STORE_001,Small,Urban,Biscuits,Non-Perishable,30,29,1,20.91,0.0,606.41,High,36
05-01-2025,5,1,6,1,Weekend,0,STORE_001,Small,Urban,Snacks,Non-Perishable,42,34,8,62.85,0.0,2136.74,Medium,42
05-01-2025,5,1,6,1,Weekend,0,STORE_001,Small,Urban,Masala,Non-Perishable,43,39,4,83.81,0.0,3268.49,High,47
05-01-2025,5,1,6,1,Weekend,0,STORE_001,Small,Urban,Sugar,Non-Perishable,44,44,0,44.94,0.0,1977.45,High,53
05-01-2025,5,1,6,1,Weekend,0,STORE_001,Small,Urban,Salt,Non-Perishable,47,40,7,16.82,0.0,672.85,Medium,49
05-01-2025,5,1,6,1,Weekend,0,STORE_001,Small,Urban,Bread,Perishable,6,6,0,59.24,0.0,355.46,High,11
05-01-2025,5,1,6,1,Weekend,0,STORE_001,Small,Urban,Eggs,Perishable,12,9,3,35.15,0.0,316.38,Medium,14
05-01-2025,5,1,6,1,Weekend,0,STORE_002,Medium,Semi-Urban,Milk,Perishable,15,13,2,34.84,0.137,391.0,Medium,19
05-01-2025,5,1,6,1,Weekend,0,STORE_002,Medium,Semi-Urban,Curd,Perishable,11,11,0,57.47,0.0,632.15,High,17
05-01-2025,5,1,6,1,Weekend,0,STORE_002,Medium,Semi-Urban,Paneer,Perishable,14,14,0,189.21,0.0,2648.94,High,20
05-01-2025,5,1,6,1,Weekend,0,STORE_002,Medium,Semi-Urban,Rice,Non-Perishable,68,68,0,57.24,0.0,3892.26,High,79
05-01-2025,5,1,6,1,Weekend,0,STORE_002,Medium,Semi-Urban,Toor Dal,Non-Perishable,97,47,50,129.65,0.0,6093.43,Low,56
05-01-2025,5,1,6,1,Weekend,0,STORE_002,Medium,Semi-Urban,Wheat Flour,Non-Perishable,71,68,3,31.5,0.0,2142.26,High,79
05-01-2025,5,1,6,1,Weekend,0,STORE_002,Medium,Semi-Urban,Cooking Oil,Non-Perishable,68,58,10,186.31,0.0,10806.02,Medium,68
05-01-2025,5,1,6,1,Weekend,0,STORE_002,Medium,Semi-Urban,Biscuits,Non-Perishable,93,93,0,9.19,0.124,749.04,High,107
05-01-2025,5,1,6,1,Weekend,0,STORE_002,Medium,Semi-Urban,Snacks,Non-Perishable,50,50,0,32.35,0.077,1493.01,High,60
05-01-2025,5,1,6,1,Weekend,0,STORE_002,Medium,Semi-Urban,Masala,Non-Perishable,100,100,0,49.77,0.0,4976.88,High,115
05-01-2025,5,1,6,1,Weekend,0,STORE_002,Medium,Semi-Urban,Sugar,Non-Perishable,72,57,15,50.31,0.0,2867.78,Medium,67
05-01-2025,5,1,6,1,Weekend,0,STORE_002,Medium,Semi-Urban,Salt,Non-Perishable,125,89,36,22.05,0.0,1962.17,Medium,102
05-01-2025,5,1,6,1,Weekend,0,STORE_002,Medium,Semi-Urban,Bread,Perishable,29,29,0,35.31,0.0,1024.12,High,36
05-01-2025,5,1,6,1,Weekend,0,STORE_002,Medium,Semi-Urban,Eggs,Perishable,8,8,0,42.36,0.0,338.86,High,13
05-01-2025,5,1,6,1,Weekend,0,STORE_003,Supermarket,Rural,Milk,Perishable,19,19,0,30.57,0.0,580.74,High,25
05-01-2025,5,1,6,1,Weekend,0,STORE_003,Supermarket,Rural,Curd,Perishable,35,35,0,40.96,0.0,1433.75,High,43
05-01-2025,5,1,6,1,Weekend,0,STORE_003,Supermarket,Rural,Paneer,Perishable,43,43,0,208.29,0.0,8956.46,High,52
05-01-2025,5,1,6,1,Weekend,0,STORE_003,Supermarket,Rural,Rice,Non-Perishable,95,59,36,67.42,0.0,3977.98,Medium,69
05-01-2025,5,1,6,1,Weekend,0,STORE_003,Supermarket,Rural,Toor Dal,Non-Perishable,117,83,34,134.77,0.0,11186.19,Medium,96
05-01-2025,5,1,6,1,Weekend,0,STORE_003,Supermarket,Rural,Wheat Flour,Non-Perishable,189,189,0,26.46,0.0,5001.68,High,212
05-01-2025,5,1,6,1,Weekend,0,STORE_003,Supermarket,Rural,Cooking Oil,Non-Perishable,123,117,6,158.33,0.084,16966.72,High,133
05-01-2025,5,1,6,1,Weekend,0,STORE_003,Supermarket,Rural,Biscuits,Non-Perishable,225,225,0,20.2,0.0,4544.47,High,252
05-01-2025,5,1,6,1,Weekend,0,STORE_003,Supermarket,Rural,Snacks,Non-Perishable,93,93,0,23.62,0.0,2196.29,High,107
05-01-2025,5,1,6,1,Weekend,0,STORE_003,Supermarket,Rural,Masala,Non-Perishable,200,200,0,62.79,0.0,12557.97,High,225
05-01-2025,5,1,6,1,Weekend,0,STORE_003,Supermarket,Rural,Sugar,Non-Perishable,139,139,0,48.27,0.068,6252.64,High,157
05-01-2025,5,1,6,1,Weekend,0,STORE_003,Supermarket,Rural,Salt,Non-Perishable,148,147,1,16.07,0.0,2362.11,High,166
05-01-2025,5,1,6,1,Weekend,0,STORE_003,Supermarket,Rural,Bread,Perishable,41,41,0,48.99,0.0,2008.78,High,50
05-01-2025,5,1,6,1,Weekend,0,STORE_003,Supermarket,Rural,Eggs,Perishable,34,31,3,34.24,0.0,1061.47,High,39
06-01-2025,6,1,0,0,Weekday,0,STORE_001,Small,Urban,Milk,Perishable,8,4,4,25.57,0.0,102.29,Medium,9
06-01-2025,6,1,0,0,Weekday,0,STORE_001,Small,Urban,Curd,Perishable,6,6,0,49.04,0.0,294.21,High,11
06-01-2025,6,1,0,0,Weekday,0,STORE_001,Small,Urban,Paneer,Perishable,5,3,2,224.94,0.0,674.81,Medium,8
06-01-2025,6,1,0,0,Weekday,0,STORE_001,Small,Urban,Rice,Non-Perishable,31,28,3,69.87,0.0,1956.38,High,35
06-01-2025,6,1,0,0,Weekday,0,STORE_001,Small,Urban,Toor Dal,Non-Perishable,52,33,19,149.56,0.06,4637.41,Medium,41
06-01-2025,6,1,0,0,Weekday,0,STORE_001,Small,Urban,Wheat Flour,Non-Perishable,26,16,10,26.71,0.0,427.41,Medium,22
06-01-2025,6,1,0,0,Weekday,0,STORE_001,Small,Urban,Cooking Oil,Non-Perishable,32,28,4,125.41,0.0,3511.45,Medium,35
06-01-2025,6,1,0,0,Weekday,0,STORE_001,Small,Urban,Biscuits,Non-Perishable,38,38,0,18.32,0.0,696.31,High,46
06-01-2025,6,1,0,0,Weekday,0,STORE_001,Small,Urban,Snacks,Non-Perishable,45,45,0,47.91,0.106,1927.02,High,54
06-01-2025,6,1,0,0,Weekday,0,STORE_001,Small,Urban,Masala,Non-Perishable,45,34,11,82.87,0.095,2549.69,Medium,42
06-01-2025,6,1,0,0,Weekday,0,STORE_001,Small,Urban,Sugar,Non-Perishable,52,32,20,59.85,0.0,1915.19,Medium,40
06-01-2025,6,1,0,0,Weekday,0,STORE_001,Small,Urban,Salt,Non-Perishable,33,24,9,15.89,0.0,381.39,Medium,31
06-01-2025,6,1,0,0,Weekday,0,STORE_001,Small,Urban,Bread,Perishable,6,3,3,32.63,0.0,97.89,Medium,8
06-01-2025,6,1,0,0,Weekday,0,STORE_001,Small,Urban,Eggs,Perishable,10,8,2,42.01,0.0,336.1,Medium,13
06-01-2025,6,1,0,0,Weekday,0,STORE_002,Medium,Semi-Urban,Milk,Perishable,19,18,1,23.51,0.0,423.23,High,24
06-01-2025,6,1,0,0,Weekday,0,STORE_002,Medium,Semi-Urban,Curd,Perishable,8,4,4,55.8,0.0,223.2,Medium,9
06-01-2025,6,1,0,0,Weekday,0,STORE_002,Medium,Semi-Urban,Paneer,Perishable,14,14,0,224.87,0.0,3148.15,High,20
06-01-2025,6,1,0,0,Weekday,0,STORE_002,Medium,Semi-Urban,Rice,Non-Perishable,58,40,18,74.25,0.0,2970.0,Medium,49
06-01-2025,6,1,0,0,Weekday,0,STORE_002,Medium,Semi-Urban,Toor Dal,Non-Perishable,112,71,41,101.29,0.146,6139.41,Medium,83
06-01-2025,6,1,0,0,Weekday,0,STORE_002,Medium,Semi-Urban,Wheat Flour,Non-Perishable,57,47,10,35.12,0.0,1650.77,Medium,56
06-01-2025,6,1,0,0,Weekday,0,STORE_002,Medium,Semi-Urban,Cooking Oil,Non-Perishable,56,56,0,124.91,0.0,6994.85,High,66
06-01-2025,6,1,0,0,Weekday,0,STORE_002,Medium,Semi-Urban,Biscuits,Non-Perishable,47,27,20,22.38,0.0,604.15,Medium,34
06-01-2025,6,1,0,0,Weekday,0,STORE_002,Medium,Semi-Urban,Snacks,Non-Perishable,144,112,32,23.74,0.0,2658.6,Medium,128
06-01-2025,6,1,0,0,Weekday,0,STORE_002,Medium,Semi-Urban,Masala,Non-Perishable,58,41,17,89.91,0.0,3686.38,Medium,50
06-01-2025,6,1,0,0,Weekday,0,STORE_002,Medium,Semi-Urban,Sugar,Non-Perishable,117,68,49,48.28,0.0,3283.22,Medium,79
06-01-2025,6,1,0,0,Weekday,0,STORE_002,Medium,Semi-Urban,Salt,Non-Perishable,77,51,26,19.81,0.076,933.71,Medium,61
06-01-2025,6,1,0,0,Weekday,0,STORE_002,Medium,Semi-Urban,Bread,Perishable,9,5,4,43.63,0.0,218.16,Medium,10
06-01-2025,6,1,0,0,Weekday,0,STORE_002,Medium,Semi-Urban,Eggs,Perishable,12,9,3,44.75,0.0,402.72,Medium,14
06-01-2025,6,1,0,0,Weekday,0,STORE_003,Supermarket,Rural,Milk,Perishable,31,22,9,32.23,0.0,709.05,Medium,29
06-01-2025,6,1,0,0,Weekday,0,STORE_003,Supermarket,Rural,Curd,Perishable,31,26,5,40.77,0.0,1059.98,Medium,33
06-01-2025,6,1,0,0,Weekday,0,STORE_003,Supermarket,Rural,Paneer,Perishable,22,19,3,184.67,0.0,3508.65,Medium,25
06-01-2025,6,1,0,0,Weekday,0,STORE_003,Supermarket,Rural,Rice,Non-Perishable,61,29,32,51.67,0.122,1316.09,Low,36
06-01-2025,6,1,0,0,Weekday,0,STORE_003,Supermarket,Rural,Toor Dal,Non-Perishable,80,43,37,138.73,0.0,5965.51,Medium,52
06-01-2025,6,1,0,0,Weekday,0,STORE_003,Supermarket,Rural,Wheat Flour,Non-Perishable,56,56,0,40.29,0.0,2256.1,High,66
06-01-2025,6,1,0,0,Weekday,0,STORE_003,Supermarket,Rural,Cooking Oil,Non-Perishable,100,77,23,150.56,0.0,11592.75,Medium,89
06-01-2025,6,1,0,0,Weekday,0,STORE_003,Supermarket,Rural,Biscuits,Non-Perishable,167,167,0,18.26,0.147,2601.27,High,188
06-01-2025,6,1,0,0,Weekday,0,STORE_003,Supermarket,Rural,Snacks,Non-Perishable,84,84,0,68.71,0.0,5771.32,High,97
06-01-2025,6,1,0,0,Weekday,0,STORE_003,Supermarket,Rural,Masala,Non-Perishable,151,130,21,69.77,0.0,9070.54,Medium,148
06-01-2025,6,1,0,0,Weekday,0,STORE_003,Supermarket,Rural,Sugar,Non-Perishable,142,121,21,57.74,0.0,6986.36,Medium,138
06-01-2025,6,1,0,0,Weekday,0,STORE_003,Supermarket,Rural,Salt,Non-Perishable,183,183,0,24.19,0.0,4426.64,High,206
06-01-2025,6,1,0,0,Weekday,0,STORE_003,Supermarket,Rural,Bread,Perishable,60,40,20,35.32,0.0,1412.91,Medium,49
06-01-2025,6,1,0,0,Weekday,0,STORE_003,Supermarket,Rural,Eggs,Perishable,26,21,5,32.63,0.0,685.33,Medium,28
07-01-2025,7,1,1,0,Weekday,0,STORE_001,Small,Urban,Milk,Perishable,6,5,1,29.67,0.0,148.37,Medium,10
07-01-2025,7,1,1,0,Weekday,0,STORE_001,Small,Urban,Curd,Perishable,5,3,2,52.73,0.0,158.18,Medium,8
07-01-2025,7,1,1,0,Weekday,0,STORE_001,Small,Urban,Paneer,Perishable,7,4,3,186.94,0.0,747.77,Medium,9
07-01-2025,7,1,1,0,Weekday,0,STORE_001,Small,Urban,Rice,Non-Perishable,42,26,16,74.64,0.0,1940.62,Medium,33
07-01-2025,7,1,1,0,Weekday,0,STORE_001,Small,Urban,Toor Dal,Non-Perishable,54,34,20,115.28,0.0,3919.53,Medium,42
07-01-2025,7,1,1,0,Weekday,0,STORE_001,Small,Urban,Wheat Flour,Non-Perishable,35,34,1,42.72,0.0,1452.61,High,42
07-01-2025,7,1,1,0,Weekday,0,STORE_001,Small,Urban,Cooking Oil,Non-Perishable,33,24,9,167.06,0.0,4009.35,Medium,31
07-01-2025,7,1,1,0,Weekday,0,STORE_001,Small,Urban,Biscuits,Non-Perishable,57,39,18,19.02,0.0,741.64,Medium,47
07-01-2025,7,1,1,0,Weekday,0,STORE_001,Small,Urban,Snacks,Non-Perishable,59,59,0,23.51,0.0,1387.27,High,69
07-01-2025,7,1,1,0,Weekday,0,STORE_001,Small,Urban,Masala,Non-Perishable,28,23,5,75.22,0.083,1586.69,Medium,30
07-01-2025,7,1,1,0,Weekday,0,STORE_001,Small,Urban,Sugar,Non-Perishable,41,39,2,58.66,0.0,2287.83,High,47
07-01-2025,7,1,1,0,Weekday,0,STORE_001,Small,Urban,Salt,Non-Perishable,38,28,10,19.1,0.0,534.77,Medium,35
07-01-2025,7,1,1,0,Weekday,0,STORE_001,Small,Urban,Bread,Perishable,6,3,3,30.79,0.133,80.06,Medium,8
07-01-2025,7,1,1,0,Weekday,0,STORE_001,Small,Urban,Eggs,Perishable,14,9,5,35.19,0.0,316.67,Medium,14
07-01-2025,7,1,1,0,Weekday,0,STORE_002,Medium,Semi-Urban,Milk,Perishable,14,14,0,23.74,0.123,291.49,High,20
07-01-2025,7,1,1,0,Weekday,0,STORE_002,Medium,Semi-Urban,Curd,Perishable,13,10,3,43.18,0.0,431.78,Medium,16
07-01-2025,7,1,1,0,Weekday,0,STORE_002,Medium,Semi-Urban,Paneer,Perishable,9,7,2,197.29,0.0,1381.02,Medium,12
07-01-2025,7,1,1,0,Weekday,0,STORE_002,Medium,Semi-Urban,Rice,Non-Perishable,33,30,3,81.07,0.099,2191.87,High,38
07-01-2025,7,1,1,0,Weekday,0,STORE_002,Medium,Semi-Urban,Toor Dal,Non-Perishable,51,39,12,117.37,0.0,4577.32,Medium,47
07-01-2025,7,1,1,0,Weekday,0,STORE_002,Medium,Semi-Urban,Wheat Flour,Non-Perishable,74,74,0,43.74,0.092,2939.13,High,86
07-01-2025,7,1,1,0,Weekday,0,STORE_002,Medium,Semi-Urban,Cooking Oil,Non-Perishable,126,73,53,165.23,0.0,12061.53,Medium,85
07-01-2025,7,1,1,0,Weekday,0,STORE_002,Medium,Semi-Urban,Biscuits,Non-Perishable,78,52,26,8.78,0.0,456.62,Medium,62
07-01-2025,7,1,1,0,Weekday,0,STORE_002,Medium,Semi-Urban,Snacks,Non-Perishable,61,46,15,63.37,0.121,2562.89,Medium,55
07-01-2025,7,1,1,0,Weekday,0,STORE_002,Medium,Semi-Urban,Masala,Non-Perishable,121,116,5,53.26,0.0,6178.39,High,132
07-01-2025,7,1,1,0,Weekday,0,STORE_002,Medium,Semi-Urban,Sugar,Non-Perishable,102,53,49,41.25,0.0,2186.01,Medium,63
07-01-2025,7,1,1,0,Weekday,0,STORE_002,Medium,Semi-Urban,Salt,Non-Perishable,50,33,17,17.01,0.0,561.45,Medium,41
07-01-2025,7,1,1,0,Weekday,0,STORE_002,Medium,Semi-Urban,Bread,Perishable,11,10,1,56.39,0.0,563.87,High,16
07-01-2025,7,1,1,0,Weekday,0,STORE_002,Medium,Semi-Urban,Eggs,Perishable,22,17,5,30.54,0.096,469.19,Medium,23
07-01-2025,7,1,1,0,Weekday,0,STORE_003,Supermarket,Rural,Milk,Perishable,29,20,9,26.95,0.0,538.91,Medium,27
07-01-2025,7,1,1,0,Weekday,0,STORE_003,Supermarket,Rural,Curd,Perishable,42,31,11,55.86,0.0,1731.57,Medium,39
07-01-2025,7,1,1,0,Weekday,0,STORE_003,Supermarket,Rural,Paneer,Perishable,31,31,0,228.71,0.0,7090.1,High,39
07-01-2025,7,1,1,0,Weekday,0,STORE_003,Supermarket,Rural,Rice,Non-Perishable,129,103,26,89.34,0.07,8556.11,Medium,118
07-01-2025,7,1,1,0,Weekday,0,STORE_003,Supermarket,Rural,Toor Dal,Non-Perishable,196,151,45,104.17,0.0,15730.15,Medium,171
07-01-2025,7,1,1,0,Weekday,0,STORE_003,Supermarket,Rural,Wheat Flour,Non-Perishable,132,98,34,44.68,0.0,4378.86,Medium,112
07-01-2025,7,1,1,0,Weekday,0,STORE_003,Supermarket,Rural,Cooking Oil,Non-Perishable,230,138,92,164.78,0.0,22739.7,Medium,156
07-01-2025,7,1,1,0,Weekday,0,STORE_003,Supermarket,Rural,Biscuits,Non-Perishable,203,164,39,9.69,0.0,1588.39,Medium,185
07-01-2025,7,1,1,0,Weekday,0,STORE_003,Supermarket,Rural,Snacks,Non-Perishable,181,91,90,47.56,0.0,4327.59,Medium,105
07-01-2025,7,1,1,0,Weekday,0,STORE_003,Supermarket,Rural,Masala,Non-Perishable,74,43,31,96.96,0.0,4169.33,Medium,52
07-01-2025,7,1,1,0,Weekday,0,STORE_003,Supermarket,Rural,Sugar,Non-Perishable,156,83,73,53.02,0.0,4400.9,Medium,96
07-01-2025,7,1,1,0,Weekday,0,STORE_003,Supermarket,Rural,Salt,Non-Perishable,139,90,49,21.34,0.118,1694.82,Medium,104
07-01-2025,7,1,1,0,Weekday,0,STORE_003,Supermarket,Rural,Bread,Perishable,38,28,10,55.11,0.0,1543.11,Medium,35
07-01-2025,7,1,1,0,Weekday,0,STORE_003,Supermarket,Rural,Eggs,Perishable,47,47,0,34.25,0.08,1480.46,High,56
08-01-2025,8,1,2,0,Weekday,0,STORE_001,Small,Urban,Milk,Perishable,9,6,3,25.38,0.0,152.3,Medium,11
08-01-2025,8,1,2,0,Weekday,0,STORE_001,Small,Urban,Curd,Perishable,7,7,0,49.21,0.0,344.45,High,12
08-01-2025,8,1,2,0,Weekday,0,STORE_001,Small,Urban,Paneer,Perishable,8,4,4,231.79,0.0,927.17,Medium,9
08-01-2025,8,1,2,0,Weekday,0,STORE_001,Small,Urban,Rice,Non-Perishable,30,29,1,80.16,0.0,2324.6,High,36
08-01-2025,8,1,2,0,Weekday,0,STORE_001,Small,Urban,Toor Dal,Non-Perishable,31,19,12,143.64,0.12,2400.62,Medium,25
08-01-2025,8,1,2,0,Weekday,0,STORE_001,Small,Urban,Wheat Flour,Non-Perishable,38,30,8,34.38,0.0,1031.26,Medium,38
08-01-2025,8,1,2,0,Weekday,0,STORE_001,Small,Urban,Cooking Oil,Non-Perishable,36,36,0,134.83,0.074,4494.81,High,44
08-01-2025,8,1,2,0,Weekday,0,STORE_001,Small,Urban,Biscuits,Non-Perishable,30,25,5,26.39,0.0,659.81,Medium,32
08-01-2025,8,1,2,0,Weekday,0,STORE_001,Small,Urban,Snacks,Non-Perishable,39,30,9,72.74,0.0,2182.16,Medium,38
08-01-2025,8,1,2,0,Weekday,0,STORE_001,Small,Urban,Masala,Non-Perishable,53,50,3,101.91,0.0,5095.52,High,60
08-01-2025,8,1,2,0,Weekday,0,STORE_001,Small,Urban,Sugar,Non-Perishable,24,23,1,44.75,0.0,1029.22,High,30
08-01-2025,8,1,2,0,Weekday,0,STORE_001,Small,Urban,Salt,Non-Perishable,50,40,10,24.51,0.0,980.21,Medium,49
08-01-2025,8,1,2,0,Weekday,0,STORE_001,Small,Urban,Bread,Perishable,9,6,3,44.17,0.064,248.09,Medium,11
08-01-2025,8,1,2,0,Weekday,0,STORE_001,Small,Urban,Eggs,Perishable,4,2,2,33.92,0.0,67.84,Medium,7
08-01-2025,8,1,2,0,Weekday,0,STORE_002,Medium,Semi-Urban,Milk,Perishable,18,11,7,29.44,0.0,323.8,Medium,17
08-01-2025,8,1,2,0,Weekday,0,STORE_002,Medium,Semi-Urban,Curd,Perishable,21,15,6,52.34,0.085,718.76,Medium,21
08-01-2025,8,1,2,0,Weekday,0,STORE_002,Medium,Semi-Urban,Paneer,Perishable,26,19,7,209.53,0.0,3981.03,Medium,25
08-01-2025,8,1,2,0,Weekday,0,STORE_002,Medium,Semi-Urban,Rice,Non-Perishable,71,59,12,82.95,0.0,4894.15,Medium,69
08-01-2025,8,1,2,0,Weekday,0,STORE_002,Medium,Semi-Urban,Toor Dal,Non-Perishable,72,41,31,105.72,0.0,4334.7,Medium,50
08-01-2025,8,1,2,0,Weekday,0,STORE_002,Medium,Semi-Urban,Wheat Flour,Non-Perishable,92,64,28,40.02,0.058,2412.89,Medium,75
08-01-2025,8,1,2,0,Weekday,0,STORE_002,Medium,Semi-Urban,Cooking Oil,Non-Perishable,122,122,0,120.81,0.0,14738.88,High,139
08-01-2025,8,1,2,0,Weekday,0,STORE_002,Medium,Semi-Urban,Biscuits,Non-Perishable,51,32,19,8.01,0.0,256.45,Medium,40
08-01-2025,8,1,2,0,Weekday,0,STORE_002,Medium,Semi-Urban,Snacks,Non-Perishable,36,27,9,49.16,0.0,1327.32,Medium,34
08-01-2025,8,1,2,0,Weekday,0,STORE_002,Medium,Semi-Urban,Masala,Non-Perishable,122,75,47,98.33,0.0,7375.04,Medium,87
08-01-2025,8,1,2,0,Weekday,0,STORE_002,Medium,Semi-Urban,Sugar,Non-Perishable,127,127,0,55.78,0.0,7084.02,High,144
08-01-2025,8,1,2,0,Weekday,0,STORE_002,Medium,Semi-Urban,Salt,Non-Perishable,81,75,6,19.31,0.0,1448.24,High,87
08-01-2025,8,1,2,0,Weekday,0,STORE_002,Medium,Semi-Urban,Bread,Perishable,14,11,3,35.01,0.0,385.06,Medium,17
08-01-2025,8,1,2,0,Weekday,0,STORE_002,Medium,Semi-Urban,Eggs,Perishable,14,6,8,30.51,0.0,183.05,Low,11
08-01-2025,8,1,2,0,Weekday,0,STORE_003,Supermarket,Rural,Milk,Perishable,30,20,10,29.88,0.0,597.5,Medium,27
08-01-2025,8,1,2,0,Weekday,0,STORE_003,Supermarket,Rural,Curd,Perishable,15,13,2,42.81,0.0,556.54,Medium,19
08-01-2025,8,1,2,0,Weekday,0,STORE_003,Supermarket,Rural,Paneer,Perishable,18,13,5,207.16,0.0,2693.07,Medium,19
08-01-2025,8,1,2,0,Weekday,0,STORE_003,Supermarket,Rural,Rice,Non-Perishable,153,95,58,86.0,0.146,6980.78,Medium,109
08-01-2025,8,1,2,0,Weekday,0,STORE_003,Supermarket,Rural,Toor Dal,Non-Perishable,162,109,53,127.07,0.0,13850.67,Medium,124
08-01-2025,8,1,2,0,Weekday,0,STORE_003,Supermarket,Rural,Wheat Flour,Non-Perishable,90,45,45,33.81,0.0,1521.4,Medium,54
08-01-2025,8,1,2,0,Weekday,0,STORE_003,Supermarket,Rural,Cooking Oil,Non-Perishable,123,80,43,164.62,0.0,13169.34,Medium,93
08-01-2025,8,1,2,0,Weekday,0,STORE_003,Supermarket,Rural,Biscuits,Non-Perishable,280,280,0,17.22,0.0,4822.28,High,313
08-01-2025,8,1,2,0,Weekday,0,STORE_003,Supermarket,Rural,Snacks,Non-Perishable,128,128,0,43.71,0.098,5048.87,High,145
08-01-2025,8,1,2,0,Weekday,0,STORE_003,Supermarket,Rural,Masala,Non-Perishable,154,140,14,97.77,0.0,13688.0,High,159
08-01-2025,8,1,2,0,Weekday,0,STORE_003,Supermarket,Rural,Sugar,Non-Perishable,94,84,10,57.54,0.0,4833.51,Medium,97
08-01-2025,8,1,2,0,Weekday,0,STORE_003,Supermarket,Rural,Salt,Non-Perishable,112,68,44,23.64,0.0,1607.21,Medium,79
08-01-2025,8,1,2,0,Weekday,0,STORE_003,Supermarket,Rural,Bread,Perishable,57,51,6,44.77,0.0,2283.26,Medium,61
08-01-2025,8,1,2,0,Weekday,0,STORE_003,Supermarket,Rural,Eggs,Perishable,29,17,12,45.29,0.0,769.94,Medium,23
09-01-2025,9,1,3,0,Weekday,0,STORE_001,Small,Urban,Milk,Perishable,7,6,1,33.61,0.138,173.76,Medium,11
09-01-2025,9,1,3,0,Weekday,0,STORE_001,Small,Urban,Curd,Perishable,11,8,3,40.38,0.0,323.06,Medium,13
09-01-2025,9,1,3,0,Weekday,0,STORE_001,Small,Urban,Paneer,Perishable,8,4,4,236.31,0.0,945.24,Medium,9
09-01-2025,9,1,3,0,Weekday,0,STORE_001,Small,Urban,Rice,Non-Perishable,22,20,2,77.07,0.0,1541.46,High,27
09-01-2025,9,1,3,0,Weekday,0,STORE_001,Small,Urban,Toor Dal,Non-Perishable,55,54,1,137.67,0.0,7434.26,High,64
09-01-2025,9,1,3,0,Weekday,0,STORE_001,Small,Urban,Wheat Flour,Non-Perishable,23,16,7,26.77,0.0,428.35,Medium,22
09-01-2025,9,1,3,0,Weekday,0,STORE_001,Small,Urban,Cooking Oil,Non-Perishable,32,22,10,184.66,0.0,4062.49,Medium,29
09-01-2025,9,1,3,0,Weekday,0,STORE_001,Small,Urban,Biscuits,Non-Perishable,59,35,24,6.92,0.0,242.25,Medium,43
09-01-2025,9,1,3,0,Weekday,0,STORE_001,Small,Urban,Snacks,Non-Perishable,67,44,23,33.94,0.0,1493.49,Medium,53
09-01-2025,9,1,3,0,Weekday,0,STORE_001,Small,Urban,Masala,Non-Perishable,33,23,10,65.72,0.0,1511.55,Medium,30
09-01-2025,9,1,3,0,Weekday,0,STORE_001,Small,Urban,Sugar,Non-Perishable,39,37,2,42.46,0.0,1570.96,High,45
09-01-2025,9,1,3,0,Weekday,0,STORE_001,Small,Urban,Salt,Non-Perishable,36,33,3,15.72,0.0,518.69,High,41
09-01-2025,9,1,3,0,Weekday,0,STORE_001,Small,Urban,Bread,Perishable,6,6,0,34.29,0.0,205.72,High,11
09-01-2025,9,1,3,0,Weekday,0,STORE_001,Small,Urban,Eggs,Perishable,3,2,1,42.59,0.125,74.55,Medium,7
09-01-2025,9,1,3,0,Weekday,0,STORE_002,Medium,Semi-Urban,Milk,Perishable,15,9,6,22.05,0.0,198.45,Medium,14
09-01-2025,9,1,3,0,Weekday,0,STORE_002,Medium,Semi-Urban,Curd,Perishable,16,16,0,45.41,0.0,726.53,High,22
09-01-2025,9,1,3,0,Weekday,0,STORE_002,Medium,Semi-Urban,Paneer,Perishable,13,10,3,247.49,0.119,2181.08,Medium,16
09-01-2025,9,1,3,0,Weekday,0,STORE_002,Medium,Semi-Urban,Rice,Non-Perishable,109,86,23,50.17,0.0,4315.01,Medium,99
09-01-2025,9,1,3,0,Weekday,0,STORE_002,Medium,Semi-Urban,Toor Dal,Non-Perishable,44,44,0,139.09,0.0,6120.01,High,53
09-01-2025,9,1,3,0,Weekday,0,STORE_002,Medium,Semi-Urban,Wheat Flour,Non-Perishable,55,47,8,33.65,0.0,1581.77,Medium,56
09-01-2025,9,1,3,0,Weekday,0,STORE_002,Medium,Semi-Urban,Cooking Oil,Non-Perishable,100,64,36,136.96,0.0,8765.41,Medium,75
09-01-2025,9,1,3,0,Weekday,0,STORE_002,Medium,Semi-Urban,Biscuits,Non-Perishable,60,59,1,20.19,0.0,1191.43,High,69
09-01-2025,9,1,3,0,Weekday,0,STORE_002,Medium,Semi-Urban,Snacks,Non-Perishable,95,55,40,62.79,0.0,3453.58,Medium,65
09-01-2025,9,1,3,0,Weekday,0,STORE_002,Medium,Semi-Urban,Masala,Non-Perishable,79,36,43,48.92,0.0,1761.16,Low,44
09-01-2025,9,1,3,0,Weekday,0,STORE_002,Medium,Semi-Urban,Sugar,Non-Perishable,76,49,27,42.49,0.0,2081.88,Medium,58
09-01-2025,9,1,3,0,Weekday,0,STORE_002,Medium,Semi-Urban,Salt,Non-Perishable,118,114,4,15.1,0.0,1721.31,High,130
09-01-2025,9,1,3,0,Weekday,0,STORE_002,Medium,Semi-Urban,Bread,Perishable,5,3,2,45.64,0.0,136.92,Medium,8
09-01-2025,9,1,3,0,Weekday,0,STORE_002,Medium,Semi-Urban,Eggs,Perishable,6,3,3,32.4,0.0,97.21,Medium,8
09-01-2025,9,1,3,0,Weekday,0,STORE_003,Supermarket,Rural,Milk,Perishable,48,44,4,22.02,0.0,968.77,High,53
09-01-2025,9,1,3,0,Weekday,0,STORE_003,Supermarket,Rural,Curd,Perishable,35,24,11,57.97,0.0,1391.31,Medium,31
09-01-2025,9,1,3,0,Weekday,0,STORE_003,Supermarket,Rural,Paneer,Perishable,34,20,14,197.26,0.0,3945.25,Medium,27
09-01-2025,9,1,3,0,Weekday,0,STORE_003,Supermarket,Rural,Rice,Non-Perishable,230,208,22,87.71,0.0,18243.47,High,233
09-01-2025,9,1,3,0,Weekday,0,STORE_003,Supermarket,Rural,Toor Dal,Non-Perishable,202,118,84,109.79,0.112,11501.28,Medium,134
09-01-2025,9,1,3,0,Weekday,0,STORE_003,Supermarket,Rural,Wheat Flour,Non-Perishable,147,102,45,37.72,0.0,3847.35,Medium,117
09-01-2025,9,1,3,0,Weekday,0,STORE_003,Supermarket,Rural,Cooking Oil,Non-Perishable,64,41,23,191.21,0.0,7839.66,Medium,50
09-01-2025,9,1,3,0,Weekday,0,STORE_003,Supermarket,Rural,Biscuits,Non-Perishable,127,90,37,16.19,0.146,1244.81,Medium,104
09-01-2025,9,1,3,0,Weekday,0,STORE_003,Supermarket,Rural,Snacks,Non-Perishable,149,94,55,68.42,0.0,6431.29,Medium,108
09-01-2025,9,1,3,0,Weekday,0,STORE_003,Supermarket,Rural,Masala,Non-Perishable,101,101,0,75.64,0.0,7639.98,High,116
09-01-2025,9,1,3,0,Weekday,0,STORE_003,Supermarket,Rural,Sugar,Non-Perishable,289,259,30,59.21,0.0,15336.05,Medium,289
09-01-2025,9,1,3,0,Weekday,0,STORE_003,Supermarket,Rural,Salt,Non-Perishable,149,95,54,20.7,0.0,1966.06,Medium,109
09-01-2025,9,1,3,0,Weekday,0,STORE_003,Supermarket,Rural,Bread,Perishable,60,47,13,53.78,0.0,2527.56,Medium,56
09-01-2025,9,1,3,0,Weekday,0,STORE_003,Supermarket,Rural,Eggs,Perishable,34,28,6,45.15,0.0,1264.09,Medium,35
10-01-2025,10,1,4,0,Weekday,0,STORE_001,Small,Urban,Milk,Perishable,4,2,2,29.35,0.0,58.69,Medium,7
10-01-2025,10,1,4,0,Weekday,0,STORE_001,Small,Urban,Curd,Perishable,6,6,0,58.52,0.0,351.14,High,11
10-01-2025,10,1,4,0,Weekday,0,STORE_001,Small,Urban,Paneer,Perishable,5,3,2,210.01,0.098,568.23,Medium,8
10-01-2025,10,1,4,0,Weekday,0,STORE_001,Small,Urban,Rice,Non-Perishable,28,24,4,86.78,0.0,2082.75,Medium,31
10-01-2025,10,1,4,0,Weekday,0,STORE_001,Small,Urban,Toor Dal,Non-Perishable,42,26,16,147.55,0.0,3836.21,Medium,33
10-01-2025,10,1,4,0,Weekday,0,STORE_001,Small,Urban,Wheat Flour,Non-Perishable,25,23,2,32.17,0.0,739.95,High,30
10-01-2025,10,1,4,0,Weekday,0,STORE_001,Small,Urban,Cooking Oil,Non-Perishable,47,37,10,123.11,0.068,4247.65,Medium,45
10-01-2025,10,1,4,0,Weekday,0,STORE_001,Small,Urban,Biscuits,Non-Perishable,49,38,11,15.92,0.0,604.78,Medium,46
10-01-2025,10,1,4,0,Weekday,0,STORE_001,Small,Urban,Snacks,Non-Perishable,50,37,13,73.55,0.0,2721.48,Medium,45
10-01-2025,10,1,4,0,Weekday,0,STORE_001,Small,Urban,Masala,Non-Perishable,43,28,15,87.29,0.0,2444.13,Medium,35
10-01-2025,10,1,4,0,Weekday,0,STORE_001,Small,Urban,Sugar,Non-Perishable,39,37,2,56.22,0.0,2080.05,High,45
10-01-2025,10,1,4,0,Weekday,0,STORE_001,Small,Urban,Salt,Non-Perishable,36,29,7,16.52,0.0,478.96,Medium,36
10-01-2025,10,1,4,0,Weekday,0,STORE_001,Small,Urban,Bread,Perishable,5,5,0,59.19,0.0,295.96,High,10
10-01-2025,10,1,4,0,Weekday,0,STORE_001,Small,Urban,Eggs,Perishable,6,4,2,44.59,0.0,178.35,Medium,9
10-01-2025,10,1,4,0,Weekday,0,STORE_002,Medium,Semi-Urban,Milk,Perishable,13,11,2,26.23,0.0,288.52,Medium,17
10-01-2025,10,1,4,0,Weekday,0,STORE_002,Medium,Semi-Urban,Curd,Perishable,17,12,5,56.13,0.0,673.61,Medium,18
10-01-2025,10,1,4,0,Weekday,0,STORE_002,Medium,Semi-Urban,Paneer,Perishable,21,20,1,229.65,0.0,4593.05,High,27
10-01-2025,10,1,4,0,Weekday,0,STORE_002,Medium,Semi-Urban,Rice,Non-Perishable,76,66,10,60.61,0.0,4000.46,Medium,77
10-01-2025,10,1,4,0,Weekday,0,STORE_002,Medium,Semi-Urban,Toor Dal,Non-Perishable,121,88,33,118.46,0.0,10424.84,Medium,101
10-01-2025,10,1,4,0,Weekday,0,STORE_002,Medium,Semi-Urban,Wheat Flour,Non-Perishable,123,78,45,43.42,0.0,3386.75,Medium,90
10-01-2025,10,1,4,0,Weekday,0,STORE_002,Medium,Semi-Urban,Cooking Oil,Non-Perishable,123,113,10,146.85,0.0,16593.92,High,129
10-01-2025,10,1,4,0,Weekday,0,STORE_002,Medium,Semi-Urban,Biscuits,Non-Perishable,57,44,13,28.68,0.0,1261.8,Medium,53
10-01-2025,10,1,4,0,Weekday,0,STORE_002,Medium,Semi-Urban,Snacks,Non-Perishable,112,92,20,70.34,0.12,5692.32,Medium,106
10-01-2025,10,1,4,0,Weekday,0,STORE_002,Medium,Semi-Urban,Masala,Non-Perishable,82,70,12,105.37,0.0,7375.92,Medium,82
10-01-2025,10,1,4,0,Weekday,0,STORE_002,Medium,Semi-Urban,Sugar,Non-Perishable,56,53,3,56.0,0.0,2968.0,High,63
10-01-2025,10,1,4,0,Weekday,0,STORE_002,Medium,Semi-Urban,Salt,Non-Perishable,123,119,4,18.1,0.0,2153.65,High,135
10-01-2025,10,1,4,0,Weekday,0,STORE_002,Medium,Semi-Urban,Bread,Perishable,10,4,6,54.98,0.0,219.94,Low,9
10-01-2025,10,1,4,0,Weekday,0,STORE_002,Medium,Semi-Urban,Eggs,Perishable,15,15,0,35.75,0.0,536.29,High,21
10-01-2025,10,1,4,0,Weekday,0,STORE_003,Supermarket,Rural,Milk,Perishable,31,27,4,32.19,0.0,869.1,Medium,34
10-01-2025,10,1,4,0,Weekday,0,STORE_003,Supermarket,Rural,Curd,Perishable,38,29,9,47.48,0.0,1376.87,Medium,36
10-01-2025,10,1,4,0,Weekday,0,STORE_003,Supermarket,Rural,Paneer,Perishable,20,15,5,187.1,0.0,2806.44,Medium,21
10-01-2025,10,1,4,0,Weekday,0,STORE_003,Supermarket,Rural,Rice,Non-Perishable,163,136,27,70.75,0.0,9621.73,Medium,154
10-01-2025,10,1,4,0,Weekday,0,STORE_003,Supermarket,Rural,Toor Dal,Non-Perishable,92,81,11,117.33,0.0,9503.42,Medium,94
10-01-2025,10,1,4,0,Weekday,0,STORE_003,Supermarket,Rural,Wheat Flour,Non-Perishable,235,135,100,30.75,0.0,4151.15,Medium,153
10-01-2025,10,1,4,0,Weekday,0,STORE_003,Supermarket,Rural,Cooking Oil,Non-Perishable,77,69,8,169.89,0.0,11722.54,Medium,80
10-01-2025,10,1,4,0,Weekday,0,STORE_003,Supermarket,Rural,Biscuits,Non-Perishable,145,116,29,21.9,0.0,2540.48,Medium,132
10-01-2025,10,1,4,0,Weekday,0,STORE_003,Supermarket,Rural,Snacks,Non-Perishable,250,236,14,26.35,0.0,6219.63,High,264
10-01-2025,10,1,4,0,Weekday,0,STORE_003,Supermarket,Rural,Masala,Non-Perishable,166,77,89,87.01,0.0,6699.53,Low,89
10-01-2025,10,1,4,0,Weekday,0,STORE_003,Supermarket,Rural,Sugar,Non-Perishable,159,143,16,59.15,0.0,8458.68,Medium,162
10-01-2025,10,1,4,0,Weekday,0,STORE_003,Supermarket,Rural,Salt,Non-Perishable,103,71,32,16.02,0.093,1031.16,Medium,83
10-01-2025,10,1,4,0,Weekday,0,STORE_003,Supermarket,Rural,Bread,Perishable,36,23,13,51.7,0.109,1059.62,Medium,30
10-01-2025,10,1,4,0,Weekday,0,STORE_003,Supermarket,Rural,Eggs,Perishable,48,25,23,31.83,0.0,795.7,Medium,32
11-01-2025,11,1,5,1,Weekend,0,STORE_001,Small,Urban,Milk,Perishable,10,10,0,25.22,0.096,228.0,High,16
11-01-2025,11,1,5,1,Weekend,0,STORE_001,Small,Urban,Curd,Perishable,13,11,2,59.03,0.0,649.33,Medium,17
11-01-2025,11,1,5,1,Weekend,0,STORE_001,Small,Urban,Paneer,Perishable,4,3,1,232.0,0.0,696.01,Medium,8
11-01-2025,11,1,5,1,Weekend,0,STORE_001,Small,Urban,Rice,Non-Perishable,29,29,0,73.38,0.0,2127.96,High,36
11-01-2025,11,1,5,1,Weekend,0,STORE_001,Small,Urban,Toor Dal,Non-Perishable,46,46,0,131.51,0.0,6049.57,High,55
11-01-2025,11,1,5,1,Weekend,0,STORE_001,Small,Urban,Wheat Flour,Non-Perishable,32,24,8,43.73,0.132,910.39,Medium,31
11-01-2025,11,1,5,1,Weekend,0,STORE_001,Small,Urban,Cooking Oil,Non-Perishable,31,20,11,159.29,0.0,3185.75,Medium,27
11-01-2025,11,1,5,1,Weekend,0,STORE_001,Small,Urban,Biscuits,Non-Perishable,20,18,2,11.51,0.0,207.11,High,24
11-01-2025,11,1,5,1,Weekend,0,STORE_001,Small,Urban,Snacks,Non-Perishable,28,28,0,61.11,0.079,1575.99,High,35
11-01-2025,11,1,5,1,Weekend,0,STORE_001,Small,Urban,Masala,Non-Perishable,63,46,17,68.55,0.0,3153.34,Medium,55
11-01-2025,11,1,5,1,Weekend,0,STORE_001,Small,Urban,Sugar,Non-Perishable,24,18,6,58.82,0.0,1058.8,Medium,24
11-01-2025,11,1,5,1,Weekend,0,STORE_001,Small,Urban,Salt,Non-Perishable,58,58,0,16.94,0.0,982.44,High,68
11-01-2025,11,1,5,1,Weekend,0,STORE_001,Small,Urban,Bread,Perishable,6,6,0,34.81,0.0,208.87,High,11
11-01-2025,11,1,5,1,Weekend,0,STORE_001,Small,Urban,Eggs,Perishable,9,9,0,33.31,0.122,263.22,High,14
11-01-2025,11,1,5,1,Weekend,0,STORE_002,Medium,Semi-Urban,Milk,Perishable,12,7,5,24.89,0.0,174.23,Medium,12
11-01-2025,11,1,5,1,Weekend,0,STORE_002,Medium,Semi-Urban,Curd,Perishable,24,18,6,44.68,0.0,804.31,Medium,24
11-01-2025,11,1,5,1,Weekend,0,STORE_002,Medium,Semi-Urban,Paneer,Perishable,11,7,4,228.75,0.0,1601.25,Medium,12
11-01-2025,11,1,5,1,Weekend,0,STORE_002,Medium,Semi-Urban,Rice,Non-Perishable,57,39,18,75.26,0.0,2935.01,Medium,47
11-01-2025,11,1,5,1,Weekend,0,STORE_002,Medium,Semi-Urban,Toor Dal,Non-Perishable,90,82,8,110.31,0.0,9045.63,High,95
11-01-2025,11,1,5,1,Weekend,0,STORE_002,Medium,Semi-Urban,Wheat Flour,Non-Perishable,49,49,0,25.36,0.0,1242.76,High,58
11-01-2025,11,1,5,1,Weekend,0,STORE_002,Medium,Semi-Urban,Cooking Oil,Non-Perishable,104,104,0,120.8,0.0,12563.02,High,119
11-01-2025,11,1,5,1,Weekend,0,STORE_002,Medium,Semi-Urban,Biscuits,Non-Perishable,100,73,27,17.13,0.0,1250.3,Medium,85
11-01-2025,11,1,5,1,Weekend,0,STORE_002,Medium,Semi-Urban,Snacks,Non-Perishable,42,42,0,68.21,0.0,2864.91,High,51
11-01-2025,11,1,5,1,Weekend,0,STORE_002,Medium,Semi-Urban,Masala,Non-Perishable,54,49,5,83.34,0.0,4083.7,High,58
11-01-2025,11,1,5,1,Weekend,0,STORE_002,Medium,Semi-Urban,Sugar,Non-Perishable,56,46,10,59.94,0.0,2757.41,Medium,55
11-01-2025,11,1,5,1,Weekend,0,STORE_002,Medium,Semi-Urban,Salt,Non-Perishable,91,91,0,15.69,0.0,1427.53,High,105
11-01-2025,11,1,5,1,Weekend,0,STORE_002,Medium,Semi-Urban,Bread,Perishable,20,12,8,30.16,0.0,361.91,Medium,18
11-01-2025,11,1,5,1,Weekend,0,STORE_002,Medium,Semi-Urban,Eggs,Perishable,25,25,0,41.67,0.0,1041.86,High,32
11-01-2025,11,1,5,1,Weekend,0,STORE_003,Supermarket,Rural,Milk,Perishable,27,25,2,31.65,0.0,791.23,High,32
11-01-2025,11,1,5,1,Weekend,0,STORE_003,Supermarket,Rural,Curd,Perishable,45,38,7,55.17,0.0,2096.62,Medium,46
11-01-2025,11,1,5,1,Weekend,0,STORE_003,Supermarket,Rural,Paneer,Perishable,16,14,2,230.15,0.0,3222.07,Medium,20
11-01-2025,11,1,5,1,Weekend,0,STORE_003,Supermarket,Rural,Rice,Non-Perishable,119,80,39,66.99,0.0,5359.52,Medium,93
11-01-2025,11,1,5,1,Weekend,0,STORE_003,Supermarket,Rural,Toor Dal,Non-Perishable,130,130,0,132.98,0.0,17286.82,High,148
11-01-2025,11,1,5,1,Weekend,0,STORE_003,Supermarket,Rural,Wheat Flour,Non-Perishable,91,91,0,37.73,0.0,3433.2,High,105
11-01-2025,11,1,5,1,Weekend,0,STORE_003,Supermarket,Rural,Cooking Oil,Non-Perishable,225,148,77,172.96,0.0,25597.71,Medium,167
11-01-2025,11,1,5,1,Weekend,0,STORE_003,Supermarket,Rural,Biscuits,Non-Perishable,96,87,9,22.47,0.0,1955.21,High,100
11-01-2025,11,1,5,1,Weekend,0,STORE_003,Supermarket,Rural,Snacks,Non-Perishable,263,179,84,60.01,0.0,10741.94,Medium,201
11-01-2025,11,1,5,1,Weekend,0,STORE_003,Supermarket,Rural,Masala,Non-Perishable,167,167,0,119.69,0.0,19988.67,High,188
11-01-2025,11,1,5,1,Weekend,0,STORE_003,Supermarket,Rural,Sugar,Non-Perishable,76,66,10,59.95,0.0,3956.87,Medium,77
11-01-2025,11,1,5,1,Weekend,0,STORE_003,Supermarket,Rural,Salt,Non-Perishable,139,139,0,18.6,0.0,2585.99,High,157
11-01-2025,11,1,5,1,Weekend,0,STORE_003,Supermarket,Rural,Bread,Perishable,34,34,0,31.17,0.0,1059.72,High,42
11-01-2025,11,1,5,1,Weekend,0,STORE_003,Supermarket,Rural,Eggs,Perishable,53,43,10,41.74,0.0,1794.77,Medium,52
12-01-2025,12,1,6,1,Weekend,0,STORE_001,Small,Urban,Milk,Perishable,9,9,0,29.76,0.0,267.83,High,14
12-01-2025,12,1,6,1,Weekend,0,STORE_001,Small,Urban,Curd,Perishable,11,10,1,59.91,0.0,599.13,High,16
12-01-2025,12,1,6,1,Weekend,0,STORE_001,Small,Urban,Paneer,Perishable,10,8,2,227.24,0.0,1817.88,Medium,13
12-01-2025,12,1,6,1,Weekend,0,STORE_001,Small,Urban,Rice,Non-Perishable,39,37,2,77.64,0.0,2872.51,High,45
12-01-2025,12,1,6,1,Weekend,0,STORE_001,Small,Urban,Toor Dal,Non-Perishable,58,58,0,135.26,0.0,7844.9,High,68
12-01-2025,12,1,6,1,Weekend,0,STORE_001,Small,Urban,Wheat Flour,Non-Perishable,59,59,0,40.58,0.0,2394.34,High,69
12-01-2025,12,1,6,1,Weekend,0,STORE_001,Small,Urban,Cooking Oil,Non-Perishable,37,37,0,152.15,0.0,5629.59,High,45
12-01-2025,12,1,6,1,Weekend,0,STORE_001,Small,Urban,Biscuits,Non-Perishable,16,15,1,19.82,0.0,297.32,High,21
12-01-2025,12,1,6,1,Weekend,0,STORE_001,Small,Urban,Snacks,Non-Perishable,37,37,0,72.97,0.0,2700.07,High,45
12-01-2025,12,1,6,1,Weekend,0,STORE_001,Small,Urban,Masala,Non-Perishable,70,55,15,98.99,0.0,5444.67,Medium,65
12-01-2025,12,1,6,1,Weekend,0,STORE_001,Small,Urban,Sugar,Non-Perishable,22,19,3,49.3,0.0,936.7,Medium,25
12-01-2025,12,1,6,1,Weekend,0,STORE_001,Small,Urban,Salt,Non-Perishable,41,36,5,23.17,0.0,834.11,Medium,44
12-01-2025,12,1,6,1,Weekend,0,STORE_001,Small,Urban,Bread,Perishable,7,5,2,33.03,0.0,165.15,Medium,10
12-01-2025,12,1,6,1,Weekend,0,STORE_001,Small,Urban,Eggs,Perishable,8,6,2,38.79,0.0,232.77,Medium,11
12-01-2025,12,1,6,1,Weekend,0,STORE_002,Medium,Semi-Urban,Milk,Perishable,6,6,0,26.62,0.0,159.71,High,11
12-01-2025,12,1,6,1,Weekend,0,STORE_002,Medium,Semi-Urban,Curd,Perishable,6,6,0,46.85,0.0,281.12,High,11
12-01-2025,12,1,6,1,Weekend,0,STORE_002,Medium,Semi-Urban,Paneer,Perishable,10,7,3,189.6,0.0,1327.2,Medium,12
12-01-2025,12,1,6,1,Weekend,0,STORE_002,Medium,Semi-Urban,Rice,Non-Perishable,82,52,30,69.51,0.096,3267.83,Medium,62
12-01-2025,12,1,6,1,Weekend,0,STORE_002,Medium,Semi-Urban,Toor Dal,Non-Perishable,128,74,54,128.71,0.0,9524.86,Medium,86
12-01-2025,12,1,6,1,Weekend,0,STORE_002,Medium,Semi-Urban,Wheat Flour,Non-Perishable,102,102,0,41.8,0.0,4263.82,High,117
12-01-2025,12,1,6,1,Weekend,0,STORE_002,Medium,Semi-Urban,Cooking Oil,Non-Perishable,89,81,8,158.65,0.0,12851.01,High,94
12-01-2025,12,1,6,1,Weekend,0,STORE_002,Medium,Semi-Urban,Biscuits,Non-Perishable,43,43,0,16.35,0.0,703.04,High,52
12-01-2025,12,1,6,1,Weekend,0,STORE_002,Medium,Semi-Urban,Snacks,Non-Perishable,64,47,17,49.38,0.0,2320.74,Medium,56
12-01-2025,12,1,6,1,Weekend,0,STORE_002,Medium,Semi-Urban,Masala,Non-Perishable,50,45,5,51.3,0.0,2308.4,High,54
12-01-2025,12,1,6,1,Weekend,0,STORE_002,Medium,Semi-Urban,Sugar,Non-Perishable,66,56,10,58.54,0.0,3278.38,Medium,66
12-01-2025,12,1,6,1,Weekend,0,STORE_002,Medium,Semi-Urban,Salt,Non-Perishable,129,89,40,18.67,0.106,1486.34,Medium,102
12-01-2025,12,1,6,1,Weekend,0,STORE_002,Medium,Semi-Urban,Bread,Perishable,6,6,0,56.22,0.0,337.33,High,11
12-01-2025,12,1,6,1,Weekend,0,STORE_002,Medium,Semi-Urban,Eggs,Perishable,10,8,2,42.55,0.0,340.37,Medium,13
12-01-2025,12,1,6,1,Weekend,0,STORE_003,Supermarket,Rural,Milk,Perishable,14,13,1,22.52,0.0,292.77,High,19
12-01-2025,12,1,6,1,Weekend,0,STORE_003,Supermarket,Rural,Curd,Perishable,18,15,3,49.33,0.0,739.89,Medium,21
12-01-2025,12,1,6,1,Weekend,0,STORE_003,Supermarket,Rural,Paneer,Perishable,24,24,0,191.95,0.07,4282.27,High,31
12-01-2025,12,1,6,1,Weekend,0,STORE_003,Supermarket,Rural,Rice,Non-Perishable,56,56,0,70.39,0.0,3942.07,High,66
12-01-2025,12,1,6,1,Weekend,0,STORE_003,Supermarket,Rural,Toor Dal,Non-Perishable,77,77,0,101.25,0.0,7796.14,High,89
12-01-2025,12,1,6,1,Weekend,0,STORE_003,Supermarket,Rural,Wheat Flour,Non-Perishable,92,92,0,37.17,0.0,3419.31,High,106
12-01-2025,12,1,6,1,Weekend,0,STORE_003,Supermarket,Rural,Cooking Oil,Non-Perishable,184,184,0,181.82,0.0,33455.2,High,207
12-01-2025,12,1,6,1,Weekend,0,STORE_003,Supermarket,Rural,Biscuits,Non-Perishable,181,149,32,6.65,0.133,859.91,Medium,168
12-01-2025,12,1,6,1,Weekend,0,STORE_003,Supermarket,Rural,Snacks,Non-Perishable,123,123,0,60.07,0.0,7388.87,High,140
12-01-2025,12,1,6,1,Weekend,0,STORE_003,Supermarket,Rural,Masala,Non-Perishable,240,236,4,107.85,0.0,25452.3,High,264
12-01-2025,12,1,6,1,Weekend,0,STORE_003,Supermarket,Rural,Sugar,Non-Perishable,83,83,0,46.24,0.0,3837.72,High,96
12-01-2025,12,1,6,1,Weekend,0,STORE_003,Supermarket,Rural,Salt,Non-Perishable,94,94,0,23.35,0.0,2194.5,High,108
12-01-2025,12,1,6,1,Weekend,0,STORE_003,Supermarket,Rural,Bread,Perishable,21,16,5,59.04,0.0,944.68,Medium,22
12-01-2025,12,1,6,1,Weekend,0,STORE_003,Supermarket,Rural,Eggs,Perishable,43,40,3,45.02,0.0,1800.94,High,49
13-01-2025,13,1,0,0,Weekday,0,STORE_001,Small,Urban,Milk,Perishable,8,8,0,33.5,0.0,268.0,High,13
13-01-2025,13,1,0,0,Weekday,0,STORE_001,Small,Urban,Curd,Perishable,6,5,1,43.81,0.0,219.06,Medium,10
13-01-2025,13,1,0,0,Weekday,0,STORE_001,Small,Urban,Paneer,Perishable,7,4,3,200.16,0.0,800.62,Medium,9
13-01-2025,13,1,0,0,Weekday,0,STORE_001,Small,Urban,Rice,Non-Perishable,50,46,4,54.66,0.0,2514.51,High,55
13-01-2025,13,1,0,0,Weekday,0,STORE_001,Small,Urban,Toor Dal,Non-Perishable,52,38,14,128.33,0.0,4876.55,Medium,46
13-01-2025,13,1,0,0,Weekday,0,STORE_001,Small,Urban,Wheat Flour,Non-Perishable,27,25,2,41.53,0.0,1038.28,High,32
13-01-2025,13,1,0,0,Weekday,0,STORE_001,Small,Urban,Cooking Oil,Non-Perishable,20,17,3,172.7,0.0,2935.86,Medium,23
13-01-2025,13,1,0,0,Weekday,0,STORE_001,Small,Urban,Biscuits,Non-Perishable,49,32,17,28.46,0.0,910.65,Medium,40
13-01-2025,13,1,0,0,Weekday,0,STORE_001,Small,Urban,Snacks,Non-Perishable,32,22,10,23.17,0.0,509.65,Medium,29
13-01-2025,13,1,0,0,Weekday,0,STORE_001,Small,Urban,Masala,Non-Perishable,64,39,25,86.21,0.0,3362.21,Medium,47
13-01-2025,13,1,0,0,Weekday,0,STORE_001,Small,Urban,Sugar,Non-Perishable,25,15,10,46.56,0.0,698.45,Medium,21
13-01-2025,13,1,0,0,Weekday,0,STORE_001,Small,Urban,Salt,Non-Perishable,64,33,31,17.21,0.0,568.01,Medium,41
13-01-2025,13,1,0,0,Weekday,0,STORE_001,Small,Urban,Bread,Perishable,9,5,4,33.56,0.0,167.8,Medium,10
13-01-2025,13,1,0,0,Weekday,0,STORE_001,Small,Urban,Eggs,Perishable,13,9,4,38.15,0.0,343.39,Medium,14
13-01-2025,13,1,0,0,Weekday,0,STORE_002,Medium,Semi-Urban,Milk,Perishable,25,16,9,23.51,0.0,376.2,Medium,22
13-01-2025,13,1,0,0,Weekday,0,STORE_002,Medium,Semi-Urban,Curd,Perishable,26,16,10,51.01,0.0,816.21,Medium,22
13-01-2025,13,1,0,0,Weekday,0,STORE_002,Medium,Semi-Urban,Paneer,Perishable,21,11,10,204.84,0.0,2253.27,Medium,17
13-01-2025,13,1,0,0,Weekday,0,STORE_002,Medium,Semi-Urban,Rice,Non-Perishable,74,42,32,57.27,0.0,2405.39,Medium,51
13-01-2025,13,1,0,0,Weekday,0,STORE_002,Medium,Semi-Urban,Toor Dal,Non-Perishable,77,74,3,136.57,0.0,10106.5,High,86
13-01-2025,13,1,0,0,Weekday,0,STORE_002,Medium,Semi-Urban,Wheat Flour,Non-Perishable,87,60,27,37.71,0.0,2262.5,Medium,71
13-01-2025,13,1,0,0,Weekday,0,STORE_002,Medium,Semi-Urban,Cooking Oil,Non-Perishable,105,100,5,185.96,0.133,16117.09,High,115
13-01-2025,13,1,0,0,Weekday,0,STORE_002,Medium,Semi-Urban,Biscuits,Non-Perishable,107,91,16,27.88,0.0,2536.76,Medium,105
13-01-2025,13,1,0,0,Weekday,0,STORE_002,Medium,Semi-Urban,Snacks,Non-Perishable,59,40,19,22.36,0.0,894.25,Medium,49
13-01-2025,13,1,0,0,Weekday,0,STORE_002,Medium,Semi-Urban,Masala,Non-Perishable,114,114,0,98.27,0.0,11202.74,High,130
13-01-2025,13,1,0,0,Weekday,0,STORE_002,Medium,Semi-Urban,Sugar,Non-Perishable,106,63,43,59.81,0.11,3352.03,Medium,74
13-01-2025,13,1,0,0,Weekday,0,STORE_002,Medium,Semi-Urban,Salt,Non-Perishable,53,34,19,16.81,0.0,571.6,Medium,42
13-01-2025,13,1,0,0,Weekday,0,STORE_002,Medium,Semi-Urban,Bread,Perishable,12,8,4,42.54,0.0,340.35,Medium,13
13-01-2025,13,1,0,0,Weekday,0,STORE_002,Medium,Semi-Urban,Eggs,Perishable,11,8,3,30.33,0.0,242.65,Medium,13
13-01-2025,13,1,0,0,Weekday,0,STORE_003,Supermarket,Rural,Milk,Perishable,27,15,12,27.46,0.054,389.61,Medium,21
13-01-2025,13,1,0,0,Weekday,0,STORE_003,Supermarket,Rural,Curd,Perishable,12,10,2,40.23,0.0,402.26,Medium,16
13-01-2025,13,1,0,0,Weekday,0,STORE_003,Supermarket,Rural,Paneer,Perishable,30,21,9,199.27,0.0,4184.6,Medium,28
13-01-2025,13,1,0,0,Weekday,0,STORE_003,Supermarket,Rural,Rice,Non-Perishable,240,178,62,52.02,0.0,9260.08,Medium,200
13-01-2025,13,1,0,0,Weekday,0,STORE_003,Supermarket,Rural,Toor Dal,Non-Perishable,156,90,66,104.77,0.0,9429.12,Medium,104
13-01-2025,13,1,0,0,Weekday,0,STORE_003,Supermarket,Rural,Wheat Flour,Non-Perishable,125,75,50,40.05,0.099,2705.57,Medium,87
13-01-2025,13,1,0,0,Weekday,0,STORE_003,Supermarket,Rural,Cooking Oil,Non-Perishable,75,52,23,184.43,0.0,9590.6,Medium,62
13-01-2025,13,1,0,0,Weekday,0,STORE_003,Supermarket,Rural,Biscuits,Non-Perishable,57,36,21,15.21,0.0,547.61,Medium,44
13-01-2025,13,1,0,0,Weekday,0,STORE_003,Supermarket,Rural,Snacks,Non-Perishable,181,134,47,35.59,0.0,4769.02,Medium,152
13-01-2025,13,1,0,0,Weekday,0,STORE_003,Supermarket,Rural,Masala,Non-Perishable,221,163,58,59.24,0.0,9656.53,Medium,184
13-01-2025,13,1,0,0,Weekday,0,STORE_003,Supermarket,Rural,Sugar,Non-Perishable,83,74,9,47.21,0.0,3493.5,Medium,86
13-01-2025,13,1,0,0,Weekday,0,STORE_003,Supermarket,Rural,Salt,Non-Perishable,214,161,53,24.88,0.0,4006.36,Medium,182
13-01-2025,13,1,0,0,Weekday,0,STORE_003,Supermarket,Rural,Bread,Perishable,22,19,3,48.58,0.0,923.05,Medium,25
13-01-2025,13,1,0,0,Weekday,0,STORE_003,Supermarket,Rural,Eggs,Perishable,44,29,15,34.03,0.0,986.89,Medium,36
14-01-2025,14,1,1,0,Weekday,1,STORE_001,Small,Urban,Milk,Perishable,3,3,0,25.29,0.0,75.87,High,8
14-01-2025,14,1,1,0,Weekday,1,STORE_001,Small,Urban,Curd,Perishable,9,9,0,56.94,0.0,512.44,High,14
14-01-2025,14,1,1,0,Weekday,1,STORE_001,Small,Urban,Paneer,Perishable,7,7,0,199.31,0.0,1395.2,High,12
14-01-2025,14,1,1,0,Weekday,1,STORE_001,Small,Urban,Rice,Non-Perishable,18,17,1,79.88,0.0,1358.01,High,23
14-01-2025,14,1,1,0,Weekday,1,STORE_001,Small,Urban,Toor Dal,Non-Perishable,26,26,0,146.44,0.0,3807.52,High,33
14-01-2025,14,1,1,0,Weekday,1,STORE_001,Small,Urban,Wheat Flour,Non-Perishable,39,39,0,25.56,0.0,996.72,High,47
14-01-2025,14,1,1,0,Weekday,1,STORE_001,Small,Urban,Cooking Oil,Non-Perishable,46,39,7,124.03,0.0,4837.3,Medium,47
14-01-2025,14,1,1,0,Weekday,1,STORE_001,Small,Urban,Biscuits,Non-Perishable,45,45,0,7.25,0.0,326.11,High,54
14-01-2025,14,1,1,0,Weekday,1,STORE_001,Small,Urban,Snacks,Non-Perishable,67,67,0,51.53,0.0,3452.39,High,78
14-01-2025,14,1,1,0,Weekday,1,STORE_001,Small,Urban,Masala,Non-Perishable,19,19,0,115.67,0.0,2197.81,High,25
14-01-2025,14,1,1,0,Weekday,1,STORE_001,Small,Urban,Sugar,Non-Perishable,38,38,0,40.32,0.0,1532.35,High,46
14-01-2025,14,1,1,0,Weekday,1,STORE_001,Small,Urban,Salt,Non-Perishable,62,62,0,16.35,0.133,878.5,High,73
14-01-2025,14,1,1,0,Weekday,1,STORE_001,Small,Urban,Bread,Perishable,5,3,2,33.55,0.121,88.44,Medium,8
14-01-2025,14,1,1,0,Weekday,1,STORE_001,Small,Urban,Eggs,Perishable,8,4,4,47.02,0.0,188.09,Medium,9
14-01-2025,14,1,1,0,Weekday,1,STORE_002,Medium,Semi-Urban,Milk,Perishable,8,7,1,27.05,0.0,189.37,Medium,12
14-01-2025,14,1,1,0,Weekday,1,STORE_002,Medium,Semi-Urban,Curd,Perishable,22,22,0,59.75,0.0,1314.43,High,29
14-01-2025,14,1,1,0,Weekday,1,STORE_002,Medium,Semi-Urban,Paneer,Perishable,21,21,0,201.4,0.0,4229.44,High,28
14-01-2025,14,1,1,0,Weekday,1,STORE_002,Medium,Semi-Urban,Rice,Non-Perishable,109,109,0,75.3,0.108,7322.1,High,124
14-01-2025,14,1,1,0,Weekday,1,STORE_002,Medium,Semi-Urban,Toor Dal,Non-Perishable,40,40,0,130.96,0.0,5238.35,High,49
14-01-2025,14,1,1,0,Weekday,1,STORE_002,Medium,Semi-Urban,Wheat Flour,Non-Perishable,71,71,0,42.0,0.0,2981.94,High,83
14-01-2025,14,1,1,0,Weekday,1,STORE_002,Medium,Semi-Urban,Cooking Oil,Non-Perishable,91,75,16,126.88,0.061,8940.0,Medium,87
14-01-2025,14,1,1,0,Weekday,1,STORE_002,Medium,Semi-Urban,Biscuits,Non-Perishable,80,80,0,25.5,0.1,1836.5,High,93
14-01-2025,14,1,1,0,Weekday,1,STORE_002,Medium,Semi-Urban,Snacks,Non-Perishable,79,79,0,54.99,0.0,4344.04,High,91
14-01-2025,14,1,1,0,Weekday,1,STORE_002,Medium,Semi-Urban,Masala,Non-Perishable,91,70,21,96.14,0.0,6729.73,Medium,82
14-01-2025,14,1,1,0,Weekday,1,STORE_002,Medium,Semi-Urban,Sugar,Non-Perishable,89,89,0,54.04,0.0,4809.75,High,102
14-01-2025,14,1,1,0,Weekday,1,STORE_002,Medium,Semi-Urban,Salt,Non-Perishable,47,47,0,19.12,0.0,898.77,High,56
14-01-2025,14,1,1,0,Weekday,1,STORE_002,Medium,Semi-Urban,Bread,Perishable,12,12,0,40.18,0.0,482.15,High,18
14-01-2025,14,1,1,0,Weekday,1,STORE_002,Medium,Semi-Urban,Eggs,Perishable,14,14,0,37.09,0.0,519.32,High,20
14-01-2025,14,1,1,0,Weekday,1,STORE_003,Supermarket,Rural,Milk,Perishable,47,47,0,30.43,0.131,1242.2,High,56
14-01-2025,14,1,1,0,Weekday,1,STORE_003,Supermarket,Rural,Curd,Perishable,27,25,2,49.55,0.0,1238.71,High,32
14-01-2025,14,1,1,0,Weekday,1,STORE_003,Supermarket,Rural,Paneer,Perishable,16,14,2,231.41,0.0,3239.68,Medium,20
14-01-2025,14,1,1,0,Weekday,1,STORE_003,Supermarket,Rural,Rice,Non-Perishable,200,191,9,73.08,0.0,13958.14,High,215
14-01-2025,14,1,1,0,Weekday,1,STORE_003,Supermarket,Rural,Toor Dal,Non-Perishable,148,128,20,114.82,0.065,13739.09,Medium,145
14-01-2025,14,1,1,0,Weekday,1,STORE_003,Supermarket,Rural,Wheat Flour,Non-Perishable,143,143,0,40.1,0.0,5734.68,High,162
14-01-2025,14,1,1,0,Weekday,1,STORE_003,Supermarket,Rural,Cooking Oil,Non-Perishable,117,117,0,142.17,0.0,16633.37,High,133
14-01-2025,14,1,1,0,Weekday,1,STORE_003,Supermarket,Rural,Biscuits,Non-Perishable,160,160,0,23.05,0.091,3354.32,High,181
14-01-2025,14,1,1,0,Weekday,1,STORE_003,Supermarket,Rural,Snacks,Non-Perishable,106,106,0,77.03,0.148,6954.85,High,121
14-01-2025,14,1,1,0,Weekday,1,STORE_003,Supermarket,Rural,Masala,Non-Perishable,92,92,0,75.19,0.0,6917.34,High,106
14-01-2025,14,1,1,0,Weekday,1,STORE_003,Supermarket,Rural,Sugar,Non-Perishable,210,210,0,48.85,0.132,8904.16,High,236
14-01-2025,14,1,1,0,Weekday,1,STORE_003,Supermarket,Rural,Salt,Non-Perishable,201,201,0,20.55,0.0,4129.92,High,226
14-01-2025,14,1,1,0,Weekday,1,STORE_003,Supermarket,Rural,Bread,Perishable,34,30,4,48.15,0.0,1444.58,Medium,38
14-01-2025,14,1,1,0,Weekday,1,STORE_003,Supermarket,Rural,Eggs,Perishable,21,21,0,42.09,0.0,883.83,High,28
15-01-2025,15,1,2,0,Weekday,0,STORE_001,Small,Urban,Milk,Perishable,3,1,2,24.4,0.0,24.4,Low,6
15-01-2025,15,1,2,0,Weekday,0,STORE_001,Small,Urban,Curd,Perishable,6,5,1,49.67,0.0,248.33,Medium,10
15-01-2025,15,1,2,0,Weekday,0,STORE_001,Small,Urban,Paneer,Perishable,2,1,1,219.05,0.0,219.05,Medium,6
15-01-2025,15,1,2,0,Weekday,0,STORE_001,Small,Urban,Rice,Non-Perishable,31,25,6,71.65,0.0,1791.27,Medium,32
15-01-2025,15,1,2,0,Weekday,0,STORE_001,Small,Urban,Toor Dal,Non-Perishable,28,25,3,106.35,0.102,2387.88,Medium,32
15-01-2025,15,1,2,0,Weekday,0,STORE_001,Small,Urban,Wheat Flour,Non-Perishable,31,21,10,43.98,0.088,842.1,Medium,28
15-01-2025,15,1,2,0,Weekday,0,STORE_001,Small,Urban,Cooking Oil,Non-Perishable,20,15,5,159.17,0.0,2387.57,Medium,21
15-01-2025,15,1,2,0,Weekday,0,STORE_001,Small,Urban,Biscuits,Non-Perishable,43,30,13,28.92,0.0,867.54,Medium,38
15-01-2025,15,1,2,0,Weekday,0,STORE_001,Small,Urban,Snacks,Non-Perishable,42,37,5,67.85,0.0,2510.48,Medium,45
15-01-2025,15,1,2,0,Weekday,0,STORE_001,Small,Urban,Masala,Non-Perishable,68,46,22,62.45,0.0,2872.61,Medium,55
15-01-2025,15,1,2,0,Weekday,0,STORE_001,Small,Urban,Sugar,Non-Perishable,46,40,6,47.99,0.0,1919.47,Medium,49
15-01-2025,15,1,2,0,Weekday,0,STORE_001,Small,Urban,Salt,Non-Perishable,53,41,12,22.31,0.0,914.66,Medium,50
15-01-2025,15,1,2,0,Weekday,0,STORE_001,Small,Urban,Bread,Perishable,11,7,4,46.46,0.0,325.2,Medium,12
15-01-2025,15,1,2,0,Weekday,0,STORE_001,Small,Urban,Eggs,Perishable,15,15,0,37.92,0.066,531.33,High,21
15-01-2025,15,1,2,0,Weekday,0,STORE_002,Medium,Semi-Urban,Milk,Perishable,18,9,9,27.44,0.0,246.95,Medium,14
15-01-2025,15,1,2,0,Weekday,0,STORE_002,Medium,Semi-Urban,Curd,Perishable,14,10,4,51.07,0.0,510.69,Medium,16
15-01-2025,15,1,2,0,Weekday,0,STORE_002,Medium,Semi-Urban,Paneer,Perishable,21,16,5,198.28,0.0,3172.5,Medium,22
15-01-2025,15,1,2,0,Weekday,0,STORE_002,Medium,Semi-Urban,Rice,Non-Perishable,81,45,36,69.53,0.076,2890.52,Medium,54
15-01-2025,15,1,2,0,Weekday,0,STORE_002,Medium,Semi-Urban,Toor Dal,Non-Perishable,90,68,22,101.2,0.0,6881.42,Medium,79
15-01-2025,15,1,2,0,Weekday,0,STORE_002,Medium,Semi-Urban,Wheat Flour,Non-Perishable,76,71,5,37.51,0.0,2663.47,High,83
15-01-2025,15,1,2,0,Weekday,0,STORE_002,Medium,Semi-Urban,Cooking Oil,Non-Perishable,90,90,0,167.76,0.0,15098.01,High,104
15-01-2025,15,1,2,0,Weekday,0,STORE_002,Medium,Semi-Urban,Biscuits,Non-Perishable,49,45,4,9.52,0.0,428.38,High,54
15-01-2025,15,1,2,0,Weekday,0,STORE_002,Medium,Semi-Urban,Snacks,Non-Perishable,58,46,12,56.93,0.059,2464.65,Medium,55
15-01-2025,15,1,2,0,Weekday,0,STORE_002,Medium,Semi-Urban,Masala,Non-Perishable,50,41,9,72.03,0.0,2953.03,Medium,50
15-01-2025,15,1,2,0,Weekday,0,STORE_002,Medium,Semi-Urban,Sugar,Non-Perishable,152,148,4,53.26,0.0,7882.56,High,167
15-01-2025,15,1,2,0,Weekday,0,STORE_002,Medium,Semi-Urban,Salt,Non-Perishable,94,83,11,23.8,0.073,1830.79,Medium,96
15-01-2025,15,1,2,0,Weekday,0,STORE_002,Medium,Semi-Urban,Bread,Perishable,11,7,4,52.74,0.0,369.19,Medium,12
15-01-2025,15,1,2,0,Weekday,0,STORE_002,Medium,Semi-Urban,Eggs,Perishable,16,11,5,42.91,0.0,472.03,Medium,17
15-01-2025,15,1,2,0,Weekday,0,STORE_003,Supermarket,Rural,Milk,Perishable,20,13,7,31.48,0.0,409.25,Medium,19
15-01-2025,15,1,2,0,Weekday,0,STORE_003,Supermarket,Rural,Curd,Perishable,18,13,5,52.9,0.0,687.76,Medium,19
15-01-2025,15,1,2,0,Weekday,0,STORE_003,Supermarket,Rural,Paneer,Perishable,53,31,22,205.92,0.0,6383.4,Medium,39
15-01-2025,15,1,2,0,Weekday,0,STORE_003,Supermarket,Rural,Rice,Non-Perishable,83,46,37,65.07,0.0,2993.08,Medium,55
15-01-2025,15,1,2,0,Weekday,0,STORE_003,Supermarket,Rural,Toor Dal,Non-Perishable,252,182,70,143.77,0.0,26166.95,Medium,205
15-01-2025,15,1,2,0,Weekday,0,STORE_003,Supermarket,Rural,Wheat Flour,Non-Perishable,157,124,33,38.81,0.0,4812.0,Medium,141
15-01-2025,15,1,2,0,Weekday,0,STORE_003,Supermarket,Rural,Cooking Oil,Non-Perishable,154,154,0,144.97,0.0,22324.63,High,174
15-01-2025,15,1,2,0,Weekday,0,STORE_003,Supermarket,Rural,Biscuits,Non-Perishable,255,208,47,21.56,0.0,4484.03,Medium,233
15-01-2025,15,1,2,0,Weekday,0,STORE_003,Supermarket,Rural,Snacks,Non-Perishable,70,67,3,35.14,0.0,2354.31,High,78
15-01-2025,15,1,2,0,Weekday,0,STORE_003,Supermarket,Rural,Masala,Non-Perishable,122,105,17,107.93,0.0,11332.42,Medium,120
15-01-2025,15,1,2,0,Weekday,0,STORE_003,Supermarket,Rural,Sugar,Non-Perishable,243,179,64,52.09,0.0,9323.44,Medium,201
15-01-2025,15,1,2,0,Weekday,0,STORE_003,Supermarket,Rural,Salt,Non-Perishable,163,135,28,23.39,0.0,3157.45,Medium,153
15-01-2025,15,1,2,0,Weekday,0,STORE_003,Supermarket,Rural,Bread,Perishable,38,27,11,56.59,0.146,1304.67,Medium,34
15-01-2025,15,1,2,0,Weekday,0,STORE_003,Supermarket,Rural,Eggs,Perishable,32,20,12,48.84,0.0,976.82,Medium,27
16-01-2025,16,1,3,0,Weekday,0,STORE_001,Small,Urban,Milk,Perishable,6,4,2,26.8,0.0,107.2,Medium,9
16-01-2025,16,1,3,0,Weekday,0,STORE_001,Small,Urban,Curd,Perishable,7,4,3,50.11,0.0,200.44,Medium,9
16-01-2025,16,1,3,0,Weekday,0,STORE_001,Small,Urban,Paneer,Perishable,6,4,2,209.06,0.0,836.24,Medium,9
16-01-2025,16,1,3,0,Weekday,0,STORE_001,Small,Urban,Rice,Non-Perishable,37,32,5,66.76,0.0,2136.28,Medium,40
16-01-2025,16,1,3,0,Weekday,0,STORE_001,Small,Urban,Toor Dal,Non-Perishable,24,12,12,121.76,0.0,1461.16,Medium,18
16-01-2025,16,1,3,0,Weekday,0,STORE_001,Small,Urban,Wheat Flour,Non-Perishable,62,42,20,29.39,0.142,1059.81,Medium,51
16-01-2025,16,1,3,0,Weekday,0,STORE_001,Small,Urban,Cooking Oil,Non-Perishable,32,26,6,129.53,0.0,3367.81,Medium,33
16-01-2025,16,1,3,0,Weekday,0,STORE_001,Small,Urban,Biscuits,Non-Perishable,21,13,8,7.77,0.149,85.86,Medium,19
16-01-2025,16,1,3,0,Weekday,0,STORE_001,Small,Urban,Snacks,Non-Perishable,48,40,8,40.47,0.0,1618.99,Medium,49
16-01-2025,16,1,3,0,Weekday,0,STORE_001,Small,Urban,Masala,Non-Perishable,52,41,11,40.79,0.0,1672.51,Medium,50
16-01-2025,16,1,3,0,Weekday,0,STORE_001,Small,Urban,Sugar,Non-Perishable,23,12,11,57.15,0.121,603.07,Medium,18
16-01-2025,16,1,3,0,Weekday,0,STORE_001,Small,Urban,Salt,Non-Perishable,35,21,14,23.19,0.0,486.96,Medium,28
16-01-2025,16,1,3,0,Weekday,0,STORE_001,Small,Urban,Bread,Perishable,5,3,2,35.61,0.0,106.84,Medium,8
16-01-2025,16,1,3,0,Weekday,0,STORE_001,Small,Urban,Eggs,Perishable,4,3,1,48.11,0.0,144.32,Medium,8
16-01-2025,16,1,3,0,Weekday,0,STORE_002,Medium,Semi-Urban,Milk,Perishable,12,9,3,26.17,0.0,235.49,Medium,14
16-01-2025,16,1,3,0,Weekday,0,STORE_002,Medium,Semi-Urban,Curd,Perishable,14,12,2,41.41,0.0,496.93,Medium,18
16-01-2025,16,1,3,0,Weekday,0,STORE_002,Medium,Semi-Urban,Paneer,Perishable,28,24,4,239.78,0.101,5172.38,Medium,31
16-01-2025,16,1,3,0,Weekday,0,STORE_002,Medium,Semi-Urban,Rice,Non-Perishable,56,46,10,85.53,0.0,3934.27,Medium,55
16-01-2025,16,1,3,0,Weekday,0,STORE_002,Medium,Semi-Urban,Toor Dal,Non-Perishable,68,39,29,134.56,0.0,5247.93,Medium,47
16-01-2025,16,1,3,0,Weekday,0,STORE_002,Medium,Semi-Urban,Wheat Flour,Non-Perishable,62,41,21,37.91,0.0,1554.34,Medium,50
16-01-2025,16,1,3,0,Weekday,0,STORE_002,Medium,Semi-Urban,Cooking Oil,Non-Perishable,49,32,17,196.45,0.0,6286.46,Medium,40
16-01-2025,16,1,3,0,Weekday,0,STORE_002,Medium,Semi-Urban,Biscuits,Non-Perishable,70,46,24,28.69,0.126,1153.17,Medium,55
16-01-2025,16,1,3,0,Weekday,0,STORE_002,Medium,Semi-Urban,Snacks,Non-Perishable,143,137,6,31.52,0.144,3697.36,High,155
16-01-2025,16,1,3,0,Weekday,0,STORE_002,Medium,Semi-Urban,Masala,Non-Perishable,74,56,18,45.52,0.0,2549.29,Medium,66
16-01-2025,16,1,3,0,Weekday,0,STORE_002,Medium,Semi-Urban,Sugar,Non-Perishable,54,37,17,47.64,0.07,1639.96,Medium,45
16-01-2025,16,1,3,0,Weekday,0,STORE_002,Medium,Semi-Urban,Salt,Non-Perishable,85,59,26,21.96,0.0,1295.69,Medium,69
16-01-2025,16,1,3,0,Weekday,0,STORE_002,Medium,Semi-Urban,Bread,Perishable,9,8,1,56.51,0.0,452.08,Medium,13
16-01-2025,16,1,3,0,Weekday,0,STORE_002,Medium,Semi-Urban,Eggs,Perishable,10,5,5,31.11,0.0,155.57,Medium,10
16-01-2025,16,1,3,0,Weekday,0,STORE_003,Supermarket,Rural,Milk,Perishable,14,11,3,33.84,0.098,335.62,Medium,17
16-01-2025,16,1,3,0,Weekday,0,STORE_003,Supermarket,Rural,Curd,Perishable,37,37,0,59.32,0.0,2194.72,High,45
16-01-2025,16,1,3,0,Weekday,0,STORE_003,Supermarket,Rural,Paneer,Perishable,20,20,0,191.64,0.0,3832.72,High,27
16-01-2025,16,1,3,0,Weekday,0,STORE_003,Supermarket,Rural,Rice,Non-Perishable,206,122,84,88.08,0.0,10746.06,Medium,139
16-01-2025,16,1,3,0,Weekday,0,STORE_003,Supermarket,Rural,Toor Dal,Non-Perishable,123,86,37,137.2,0.0,11798.79,Medium,99
16-01-2025,16,1,3,0,Weekday,0,STORE_003,Supermarket,Rural,Wheat Flour,Non-Perishable,221,176,45,34.78,0.0,6121.45,Medium,198
16-01-2025,16,1,3,0,Weekday,0,STORE_003,Supermarket,Rural,Cooking Oil,Non-Perishable,251,238,13,187.88,0.0,44714.9,High,266
16-01-2025,16,1,3,0,Weekday,0,STORE_003,Supermarket,Rural,Biscuits,Non-Perishable,94,63,31,25.13,0.0,1583.03,Medium,74
16-01-2025,16,1,3,0,Weekday,0,STORE_003,Supermarket,Rural,Snacks,Non-Perishable,120,120,0,41.42,0.0,4970.27,High,137
16-01-2025,16,1,3,0,Weekday,0,STORE_003,Supermarket,Rural,Masala,Non-Perishable,119,96,23,63.35,0.0,6081.88,Medium,110
16-01-2025,16,1,3,0,Weekday,0,STORE_003,Supermarket,Rural,Sugar,Non-Perishable,108,42,66,50.5,0.0,2121.04,Low,51
16-01-2025,16,1,3,0,Weekday,0,STORE_003,Supermarket,Rural,Salt,Non-Perishable,123,90,33,15.01,0.148,1151.29,Medium,104
16-01-2025,16,1,3,0,Weekday,0,STORE_003,Supermarket,Rural,Bread,Perishable,53,43,10,48.01,0.0,2064.32,Medium,52
16-01-2025,16,1,3,0,Weekday,0,STORE_003,Supermarket,Rural,Eggs,Perishable,14,9,5,42.97,0.14,332.68,Medium,14
17-01-2025,17,1,4,0,Weekday,0,STORE_001,Small,Urban,Milk,Perishable,6,6,0,33.11,0.0,198.65,High,11
17-01-2025,17,1,4,0,Weekday,0,STORE_001,Small,Urban,Curd,Perishable,6,3,3,43.64,0.0,130.91,Medium,8
17-01-2025,17,1,4,0,Weekday,0,STORE_001,Small,Urban,Paneer,Perishable,11,9,2,182.9,0.0,1646.14,Medium,14
17-01-2025,17,1,4,0,Weekday,0,STORE_001,Small,Urban,Rice,Non-Perishable,58,37,21,88.12,0.0,3260.62,Medium,45
17-01-2025,17,1,4,0,Weekday,0,STORE_001,Small,Urban,Toor Dal,Non-Perishable,26,18,8,128.22,0.0,2307.97,Medium,24
17-01-2025,17,1,4,0,Weekday,0,STORE_001,Small,Urban,Wheat Flour,Non-Perishable,54,42,12,39.55,0.0,1661.21,Medium,51
17-01-2025,17,1,4,0,Weekday,0,STORE_001,Small,Urban,Cooking Oil,Non-Perishable,35,28,7,159.18,0.0,4457.12,Medium,35
17-01-2025,17,1,4,0,Weekday,0,STORE_001,Small,Urban,Biscuits,Non-Perishable,45,22,23,9.64,0.094,192.31,Low,29
17-01-2025,17,1,4,0,Weekday,0,STORE_001,Small,Urban,Snacks,Non-Perishable,40,27,13,75.36,0.0,2034.69,Medium,34
17-01-2025,17,1,4,0,Weekday,0,STORE_001,Small,Urban,Masala,Non-Perishable,23,17,6,66.91,0.0,1137.4,Medium,23
17-01-2025,17,1,4,0,Weekday,0,STORE_001,Small,Urban,Sugar,Non-Perishable,31,23,8,50.36,0.0,1158.28,Medium,30
17-01-2025,17,1,4,0,Weekday,0,STORE_001,Small,Urban,Salt,Non-Perishable,25,16,9,16.06,0.0,256.99,Medium,22
17-01-2025,17,1,4,0,Weekday,0,STORE_001,Small,Urban,Bread,Perishable,2,1,1,31.58,0.0,31.58,Medium,6
17-01-2025,17,1,4,0,Weekday,0,STORE_001,Small,Urban,Eggs,Perishable,4,2,2,35.25,0.0,70.5,Medium,7
17-01-2025,17,1,4,0,Weekday,0,STORE_002,Medium,Semi-Urban,Milk,Perishable,12,12,0,23.39,0.0,280.63,High,18
17-01-2025,17,1,4,0,Weekday,0,STORE_002,Medium,Semi-Urban,Curd,Perishable,14,9,5,57.3,0.0,515.71,Medium,14
17-01-2025,17,1,4,0,Weekday,0,STORE_002,Medium,Semi-Urban,Paneer,Perishable,12,5,7,199.73,0.0,998.67,Low,10
17-01-2025,17,1,4,0,Weekday,0,STORE_002,Medium,Semi-Urban,Rice,Non-Perishable,57,56,1,74.41,0.0,4167.21,High,66
17-01-2025,17,1,4,0,Weekday,0,STORE_002,Medium,Semi-Urban,Toor Dal,Non-Perishable,78,69,9,100.8,0.0,6955.3,Medium,80
17-01-2025,17,1,4,0,Weekday,0,STORE_002,Medium,Semi-Urban,Wheat Flour,Non-Perishable,57,56,1,43.65,0.0,2444.47,High,66
17-01-2025,17,1,4,0,Weekday,0,STORE_002,Medium,Semi-Urban,Cooking Oil,Non-Perishable,47,30,17,191.94,0.0,5758.2,Medium,38
17-01-2025,17,1,4,0,Weekday,0,STORE_002,Medium,Semi-Urban,Biscuits,Non-Perishable,53,35,18,24.01,0.0,840.35,Medium,43
17-01-2025,17,1,4,0,Weekday,0,STORE_002,Medium,Semi-Urban,Snacks,Non-Perishable,61,56,5,22.42,0.0,1255.52,High,66
17-01-2025,17,1,4,0,Weekday,0,STORE_002,Medium,Semi-Urban,Masala,Non-Perishable,97,92,5,50.43,0.0,4639.4,High,106
17-01-2025,17,1,4,0,Weekday,0,STORE_002,Medium,Semi-Urban,Sugar,Non-Perishable,105,90,15,41.73,0.0,3756.07,Medium,104
17-01-2025,17,1,4,0,Weekday,0,STORE_002,Medium,Semi-Urban,Salt,Non-Perishable,129,92,37,24.35,0.0,2240.56,Medium,106
17-01-2025,17,1,4,0,Weekday,0,STORE_002,Medium,Semi-Urban,Bread,Perishable,15,13,2,51.02,0.0,663.32,Medium,19
17-01-2025,17,1,4,0,Weekday,0,STORE_002,Medium,Semi-Urban,Eggs,Perishable,10,10,0,31.28,0.0,312.76,High,16
17-01-2025,17,1,4,0,Weekday,0,STORE_003,Supermarket,Rural,Milk,Perishable,36,27,9,26.9,0.0,726.4,Medium,34
17-01-2025,17,1,4,0,Weekday,0,STORE_003,Supermarket,Rural,Curd,Perishable,32,32,0,44.38,0.0,1420.01,High,40
17-01-2025,17,1,4,0,Weekday,0,STORE_003,Supermarket,Rural,Paneer,Perishable,18,12,6,184.09,0.0,2209.1,Medium,18
17-01-2025,17,1,4,0,Weekday,0,STORE_003,Supermarket,Rural,Rice,Non-Perishable,159,111,48,52.3,0.0,5804.82,Medium,127
17-01-2025,17,1,4,0,Weekday,0,STORE_003,Supermarket,Rural,Toor Dal,Non-Perishable,85,85,0,120.54,0.0,10245.61,High,98
17-01-2025,17,1,4,0,Weekday,0,STORE_003,Supermarket,Rural,Wheat Flour,Non-Perishable,138,138,0,32.37,0.0,4466.37,High,156
17-01-2025,17,1,4,0,Weekday,0,STORE_003,Supermarket,Rural,Cooking Oil,Non-Perishable,135,135,0,189.15,0.0,25535.16,High,153
17-01-2025,17,1,4,0,Weekday,0,STORE_003,Supermarket,Rural,Biscuits,Non-Perishable,104,94,10,7.08,0.0,665.57,High,108
17-01-2025,17,1,4,0,Weekday,0,STORE_003,Supermarket,Rural,Snacks,Non-Perishable,109,82,27,69.59,0.0,5706.21,Medium,95
17-01-2025,17,1,4,0,Weekday,0,STORE_003,Supermarket,Rural,Masala,Non-Perishable,95,70,25,77.55,0.0,5428.68,Medium,82
17-01-2025,17,1,4,0,Weekday,0,STORE_003,Supermarket,Rural,Sugar,Non-Perishable,161,103,58,44.55,0.0,4588.61,Medium,118
17-01-2025,17,1,4,0,Weekday,0,STORE_003,Supermarket,Rural,Salt,Non-Perishable,203,179,24,19.85,0.0,3553.56,Medium,201
17-01-2025,17,1,4,0,Weekday,0,STORE_003,Supermarket,Rural,Bread,Perishable,23,16,7,35.53,0.052,538.8,Medium,22
17-01-2025,17,1,4,0,Weekday,0,STORE_003,Supermarket,Rural,Eggs,Perishable,18,18,0,38.57,0.128,605.11,High,24
18-01-2025,18,1,5,1,Weekend,0,STORE_001,Small,Urban,Milk,Perishable,8,5,3,27.06,0.0,135.3,Medium,10
18-01-2025,18,1,5,1,Weekend,0,STORE_001,Small,Urban,Curd,Perishable,5,5,0,59.24,0.0,296.21,High,10
18-01-2025,18,1,5,1,Weekend,0,STORE_001,Small,Urban,Paneer,Perishable,6,6,0,199.53,0.0,1197.18,High,11
18-01-2025,18,1,5,1,Weekend,0,STORE_001,Small,Urban,Rice,Non-Perishable,34,29,5,56.18,0.0,1629.24,Medium,36
18-01-2025,18,1,5,1,Weekend,0,STORE_001,Small,Urban,Toor Dal,Non-Perishable,55,38,17,147.24,0.0,5594.94,Medium,46
18-01-2025,18,1,5,1,Weekend,0,STORE_001,Small,Urban,Wheat Flour,Non-Perishable,59,42,17,43.97,0.066,1724.49,Medium,51
18-01-2025,18,1,5,1,Weekend,0,STORE_001,Small,Urban,Cooking Oil,Non-Perishable,34,25,9,178.65,0.0,4466.32,Medium,32
18-01-2025,18,1,5,1,Weekend,0,STORE_001,Small,Urban,Biscuits,Non-Perishable,54,54,0,9.23,0.0,498.37,High,64
18-01-2025,18,1,5,1,Weekend,0,STORE_001,Small,Urban,Snacks,Non-Perishable,41,34,7,50.91,0.0,1730.94,Medium,42
18-01-2025,18,1,5,1,Weekend,0,STORE_001,Small,Urban,Masala,Non-Perishable,45,45,0,70.76,0.0,3184.26,High,54
18-01-2025,18,1,5,1,Weekend,0,STORE_001,Small,Urban,Sugar,Non-Perishable,31,31,0,56.2,0.0,1742.19,High,39
18-01-2025,18,1,5,1,Weekend,0,STORE_001,Small,Urban,Salt,Non-Perishable,51,51,0,21.48,0.0,1095.63,High,61
18-01-2025,18,1,5,1,Weekend,0,STORE_001,Small,Urban,Bread,Perishable,4,3,1,51.54,0.0,154.62,Medium,8
18-01-2025,18,1,5,1,Weekend,0,STORE_001,Small,Urban,Eggs,Perishable,8,5,3,34.88,0.0,174.4,Medium,10
18-01-2025,18,1,5,1,Weekend,0,STORE_002,Medium,Semi-Urban,Milk,Perishable,10,7,3,30.94,0.0,216.59,Medium,12
18-01-2025,18,1,5,1,Weekend,0,STORE_002,Medium,Semi-Urban,Curd,Perishable,12,8,4,47.07,0.0,376.56,Medium,13
18-01-2025,18,1,5,1,Weekend,0,STORE_002,Medium,Semi-Urban,Paneer,Perishable,22,15,7,248.83,0.0,3732.51,Medium,21
18-01-2025,18,1,5,1,Weekend,0,STORE_002,Medium,Semi-Urban,Rice,Non-Perishable,81,70,11,77.07,0.11,4803.85,Medium,82
18-01-2025,18,1,5,1,Weekend,0,STORE_002,Medium,Semi-Urban,Toor Dal,Non-Perishable,76,72,4,147.67,0.07,9888.64,High,84
18-01-2025,18,1,5,1,Weekend,0,STORE_002,Medium,Semi-Urban,Wheat Flour,Non-Perishable,57,55,2,30.79,0.0,1693.7,High,65
18-01-2025,18,1,5,1,Weekend,0,STORE_002,Medium,Semi-Urban,Cooking Oil,Non-Perishable,86,54,32,198.12,0.0,10698.29,Medium,64
18-01-2025,18,1,5,1,Weekend,0,STORE_002,Medium,Semi-Urban,Biscuits,Non-Perishable,128,128,0,11.67,0.0,1493.74,High,145
18-01-2025,18,1,5,1,Weekend,0,STORE_002,Medium,Semi-Urban,Snacks,Non-Perishable,42,31,11,23.65,0.0,733.28,Medium,39
18-01-2025,18,1,5,1,Weekend,0,STORE_002,Medium,Semi-Urban,Masala,Non-Perishable,91,91,0,101.3,0.0,9218.27,High,105
18-01-2025,18,1,5,1,Weekend,0,STORE_002,Medium,Semi-Urban,Sugar,Non-Perishable,115,109,6,44.5,0.0,4850.85,High,124
18-01-2025,18,1,5,1,Weekend,0,STORE_002,Medium,Semi-Urban,Salt,Non-Perishable,71,71,0,20.68,0.0,1468.47,High,83
18-01-2025,18,1,5,1,Weekend,0,STORE_002,Medium,Semi-Urban,Bread,Perishable,12,11,1,45.56,0.073,464.46,High,17
18-01-2025,18,1,5,1,Weekend,0,STORE_002,Medium,Semi-Urban,Eggs,Perishable,9,9,0,36.46,0.0,328.11,High,14
18-01-2025,18,1,5,1,Weekend,0,STORE_003,Supermarket,Rural,Milk,Perishable,22,22,0,32.09,0.0,705.9,High,29
18-01-2025,18,1,5,1,Weekend,0,STORE_003,Supermarket,Rural,Curd,Perishable,28,19,9,51.55,0.0,979.39,Medium,25
18-01-2025,18,1,5,1,Weekend,0,STORE_003,Supermarket,Rural,Paneer,Perishable,21,21,0,200.49,0.0,4210.2,High,28
18-01-2025,18,1,5,1,Weekend,0,STORE_003,Supermarket,Rural,Rice,Non-Perishable,150,135,15,54.17,0.138,6306.16,High,153
18-01-2025,18,1,5,1,Weekend,0,STORE_003,Supermarket,Rural,Toor Dal,Non-Perishable,69,58,11,131.3,0.061,7149.18,Medium,68
18-01-2025,18,1,5,1,Weekend,0,STORE_003,Supermarket,Rural,Wheat Flour,Non-Perishable,203,203,0,32.7,0.0,6638.34,High,228
18-01-2025,18,1,5,1,Weekend,0,STORE_003,Supermarket,Rural,Cooking Oil,Non-Perishable,189,151,38,171.13,0.0,25840.42,Medium,171
18-01-2025,18,1,5,1,Weekend,0,STORE_003,Supermarket,Rural,Biscuits,Non-Perishable,225,225,0,5.62,0.0,1263.62,High,252
18-01-2025,18,1,5,1,Weekend,0,STORE_003,Supermarket,Rural,Snacks,Non-Perishable,283,283,0,27.7,0.0,7839.38,High,316
18-01-2025,18,1,5,1,Weekend,0,STORE_003,Supermarket,Rural,Masala,Non-Perishable,175,113,62,68.98,0.0,7795.13,Medium,129
18-01-2025,18,1,5,1,Weekend,0,STORE_003,Supermarket,Rural,Sugar,Non-Perishable,109,80,29,52.82,0.0,4225.74,Medium,93
18-01-2025,18,1,5,1,Weekend,0,STORE_003,Supermarket,Rural,Salt,Non-Perishable,196,180,16,19.78,0.0,3560.16,High,203
18-01-2025,18,1,5,1,Weekend,0,STORE_003,Supermarket,Rural,Bread,Perishable,54,42,12,49.67,0.11,1856.97,Medium,51
18-01-2025,18,1,5,1,Weekend,0,STORE_003,Supermarket,Rural,Eggs,Perishable,28,27,1,31.54,0.0,851.56,High,34
19-01-2025,19,1,6,1,Weekend,0,STORE_001,Small,Urban,Milk,Perishable,12,7,5,23.32,0.0,163.27,Medium,12
19-01-2025,19,1,6,1,Weekend,0,STORE_001,Small,Urban,Curd,Perishable,4,3,1,48.76,0.0,146.28,Medium,8
19-01-2025,19,1,6,1,Weekend,0,STORE_001,Small,Urban,Paneer,Perishable,5,4,1,192.9,0.109,687.66,Medium,9
19-01-2025,19,1,6,1,Weekend,0,STORE_001,Small,Urban,Rice,Non-Perishable,37,37,0,82.78,0.0,3062.85,High,45
19-01-2025,19,1,6,1,Weekend,0,STORE_001,Small,Urban,Toor Dal,Non-Perishable,26,26,0,133.76,0.0,3477.8,High,33
19-01-2025,19,1,6,1,Weekend,0,STORE_001,Small,Urban,Wheat Flour,Non-Perishable,36,30,6,42.17,0.0,1265.16,Medium,38
19-01-2025,19,1,6,1,Weekend,0,STORE_001,Small,Urban,Cooking Oil,Non-Perishable,37,37,0,182.52,0.0,6753.13,High,45
19-01-2025,19,1,6,1,Weekend,0,STORE_001,Small,Urban,Biscuits,Non-Perishable,44,27,17,12.15,0.0,328.14,Medium,34
19-01-2025,19,1,6,1,Weekend,0,STORE_001,Small,Urban,Snacks,Non-Perishable,52,45,7,30.55,0.0,1374.9,Medium,54
19-01-2025,19,1,6,1,Weekend,0,STORE_001,Small,Urban,Masala,Non-Perishable,43,40,3,100.72,0.0,4028.73,High,49
19-01-2025,19,1,6,1,Weekend,0,STORE_001,Small,Urban,Sugar,Non-Perishable,32,27,5,51.87,0.0,1400.59,Medium,34
19-01-2025,19,1,6,1,Weekend,0,STORE_001,Small,Urban,Salt,Non-Perishable,37,30,7,17.92,0.0,537.67,Medium,38
19-01-2025,19,1,6,1,Weekend,0,STORE_001,Small,Urban,Bread,Perishable,7,7,0,33.1,0.0,231.73,High,12
19-01-2025,19,1,6,1,Weekend,0,STORE_001,Small,Urban,Eggs,Perishable,4,3,1,48.91,0.0,146.74,Medium,8
19-01-2025,19,1,6,1,Weekend,0,STORE_002,Medium,Semi-Urban,Milk,Perishable,6,4,2,23.84,0.114,84.45,Medium,9
19-01-2025,19,1,6,1,Weekend,0,STORE_002,Medium,Semi-Urban,Curd,Perishable,18,18,0,56.43,0.0,1015.73,High,24
19-01-2025,19,1,6,1,Weekend,0,STORE_002,Medium,Semi-Urban,Paneer,Perishable,22,22,0,182.73,0.0,4020.07,High,29
19-01-2025,19,1,6,1,Weekend,0,STORE_002,Medium,Semi-Urban,Rice,Non-Perishable,126,124,2,56.54,0.0,7011.54,High,141
19-01-2025,19,1,6,1,Weekend,0,STORE_002,Medium,Semi-Urban,Toor Dal,Non-Perishable,104,104,0,105.35,0.0,10956.55,High,119
19-01-2025,19,1,6,1,Weekend,0,STORE_002,Medium,Semi-Urban,Wheat Flour,Non-Perishable,131,131,0,33.76,0.0,4421.94,High,149
19-01-2025,19,1,6,1,Weekend,0,STORE_002,Medium,Semi-Urban,Cooking Oil,Non-Perishable,123,123,0,140.23,0.077,15923.28,High,140
19-01-2025,19,1,6,1,Weekend,0,STORE_002,Medium,Semi-Urban,Biscuits,Non-Perishable,70,70,0,22.98,0.088,1468.1,High,82
19-01-2025,19,1,6,1,Weekend,0,STORE_002,Medium,Semi-Urban,Snacks,Non-Perishable,95,86,9,55.76,0.052,4547.7,High,99
19-01-2025,19,1,6,1,Weekend,0,STORE_002,Medium,Semi-Urban,Masala,Non-Perishable,124,124,0,56.91,0.0,7057.4,High,141
19-01-2025,19,1,6,1,Weekend,0,STORE_002,Medium,Semi-Urban,Sugar,Non-Perishable,49,38,11,59.55,0.0,2262.85,Medium,46
19-01-2025,19,1,6,1,Weekend,0,STORE_002,Medium,Semi-Urban,Salt,Non-Perishable,46,44,2,23.16,0.0,1019.02,High,53
19-01-2025,19,1,6,1,Weekend,0,STORE_002,Medium,Semi-Urban,Bread,Perishable,7,6,1,59.59,0.0,357.51,Medium,11
19-01-2025,19,1,6,1,Weekend,0,STORE_002,Medium,Semi-Urban,Eggs,Perishable,21,21,0,41.62,0.0,873.92,High,28
19-01-2025,19,1,6,1,Weekend,0,STORE_003,Supermarket,Rural,Milk,Perishable,14,14,0,26.7,0.0,373.74,High,20
19-01-2025,19,1,6,1,Weekend,0,STORE_003,Supermarket,Rural,Curd,Perishable,34,33,1,49.49,0.0,1633.19,High,41
19-01-2025,19,1,6,1,Weekend,0,STORE_003,Supermarket,Rural,Paneer,Perishable,10,8,2,224.1,0.0,1792.81,Medium,13
19-01-2025,19,1,6,1,Weekend,0,STORE_003,Supermarket,Rural,Rice,Non-Perishable,163,163,0,59.46,0.0,9691.82,High,184
19-01-2025,19,1,6,1,Weekend,0,STORE_003,Supermarket,Rural,Toor Dal,Non-Perishable,145,100,45,100.43,0.109,8951.81,Medium,115
19-01-2025,19,1,6,1,Weekend,0,STORE_003,Supermarket,Rural,Wheat Flour,Non-Perishable,151,133,18,39.36,0.0,5235.06,Medium,151
19-01-2025,19,1,6,1,Weekend,0,STORE_003,Supermarket,Rural,Cooking Oil,Non-Perishable,115,115,0,170.24,0.0,19577.88,High,131
19-01-2025,19,1,6,1,Weekend,0,STORE_003,Supermarket,Rural,Biscuits,Non-Perishable,114,103,11,16.2,0.0,1668.82,High,118
19-01-2025,19,1,6,1,Weekend,0,STORE_003,Supermarket,Rural,Snacks,Non-Perishable,188,188,0,53.95,0.0,10142.81,High,211
19-01-2025,19,1,6,1,Weekend,0,STORE_003,Supermarket,Rural,Masala,Non-Perishable,120,120,0,79.39,0.0,9526.72,High,137
19-01-2025,19,1,6,1,Weekend,0,STORE_003,Supermarket,Rural,Sugar,Non-Perishable,86,66,20,52.63,0.0,3473.64,Medium,77
19-01-2025,19,1,6,1,Weekend,0,STORE_003,Supermarket,Rural,Salt,Non-Perishable,83,79,4,19.47,0.0,1538.03,High,91
19-01-2025,19,1,6,1,Weekend,0,STORE_003,Supermarket,Rural,Bread,Perishable,26,26,0,45.52,0.148,1007.78,High,33
19-01-2025,19,1,6,1,Weekend,0,STORE_003,Supermarket,Rural,Eggs,Perishable,24,24,0,49.32,0.0,1183.6,High,31
20-01-2025,20,1,0,0,Weekday,0,STORE_001,Small,Urban,Milk,Perishable,9,7,2,33.6,0.083,215.67,Medium,12
20-01-2025,20,1,0,0,Weekday,0,STORE_001,Small,Urban,Curd,Perishable,4,4,0,53.69,0.0,214.78,High,9
20-01-2025,20,1,0,0,Weekday,0,STORE_001,Small,Urban,Paneer,Perishable,3,2,1,227.62,0.0,455.24,Medium,7
20-01-2025,20,1,0,0,Weekday,0,STORE_001,Small,Urban,Rice,Non-Perishable,31,25,6,51.79,0.0,1294.86,Medium,32
20-01-2025,20,1,0,0,Weekday,0,STORE_001,Small,Urban,Toor Dal,Non-Perishable,51,51,0,120.32,0.0,6136.48,High,61
20-01-2025,20,1,0,0,Weekday,0,STORE_001,Small,Urban,Wheat Flour,Non-Perishable,41,33,8,43.73,0.0,1443.09,Medium,41
20-01-2025,20,1,0,0,Weekday,0,STORE_001,Small,Urban,Cooking Oil,Non-Perishable,48,32,16,123.99,0.104,3555.97,Medium,40
20-01-2025,20,1,0,0,Weekday,0,STORE_001,Small,Urban,Biscuits,Non-Perishable,56,32,24,6.11,0.051,185.61,Medium,40
20-01-2025,20,1,0,0,Weekday,0,STORE_001,Small,Urban,Snacks,Non-Perishable,48,48,0,24.33,0.0,1167.97,High,57
20-01-2025,20,1,0,0,Weekday,0,STORE_001,Small,Urban,Masala,Non-Perishable,59,38,21,91.86,0.0,3490.7,Medium,46
20-01-2025,20,1,0,0,Weekday,0,STORE_001,Small,Urban,Sugar,Non-Perishable,63,63,0,52.54,0.0,3309.81,High,74
20-01-2025,20,1,0,0,Weekday,0,STORE_001,Small,Urban,Salt,Non-Perishable,28,21,7,19.55,0.0,410.54,Medium,28
20-01-2025,20,1,0,0,Weekday,0,STORE_001,Small,Urban,Bread,Perishable,8,4,4,55.68,0.059,209.58,Medium,9
20-01-2025,20,1,0,0,Weekday,0,STORE_001,Small,Urban,Eggs,Perishable,8,4,4,32.02,0.0,128.09,Medium,9
20-01-2025,20,1,0,0,Weekday,0,STORE_002,Medium,Semi-Urban,Milk,Perishable,10,8,2,33.36,0.137,230.39,Medium,13
20-01-2025,20,1,0,0,Weekday,0,STORE_002,Medium,Semi-Urban,Curd,Perishable,10,8,2,54.01,0.0,432.06,Medium,13
20-01-2025,20,1,0,0,Weekday,0,STORE_002,Medium,Semi-Urban,Paneer,Perishable,20,16,4,217.5,0.0,3479.97,Medium,22
20-01-2025,20,1,0,0,Weekday,0,STORE_002,Medium,Semi-Urban,Rice,Non-Perishable,66,39,27,83.87,0.0,3270.98,Medium,47
20-01-2025,20,1,0,0,Weekday,0,STORE_002,Medium,Semi-Urban,Toor Dal,Non-Perishable,43,42,1,124.32,0.0,5221.61,High,51
20-01-2025,20,1,0,0,Weekday,0,STORE_002,Medium,Semi-Urban,Wheat Flour,Non-Perishable,46,43,3,28.38,0.0,1220.22,High,52
20-01-2025,20,1,0,0,Weekday,0,STORE_002,Medium,Semi-Urban,Cooking Oil,Non-Perishable,61,53,8,155.78,0.0,8256.56,Medium,63
20-01-2025,20,1,0,0,Weekday,0,STORE_002,Medium,Semi-Urban,Biscuits,Non-Perishable,66,44,22,23.99,0.0,1055.47,Medium,53
20-01-2025,20,1,0,0,Weekday,0,STORE_002,Medium,Semi-Urban,Snacks,Non-Perishable,60,47,13,32.3,0.0,1518.04,Medium,56
20-01-2025,20,1,0,0,Weekday,0,STORE_002,Medium,Semi-Urban,Masala,Non-Perishable,87,55,32,68.2,0.0,3751.13,Medium,65
20-01-2025,20,1,0,0,Weekday,0,STORE_002,Medium,Semi-Urban,Sugar,Non-Perishable,108,79,29,43.92,0.0,3469.65,Medium,91
20-01-2025,20,1,0,0,Weekday,0,STORE_002,Medium,Semi-Urban,Salt,Non-Perishable,125,81,44,17.7,0.0,1433.49,Medium,94
20-01-2025,20,1,0,0,Weekday,0,STORE_002,Medium,Semi-Urban,Bread,Perishable,25,19,6,30.12,0.0,572.23,Medium,25
20-01-2025,20,1,0,0,Weekday,0,STORE_002,Medium,Semi-Urban,Eggs,Perishable,17,13,4,33.03,0.0,429.33,Medium,19
20-01-2025,20,1,0,0,Weekday,0,STORE_003,Supermarket,Rural,Milk,Perishable,23,12,11,30.29,0.0,363.43,Medium,18
20-01-2025,20,1,0,0,Weekday,0,STORE_003,Supermarket,Rural,Curd,Perishable,28,23,5,55.66,0.0,1280.25,Medium,30
20-01-2025,20,1,0,0,Weekday,0,STORE_003,Supermarket,Rural,Paneer,Perishable,18,16,2,183.52,0.069,2734.53,Medium,22
20-01-2025,20,1,0,0,Weekday,0,STORE_003,Supermarket,Rural,Rice,Non-Perishable,100,72,28,83.44,0.0,6007.91,Medium,84
20-01-2025,20,1,0,0,Weekday,0,STORE_003,Supermarket,Rural,Toor Dal,Non-Perishable,89,41,48,149.33,0.064,5729.29,Low,50
20-01-2025,20,1,0,0,Weekday,0,STORE_003,Supermarket,Rural,Wheat Flour,Non-Perishable,124,93,31,35.24,0.0,3277.21,Medium,107
20-01-2025,20,1,0,0,Weekday,0,STORE_003,Supermarket,Rural,Cooking Oil,Non-Perishable,94,61,33,129.31,0.0,7887.7,Medium,72
20-01-2025,20,1,0,0,Weekday,0,STORE_003,Supermarket,Rural,Biscuits,Non-Perishable,203,164,39,8.39,0.12,1211.29,Medium,185
20-01-2025,20,1,0,0,Weekday,0,STORE_003,Supermarket,Rural,Snacks,Non-Perishable,97,76,21,70.53,0.0,5360.4,Medium,88
20-01-2025,20,1,0,0,Weekday,0,STORE_003,Supermarket,Rural,Masala,Non-Perishable,101,74,27,92.02,0.145,5823.59,Medium,86
20-01-2025,20,1,0,0,Weekday,0,STORE_003,Supermarket,Rural,Sugar,Non-Perishable,229,134,95,48.02,0.0,6434.6,Medium,152
20-01-2025,20,1,0,0,Weekday,0,STORE_003,Supermarket,Rural,Salt,Non-Perishable,221,129,92,18.73,0.0,2416.63,Medium,146
20-01-2025,20,1,0,0,Weekday,0,STORE_003,Supermarket,Rural,Bread,Perishable,32,24,8,33.64,0.0,807.39,Medium,31
20-01-2025,20,1,0,0,Weekday,0,STORE_003,Supermarket,Rural,Eggs,Perishable,33,30,3,41.08,0.0,1232.46,High,38
21-01-2025,21,1,1,0,Weekday,0,STORE_001,Small,Urban,Milk,Perishable,12,10,2,33.96,0.104,304.12,Medium,16
21-01-2025,21,1,1,0,Weekday,0,STORE_001,Small,Urban,Curd,Perishable,4,3,1,55.95,0.0,167.85,Medium,8
21-01-2025,21,1,1,0,Weekday,0,STORE_001,Small,Urban,Paneer,Perishable,3,1,2,226.44,0.0,226.44,Low,6
21-01-2025,21,1,1,0,Weekday,0,STORE_001,Small,Urban,Rice,Non-Perishable,54,39,15,88.99,0.0,3470.63,Medium,47
21-01-2025,21,1,1,0,Weekday,0,STORE_001,Small,Urban,Toor Dal,Non-Perishable,49,26,23,146.42,0.105,3407.39,Medium,33
21-01-2025,21,1,1,0,Weekday,0,STORE_001,Small,Urban,Wheat Flour,Non-Perishable,55,41,14,41.87,0.0,1716.82,Medium,50
21-01-2025,21,1,1,0,Weekday,0,STORE_001,Small,Urban,Cooking Oil,Non-Perishable,56,40,16,189.42,0.0,7576.71,Medium,49
21-01-2025,21,1,1,0,Weekday,0,STORE_001,Small,Urban,Biscuits,Non-Perishable,69,51,18,28.79,0.0,1468.42,Medium,61
21-01-2025,21,1,1,0,Weekday,0,STORE_001,Small,Urban,Snacks,Non-Perishable,48,33,15,66.98,0.0,2210.19,Medium,41
21-01-2025,21,1,1,0,Weekday,0,STORE_001,Small,Urban,Masala,Non-Perishable,50,47,3,70.1,0.0,3294.48,High,56
21-01-2025,21,1,1,0,Weekday,0,STORE_001,Small,Urban,Sugar,Non-Perishable,52,44,8,45.55,0.0,2004.22,Medium,53
21-01-2025,21,1,1,0,Weekday,0,STORE_001,Small,Urban,Salt,Non-Perishable,38,20,18,21.18,0.0,423.62,Medium,27
21-01-2025,21,1,1,0,Weekday,0,STORE_001,Small,Urban,Bread,Perishable,8,3,5,31.13,0.0,93.38,Low,8
21-01-2025,21,1,1,0,Weekday,0,STORE_001,Small,Urban,Eggs,Perishable,5,4,1,33.36,0.0,133.46,Medium,9
21-01-2025,21,1,1,0,Weekday,0,STORE_002,Medium,Semi-Urban,Milk,Perishable,24,24,0,27.43,0.077,607.39,High,31
21-01-2025,21,1,1,0,Weekday,0,STORE_002,Medium,Semi-Urban,Curd,Perishable,31,26,5,50.36,0.107,1169.45,Medium,33
21-01-2025,21,1,1,0,Weekday,0,STORE_002,Medium,Semi-Urban,Paneer,Perishable,11,8,3,184.54,0.0,1476.34,Medium,13
21-01-2025,21,1,1,0,Weekday,0,STORE_002,Medium,Semi-Urban,Rice,Non-Perishable,101,90,11,64.27,0.0,5784.37,Medium,104
21-01-2025,21,1,1,0,Weekday,0,STORE_002,Medium,Semi-Urban,Toor Dal,Non-Perishable,140,123,17,110.47,0.124,11900.87,Medium,140
21-01-2025,21,1,1,0,Weekday,0,STORE_002,Medium,Semi-Urban,Wheat Flour,Non-Perishable,86,59,27,35.6,0.075,1943.63,Medium,69
21-01-2025,21,1,1,0,Weekday,0,STORE_002,Medium,Semi-Urban,Cooking Oil,Non-Perishable,114,114,0,127.05,0.0,14483.86,High,130
21-01-2025,21,1,1,0,Weekday,0,STORE_002,Medium,Semi-Urban,Biscuits,Non-Perishable,96,77,19,17.45,0.0,1344.01,Medium,89
21-01-2025,21,1,1,0,Weekday,0,STORE_002,Medium,Semi-Urban,Snacks,Non-Perishable,61,49,12,23.59,0.0,1155.7,Medium,58
21-01-2025,21,1,1,0,Weekday,0,STORE_002,Medium,Semi-Urban,Masala,Non-Perishable,101,48,53,43.82,0.0,2103.48,Low,57
21-01-2025,21,1,1,0,Weekday,0,STORE_002,Medium,Semi-Urban,Sugar,Non-Perishable,116,58,58,55.24,0.0,3203.84,Medium,68
21-01-2025,21,1,1,0,Weekday,0,STORE_002,Medium,Semi-Urban,Salt,Non-Perishable,136,116,20,19.36,0.0,2245.84,Medium,132
21-01-2025,21,1,1,0,Weekday,0,STORE_002,Medium,Semi-Urban,Bread,Perishable,20,17,3,56.45,0.0,959.63,Medium,23
21-01-2025,21,1,1,0,Weekday,0,STORE_002,Medium,Semi-Urban,Eggs,Perishable,6,5,1,32.52,0.0,162.61,Medium,10
21-01-2025,21,1,1,0,Weekday,0,STORE_003,Supermarket,Rural,Milk,Perishable,16,13,3,34.59,0.0,449.73,Medium,19
21-01-2025,21,1,1,0,Weekday,0,STORE_003,Supermarket,Rural,Curd,Perishable,27,20,7,48.61,0.0,972.14,Medium,27
21-01-2025,21,1,1,0,Weekday,0,STORE_003,Supermarket,Rural,Paneer,Perishable,31,26,5,198.57,0.0,5162.72,Medium,33
21-01-2025,21,1,1,0,Weekday,0,STORE_003,Supermarket,Rural,Rice,Non-Perishable,209,192,17,71.52,0.143,11763.44,High,216
21-01-2025,21,1,1,0,Weekday,0,STORE_003,Supermarket,Rural,Toor Dal,Non-Perishable,94,61,33,146.23,0.0,8920.21,Medium,72
21-01-2025,21,1,1,0,Weekday,0,STORE_003,Supermarket,Rural,Wheat Flour,Non-Perishable,60,45,15,34.65,0.0,1559.24,Medium,54
21-01-2025,21,1,1,0,Weekday,0,STORE_003,Supermarket,Rural,Cooking Oil,Non-Perishable,112,81,31,177.18,0.0,14351.23,Medium,94
21-01-2025,21,1,1,0,Weekday,0,STORE_003,Supermarket,Rural,Biscuits,Non-Perishable,64,53,11,8.27,0.0,438.09,Medium,63
21-01-2025,21,1,1,0,Weekday,0,STORE_003,Supermarket,Rural,Snacks,Non-Perishable,262,219,43,68.46,0.0,14992.2,Medium,245
21-01-2025,21,1,1,0,Weekday,0,STORE_003,Supermarket,Rural,Masala,Non-Perishable,195,142,53,102.63,0.0,14573.16,Medium,161
21-01-2025,21,1,1,0,Weekday,0,STORE_003,Supermarket,Rural,Sugar,Non-Perishable,127,93,34,43.11,0.0,4009.59,Medium,107
21-01-2025,21,1,1,0,Weekday,0,STORE_003,Supermarket,Rural,Salt,Non-Perishable,159,141,18,24.99,0.134,3052.57,Medium,160
21-01-2025,21,1,1,0,Weekday,0,STORE_003,Supermarket,Rural,Bread,Perishable,25,19,6,43.8,0.0,832.17,Medium,25
21-01-2025,21,1,1,0,Weekday,0,STORE_003,Supermarket,Rural,Eggs,Perishable,18,14,4,39.9,0.106,499.39,Medium,20
22-01-2025,22,1,2,0,Weekday,0,STORE_001,Small,Urban,Milk,Perishable,8,3,5,22.11,0.0,66.33,Low,8
22-01-2025,22,1,2,0,Weekday,0,STORE_001,Small,Urban,Curd,Perishable,4,3,1,59.1,0.0,177.31,Medium,8
22-01-2025,22,1,2,0,Weekday,0,STORE_001,Small,Urban,Paneer,Perishable,7,7,0,219.21,0.0,1534.46,High,12
22-01-2025,22,1,2,0,Weekday,0,STORE_001,Small,Urban,Rice,Non-Perishable,48,40,8,85.25,0.121,2998.49,Medium,49
22-01-2025,22,1,2,0,Weekday,0,STORE_001,Small,Urban,Toor Dal,Non-Perishable,37,23,14,136.98,0.117,2782.16,Medium,30
22-01-2025,22,1,2,0,Weekday,0,STORE_001,Small,Urban,Wheat Flour,Non-Perishable,31,24,7,40.81,0.0,979.45,Medium,31
22-01-2025,22,1,2,0,Weekday,0,STORE_001,Small,Urban,Cooking Oil,Non-Perishable,45,41,4,140.16,0.0,5746.55,High,50
22-01-2025,22,1,2,0,Weekday,0,STORE_001,Small,Urban,Biscuits,Non-Perishable,20,15,5,25.18,0.0,377.67,Medium,21
22-01-2025,22,1,2,0,Weekday,0,STORE_001,Small,Urban,Snacks,Non-Perishable,17,15,2,65.85,0.0,987.69,Medium,21
22-01-2025,22,1,2,0,Weekday,0,STORE_001,Small,Urban,Masala,Non-Perishable,36,36,0,69.7,0.0,2509.26,High,44
22-01-2025,22,1,2,0,Weekday,0,STORE_001,Small,Urban,Sugar,Non-Perishable,50,35,15,43.43,0.0,1520.17,Medium,43
22-01-2025,22,1,2,0,Weekday,0,STORE_001,Small,Urban,Salt,Non-Perishable,46,33,13,16.38,0.0,540.67,Medium,41
22-01-2025,22,1,2,0,Weekday,0,STORE_001,Small,Urban,Bread,Perishable,9,9,0,43.49,0.0,391.45,High,14
22-01-2025,22,1,2,0,Weekday,0,STORE_001,Small,Urban,Eggs,Perishable,12,9,3,38.21,0.0,343.91,Medium,14
22-01-2025,22,1,2,0,Weekday,0,STORE_002,Medium,Semi-Urban,Milk,Perishable,8,5,3,27.43,0.0,137.17,Medium,10
22-01-2025,22,1,2,0,Weekday,0,STORE_002,Medium,Semi-Urban,Curd,Perishable,26,26,0,48.84,0.0,1269.76,High,33
22-01-2025,22,1,2,0,Weekday,0,STORE_002,Medium,Semi-Urban,Paneer,Perishable,15,8,7,189.12,0.0,1512.98,Medium,13
22-01-2025,22,1,2,0,Weekday,0,STORE_002,Medium,Semi-Urban,Rice,Non-Perishable,66,42,24,84.35,0.0,3542.69,Medium,51
22-01-2025,22,1,2,0,Weekday,0,STORE_002,Medium,Semi-Urban,Toor Dal,Non-Perishable,42,33,9,115.47,0.0,3810.46,Medium,41
22-01-2025,22,1,2,0,Weekday,0,STORE_002,Medium,Semi-Urban,Wheat Flour,Non-Perishable,68,68,0,26.45,0.0,1798.92,High,79
22-01-2025,22,1,2,0,Weekday,0,STORE_002,Medium,Semi-Urban,Cooking Oil,Non-Perishable,70,64,6,148.44,0.0,9500.31,High,75
22-01-2025,22,1,2,0,Weekday,0,STORE_002,Medium,Semi-Urban,Biscuits,Non-Perishable,136,118,18,12.57,0.0,1483.16,Medium,134
22-01-2025,22,1,2,0,Weekday,0,STORE_002,Medium,Semi-Urban,Snacks,Non-Perishable,132,102,30,33.92,0.0,3460.32,Medium,117
22-01-2025,22,1,2,0,Weekday,0,STORE_002,Medium,Semi-Urban,Masala,Non-Perishable,78,46,32,75.02,0.0,3451.04,Medium,55
22-01-2025,22,1,2,0,Weekday,0,STORE_002,Medium,Semi-Urban,Sugar,Non-Perishable,67,67,0,41.79,0.0,2800.13,High,78
22-01-2025,22,1,2,0,Weekday,0,STORE_002,Medium,Semi-Urban,Salt,Non-Perishable,54,50,4,17.24,0.0,861.8,High,60
22-01-2025,22,1,2,0,Weekday,0,STORE_002,Medium,Semi-Urban,Bread,Perishable,14,10,4,59.84,0.0,598.37,Medium,16
22-01-2025,22,1,2,0,Weekday,0,STORE_002,Medium,Semi-Urban,Eggs,Perishable,4,3,1,41.16,0.0,123.47,Medium,8
22-01-2025,22,1,2,0,Weekday,0,STORE_003,Supermarket,Rural,Milk,Perishable,12,9,3,25.73,0.0,231.56,Medium,14
22-01-2025,22,1,2,0,Weekday,0,STORE_003,Supermarket,Rural,Curd,Perishable,28,16,12,58.12,0.0,929.84,Medium,22
22-01-2025,22,1,2,0,Weekday,0,STORE_003,Supermarket,Rural,Paneer,Perishable,40,26,14,200.11,0.0,5202.81,Medium,33
22-01-2025,22,1,2,0,Weekday,0,STORE_003,Supermarket,Rural,Rice,Non-Perishable,141,130,11,69.28,0.0,9005.88,High,148
22-01-2025,22,1,2,0,Weekday,0,STORE_003,Supermarket,Rural,Toor Dal,Non-Perishable,119,97,22,115.18,0.0,11171.99,Medium,111
22-01-2025,22,1,2,0,Weekday,0,STORE_003,Supermarket,Rural,Wheat Flour,Non-Perishable,61,26,35,31.26,0.103,729.23,Low,33
22-01-2025,22,1,2,0,Weekday,0,STORE_003,Supermarket,Rural,Cooking Oil,Non-Perishable,109,76,33,179.16,0.0,13616.01,Medium,88
22-01-2025,22,1,2,0,Weekday,0,STORE_003,Supermarket,Rural,Biscuits,Non-Perishable,110,73,37,5.32,0.0,388.4,Medium,85
22-01-2025,22,1,2,0,Weekday,0,STORE_003,Supermarket,Rural,Snacks,Non-Perishable,129,110,19,78.51,0.0,8636.61,Medium,126
22-01-2025,22,1,2,0,Weekday,0,STORE_003,Supermarket,Rural,Masala,Non-Perishable,155,113,42,94.09,0.0,10631.88,Medium,129
22-01-2025,22,1,2,0,Weekday,0,STORE_003,Supermarket,Rural,Sugar,Non-Perishable,165,89,76,43.19,0.0,3843.72,Medium,102
22-01-2025,22,1,2,0,Weekday,0,STORE_003,Supermarket,Rural,Salt,Non-Perishable,132,124,8,24.09,0.0,2987.71,High,141
22-01-2025,22,1,2,0,Weekday,0,STORE_003,Supermarket,Rural,Bread,Perishable,23,16,7,57.29,0.0,916.6,Medium,22
22-01-2025,22,1,2,0,Weekday,0,STORE_003,Supermarket,Rural,Eggs,Perishable,17,13,4,40.65,0.0,528.41,Medium,19
23-01-2025,23,1,3,0,Weekday,0,STORE_001,Small,Urban,Milk,Perishable,9,6,3,30.06,0.0,180.36,Medium,11
23-01-2025,23,1,3,0,Weekday,0,STORE_001,Small,Urban,Curd,Perishable,6,4,2,55.38,0.0,221.5,Medium,9
23-01-2025,23,1,3,0,Weekday,0,STORE_001,Small,Urban,Paneer,Perishable,5,3,2,194.48,0.0,583.44,Medium,8
23-01-2025,23,1,3,0,Weekday,0,STORE_001,Small,Urban,Rice,Non-Perishable,51,35,16,87.2,0.0,3052.01,Medium,43
23-01-2025,23,1,3,0,Weekday,0,STORE_001,Small,Urban,Toor Dal,Non-Perishable,22,14,8,101.89,0.0,1426.45,Medium,20
23-01-2025,23,1,3,0,Weekday,0,STORE_001,Small,Urban,Wheat Flour,Non-Perishable,50,30,20,42.03,0.0,1260.89,Medium,38
23-01-2025,23,1,3,0,Weekday,0,STORE_001,Small,Urban,Cooking Oil,Non-Perishable,42,33,9,150.35,0.0,4961.53,Medium,41
23-01-2025,23,1,3,0,Weekday,0,STORE_001,Small,Urban,Biscuits,Non-Perishable,31,27,4,10.26,0.0,276.94,Medium,34
23-01-2025,23,1,3,0,Weekday,0,STORE_001,Small,Urban,Snacks,Non-Perishable,35,30,5,39.23,0.093,1067.89,Medium,38
23-01-2025,23,1,3,0,Weekday,0,STORE_001,Small,Urban,Masala,Non-Perishable,41,35,6,101.3,0.0,3545.65,Medium,43
23-01-2025,23,1,3,0,Weekday,0,STORE_001,Small,Urban,Sugar,Non-Perishable,37,32,5,55.27,0.073,1639.64,Medium,40
23-01-2025,23,1,3,0,Weekday,0,STORE_001,Small,Urban,Salt,Non-Perishable,36,30,6,19.47,0.132,506.97,Medium,38
23-01-2025,23,1,3,0,Weekday,0,STORE_001,Small,Urban,Bread,Perishable,7,4,3,41.99,0.0,167.97,Medium,9
23-01-2025,23,1,3,0,Weekday,0,STORE_001,Small,Urban,Eggs,Perishable,5,3,2,37.24,0.0,111.73,Medium,8
23-01-2025,23,1,3,0,Weekday,0,STORE_002,Medium,Semi-Urban,Milk,Perishable,25,13,12,27.67,0.0,359.69,Medium,19
23-01-2025,23,1,3,0,Weekday,0,STORE_002,Medium,Semi-Urban,Curd,Perishable,27,16,11,50.73,0.0,811.71,Medium,22
23-01-2025,23,1,3,0,Weekday,0,STORE_002,Medium,Semi-Urban,Paneer,Perishable,8,3,5,182.17,0.0,546.52,Low,8
23-01-2025,23,1,3,0,Weekday,0,STORE_002,Medium,Semi-Urban,Rice,Non-Perishable,101,88,13,73.19,0.0,6440.67,Medium,101
23-01-2025,23,1,3,0,Weekday,0,STORE_002,Medium,Semi-Urban,Toor Dal,Non-Perishable,37,27,10,118.84,0.0,3208.69,Medium,34
23-01-2025,23,1,3,0,Weekday,0,STORE_002,Medium,Semi-Urban,Wheat Flour,Non-Perishable,59,51,8,41.12,0.0,2097.02,Medium,61
23-01-2025,23,1,3,0,Weekday,0,STORE_002,Medium,Semi-Urban,Cooking Oil,Non-Perishable,138,119,19,179.81,0.0,21397.65,Medium,135
23-01-2025,23,1,3,0,Weekday,0,STORE_002,Medium,Semi-Urban,Biscuits,Non-Perishable,56,51,5,17.33,0.148,752.79,High,61
23-01-2025,23,1,3,0,Weekday,0,STORE_002,Medium,Semi-Urban,Snacks,Non-Perishable,62,36,26,46.74,0.0,1682.78,Medium,44
23-01-2025,23,1,3,0,Weekday,0,STORE_002,Medium,Semi-Urban,Masala,Non-Perishable,71,71,0,102.72,0.0,7292.96,High,83
23-01-2025,23,1,3,0,Weekday,0,STORE_002,Medium,Semi-Urban,Sugar,Non-Perishable,112,92,20,44.1,0.0,4057.54,Medium,106
23-01-2025,23,1,3,0,Weekday,0,STORE_002,Medium,Semi-Urban,Salt,Non-Perishable,80,73,7,19.9,0.13,1263.75,High,85
23-01-2025,23,1,3,0,Weekday,0,STORE_002,Medium,Semi-Urban,Bread,Perishable,9,6,3,53.36,0.11,284.89,Medium,11
23-01-2025,23,1,3,0,Weekday,0,STORE_002,Medium,Semi-Urban,Eggs,Perishable,10,8,2,37.3,0.0,298.41,Medium,13
23-01-2025,23,1,3,0,Weekday,0,STORE_003,Supermarket,Rural,Milk,Perishable,30,18,12,29.24,0.0,526.27,Medium,24
23-01-2025,23,1,3,0,Weekday,0,STORE_003,Supermarket,Rural,Curd,Perishable,25,13,12,52.96,0.115,609.05,Medium,19
23-01-2025,23,1,3,0,Weekday,0,STORE_003,Supermarket,Rural,Paneer,Perishable,11,11,0,221.47,0.0,2436.21,High,17
23-01-2025,23,1,3,0,Weekday,0,STORE_003,Supermarket,Rural,Rice,Non-Perishable,140,84,56,58.06,0.0,4876.7,Medium,97
23-01-2025,23,1,3,0,Weekday,0,STORE_003,Supermarket,Rural,Toor Dal,Non-Perishable,104,104,0,145.91,0.0,15175.08,High,119
23-01-2025,23,1,3,0,Weekday,0,STORE_003,Supermarket,Rural,Wheat Flour,Non-Perishable,204,151,53,26.32,0.0,3973.81,Medium,171
23-01-2025,23,1,3,0,Weekday,0,STORE_003,Supermarket,Rural,Cooking Oil,Non-Perishable,160,113,47,158.56,0.078,16523.02,Medium,129
23-01-2025,23,1,3,0,Weekday,0,STORE_003,Supermarket,Rural,Biscuits,Non-Perishable,171,171,0,21.78,0.0,3724.83,High,193
23-01-2025,23,1,3,0,Weekday,0,STORE_003,Supermarket,Rural,Snacks,Non-Perishable,147,146,1,76.75,0.127,9776.73,High,165
23-01-2025,23,1,3,0,Weekday,0,STORE_003,Supermarket,Rural,Masala,Non-Perishable,197,140,57,57.52,0.0,8053.46,Medium,159
23-01-2025,23,1,3,0,Weekday,0,STORE_003,Supermarket,Rural,Sugar,Non-Perishable,186,126,60,49.24,0.0,6203.75,Medium,143
23-01-2025,23,1,3,0,Weekday,0,STORE_003,Supermarket,Rural,Salt,Non-Perishable,102,67,35,21.99,0.0,1473.54,Medium,78
23-01-2025,23,1,3,0,Weekday,0,STORE_003,Supermarket,Rural,Bread,Perishable,21,14,7,56.6,0.0,792.47,Medium,20
23-01-2025,23,1,3,0,Weekday,0,STORE_003,Supermarket,Rural,Eggs,Perishable,20,16,4,45.41,0.0,726.54,Medium,22
24-01-2025,24,1,4,0,Weekday,0,STORE_001,Small,Urban,Milk,Perishable,7,6,1,33.99,0.0,203.93,Medium,11
24-01-2025,24,1,4,0,Weekday,0,STORE_001,Small,Urban,Curd,Perishable,7,5,2,49.73,0.0,248.64,Medium,10
24-01-2025,24,1,4,0,Weekday,0,STORE_001,Small,Urban,Paneer,Perishable,5,2,3,246.31,0.0,492.62,Low,7
24-01-2025,24,1,4,0,Weekday,0,STORE_001,Small,Urban,Rice,Non-Perishable,34,24,10,57.34,0.0,1376.24,Medium,31
24-01-2025,24,1,4,0,Weekday,0,STORE_001,Small,Urban,Toor Dal,Non-Perishable,49,44,5,125.46,0.111,4906.41,Medium,53
24-01-2025,24,1,4,0,Weekday,0,STORE_001,Small,Urban,Wheat Flour,Non-Perishable,23,20,3,43.92,0.0,878.43,Medium,27
24-01-2025,24,1,4,0,Weekday,0,STORE_001,Small,Urban,Cooking Oil,Non-Perishable,34,27,7,123.69,0.0,3339.51,Medium,34
24-01-2025,24,1,4,0,Weekday,0,STORE_001,Small,Urban,Biscuits,Non-Perishable,67,31,36,21.55,0.0,667.97,Low,39
24-01-2025,24,1,4,0,Weekday,0,STORE_001,Small,Urban,Snacks,Non-Perishable,34,31,3,60.11,0.0,1863.5,High,39
24-01-2025,24,1,4,0,Weekday,0,STORE_001,Small,Urban,Masala,Non-Perishable,35,16,19,61.22,0.0,979.56,Low,22
24-01-2025,24,1,4,0,Weekday,0,STORE_001,Small,Urban,Sugar,Non-Perishable,20,13,7,53.4,0.131,603.53,Medium,19
24-01-2025,24,1,4,0,Weekday,0,STORE_001,Small,Urban,Salt,Non-Perishable,64,44,20,18.55,0.0,816.2,Medium,53
24-01-2025,24,1,4,0,Weekday,0,STORE_001,Small,Urban,Bread,Perishable,9,9,0,32.84,0.0,295.53,High,14
24-01-2025,24,1,4,0,Weekday,0,STORE_001,Small,Urban,Eggs,Perishable,8,8,0,42.45,0.0,339.61,High,13
24-01-2025,24,1,4,0,Weekday,0,STORE_002,Medium,Semi-Urban,Milk,Perishable,14,11,3,28.41,0.0,312.47,Medium,17
24-01-2025,24,1,4,0,Weekday,0,STORE_002,Medium,Semi-Urban,Curd,Perishable,17,17,0,52.79,0.093,813.91,High,23
24-01-2025,24,1,4,0,Weekday,0,STORE_002,Medium,Semi-Urban,Paneer,Perishable,11,6,5,247.68,0.0,1486.08,Medium,11
24-01-2025,24,1,4,0,Weekday,0,STORE_002,Medium,Semi-Urban,Rice,Non-Perishable,101,53,48,51.57,0.0,2733.3,Medium,63
24-01-2025,24,1,4,0,Weekday,0,STORE_002,Medium,Semi-Urban,Toor Dal,Non-Perishable,70,66,4,103.4,0.0,6824.43,High,77
24-01-2025,24,1,4,0,Weekday,0,STORE_002,Medium,Semi-Urban,Wheat Flour,Non-Perishable,117,95,22,29.3,0.0,2783.96,Medium,109
24-01-2025,24,1,4,0,Weekday,0,STORE_002,Medium,Semi-Urban,Cooking Oil,Non-Perishable,96,60,36,195.52,0.0,11731.4,Medium,71
24-01-2025,24,1,4,0,Weekday,0,STORE_002,Medium,Semi-Urban,Biscuits,Non-Perishable,126,90,36,16.37,0.0,1473.64,Medium,104
24-01-2025,24,1,4,0,Weekday,0,STORE_002,Medium,Semi-Urban,Snacks,Non-Perishable,154,93,61,30.11,0.0,2799.9,Medium,107
24-01-2025,24,1,4,0,Weekday,0,STORE_002,Medium,Semi-Urban,Masala,Non-Perishable,105,79,26,96.36,0.0,7612.4,Medium,91
24-01-2025,24,1,4,0,Weekday,0,STORE_002,Medium,Semi-Urban,Sugar,Non-Perishable,104,42,62,43.78,0.0,1838.83,Low,51
24-01-2025,24,1,4,0,Weekday,0,STORE_002,Medium,Semi-Urban,Salt,Non-Perishable,79,40,39,16.21,0.103,581.78,Medium,49
24-01-2025,24,1,4,0,Weekday,0,STORE_002,Medium,Semi-Urban,Bread,Perishable,7,6,1,46.83,0.0,281.01,Medium,11
24-01-2025,24,1,4,0,Weekday,0,STORE_002,Medium,Semi-Urban,Eggs,Perishable,11,8,3,38.48,0.0,307.81,Medium,13
24-01-2025,24,1,4,0,Weekday,0,STORE_003,Supermarket,Rural,Milk,Perishable,12,9,3,33.64,0.0,302.72,Medium,14
24-01-2025,24,1,4,0,Weekday,0,STORE_003,Supermarket,Rural,Curd,Perishable,23,22,1,48.09,0.0,1057.99,High,29
24-01-2025,24,1,4,0,Weekday,0,STORE_003,Supermarket,Rural,Paneer,Perishable,37,23,14,211.27,0.0,4859.17,Medium,30
24-01-2025,24,1,4,0,Weekday,0,STORE_003,Supermarket,Rural,Rice,Non-Perishable,117,74,43,57.27,0.121,3723.59,Medium,86
24-01-2025,24,1,4,0,Weekday,0,STORE_003,Supermarket,Rural,Toor Dal,Non-Perishable,193,85,108,105.03,0.0,8927.63,Low,98
24-01-2025,24,1,4,0,Weekday,0,STORE_003,Supermarket,Rural,Wheat Flour,Non-Perishable,99,59,40,28.87,0.0,1703.27,Medium,69
24-01-2025,24,1,4,0,Weekday,0,STORE_003,Supermarket,Rural,Cooking Oil,Non-Perishable,153,111,42,171.14,0.063,17791.88,Medium,127
24-01-2025,24,1,4,0,Weekday,0,STORE_003,Supermarket,Rural,Biscuits,Non-Perishable,94,77,17,11.4,0.0,877.84,Medium,89
24-01-2025,24,1,4,0,Weekday,0,STORE_003,Supermarket,Rural,Snacks,Non-Perishable,110,58,52,79.93,0.0,4636.19,Medium,68
24-01-2025,24,1,4,0,Weekday,0,STORE_003,Supermarket,Rural,Masala,Non-Perishable,119,93,26,69.38,0.0,6452.55,Medium,107
24-01-2025,24,1,4,0,Weekday,0,STORE_003,Supermarket,Rural,Sugar,Non-Perishable,100,89,11,46.68,0.0,4154.77,Medium,102
24-01-2025,24,1,4,0,Weekday,0,STORE_003,Supermarket,Rural,Salt,Non-Perishable,95,62,33,19.97,0.0,1238.24,Medium,73
24-01-2025,24,1,4,0,Weekday,0,STORE_003,Supermarket,Rural,Bread,Perishable,31,27,4,44.89,0.0,1212.02,Medium,34
24-01-2025,24,1,4,0,Weekday,0,STORE_003,Supermarket,Rural,Eggs,Perishable,25,21,4,46.15,0.09,882.18,Medium,28
25-01-2025,25,1,5,1,Weekend,0,STORE_001,Small,Urban,Milk,Perishable,3,3,0,29.06,0.0,87.17,High,8
25-01-2025,25,1,5,1,Weekend,0,STORE_001,Small,Urban,Curd,Perishable,12,12,0,48.3,0.0,579.6,High,18
25-01-2025,25,1,5,1,Weekend,0,STORE_001,Small,Urban,Paneer,Perishable,5,3,2,199.97,0.0,599.9,Medium,8
25-01-2025,25,1,5,1,Weekend,0,STORE_001,Small,Urban,Rice,Non-Perishable,38,38,0,72.41,0.0,2751.73,High,46
25-01-2025,25,1,5,1,Weekend,0,STORE_001,Small,Urban,Toor Dal,Non-Perishable,50,50,0,104.23,0.072,4834.0,High,60
25-01-2025,25,1,5,1,Weekend,0,STORE_001,Small,Urban,Wheat Flour,Non-Perishable,29,22,7,32.02,0.0,704.43,Medium,29
25-01-2025,25,1,5,1,Weekend,0,STORE_001,Small,Urban,Cooking Oil,Non-Perishable,38,38,0,123.73,0.0,4701.92,High,46
25-01-2025,25,1,5,1,Weekend,0,STORE_001,Small,Urban,Biscuits,Non-Perishable,43,40,3,15.22,0.0,608.93,High,49
25-01-2025,25,1,5,1,Weekend,0,STORE_001,Small,Urban,Snacks,Non-Perishable,35,29,6,68.64,0.0,1990.45,Medium,36
25-01-2025,25,1,5,1,Weekend,0,STORE_001,Small,Urban,Masala,Non-Perishable,29,24,5,111.53,0.0,2676.67,Medium,31
25-01-2025,25,1,5,1,Weekend,0,STORE_001,Small,Urban,Sugar,Non-Perishable,50,38,12,54.93,0.067,1947.65,Medium,46
25-01-2025,25,1,5,1,Weekend,0,STORE_001,Small,Urban,Salt,Non-Perishable,16,13,3,21.72,0.0,282.33,Medium,19
25-01-2025,25,1,5,1,Weekend,0,STORE_001,Small,Urban,Bread,Perishable,12,12,0,45.66,0.069,509.96,High,18
25-01-2025,25,1,5,1,Weekend,0,STORE_001,Small,Urban,Eggs,Perishable,6,4,2,49.8,0.0,199.22,Medium,9
25-01-2025,25,1,5,1,Weekend,0,STORE_002,Medium,Semi-Urban,Milk,Perishable,12,12,0,33.75,0.0,405.03,High,18
25-01-2025,25,1,5,1,Weekend,0,STORE_002,Medium,Semi-Urban,Curd,Perishable,15,13,2,44.22,0.0,574.91,Medium,19
25-01-2025,25,1,5,1,Weekend,0,STORE_002,Medium,Semi-Urban,Paneer,Perishable,20,15,5,232.11,0.0,3481.64,Medium,21
25-01-2025,25,1,5,1,Weekend,0,STORE_002,Medium,Semi-Urban,Rice,Non-Perishable,118,115,3,77.62,0.0,8926.86,High,131
25-01-2025,25,1,5,1,Weekend,0,STORE_002,Medium,Semi-Urban,Toor Dal,Non-Perishable,132,107,25,130.16,0.0,13927.24,Medium,122
25-01-2025,25,1,5,1,Weekend,0,STORE_002,Medium,Semi-Urban,Wheat Flour,Non-Perishable,69,57,12,37.47,0.052,2023.7,Medium,67
25-01-2025,25,1,5,1,Weekend,0,STORE_002,Medium,Semi-Urban,Cooking Oil,Non-Perishable,73,52,21,161.17,0.0,8380.62,Medium,62
25-01-2025,25,1,5,1,Weekend,0,STORE_002,Medium,Semi-Urban,Biscuits,Non-Perishable,118,118,0,6.83,0.0,806.07,High,134
25-01-2025,25,1,5,1,Weekend,0,STORE_002,Medium,Semi-Urban,Snacks,Non-Perishable,103,103,0,22.3,0.0,2297.07,High,118
25-01-2025,25,1,5,1,Weekend,0,STORE_002,Medium,Semi-Urban,Masala,Non-Perishable,98,98,0,91.42,0.0,8959.57,High,112
25-01-2025,25,1,5,1,Weekend,0,STORE_002,Medium,Semi-Urban,Sugar,Non-Perishable,132,105,27,50.35,0.0,5287.02,Medium,120
25-01-2025,25,1,5,1,Weekend,0,STORE_002,Medium,Semi-Urban,Salt,Non-Perishable,90,79,11,24.38,0.0,1925.66,Medium,91
25-01-2025,25,1,5,1,Weekend,0,STORE_002,Medium,Semi-Urban,Bread,Perishable,13,12,1,39.19,0.0,470.25,High,18
25-01-2025,25,1,5,1,Weekend,0,STORE_002,Medium,Semi-Urban,Eggs,Perishable,17,17,0,48.72,0.0,828.24,High,23
25-01-2025,25,1,5,1,Weekend,0,STORE_003,Supermarket,Rural,Milk,Perishable,37,37,0,22.64,0.105,749.34,High,45
25-01-2025,25,1,5,1,Weekend,0,STORE_003,Supermarket,Rural,Curd,Perishable,15,15,0,47.34,0.0,710.03,High,21
25-01-2025,25,1,5,1,Weekend,0,STORE_003,Supermarket,Rural,Paneer,Perishable,25,19,6,245.16,0.125,4076.58,Medium,25
25-01-2025,25,1,5,1,Weekend,0,STORE_003,Supermarket,Rural,Rice,Non-Perishable,117,97,20,87.35,0.0,8472.67,Medium,111
25-01-2025,25,1,5,1,Weekend,0,STORE_003,Supermarket,Rural,Toor Dal,Non-Perishable,115,104,11,133.26,0.11,12329.68,High,119
25-01-2025,25,1,5,1,Weekend,0,STORE_003,Supermarket,Rural,Wheat Flour,Non-Perishable,161,161,0,36.99,0.0,5955.17,High,182
25-01-2025,25,1,5,1,Weekend,0,STORE_003,Supermarket,Rural,Cooking Oil,Non-Perishable,157,154,3,154.03,0.0,23720.39,High,174
25-01-2025,25,1,5,1,Weekend,0,STORE_003,Supermarket,Rural,Biscuits,Non-Perishable,81,81,0,9.91,0.0,802.79,High,94
25-01-2025,25,1,5,1,Weekend,0,STORE_003,Supermarket,Rural,Snacks,Non-Perishable,171,171,0,42.68,0.122,6408.83,High,193
25-01-2025,25,1,5,1,Weekend,0,STORE_003,Supermarket,Rural,Masala,Non-Perishable,247,223,24,66.74,0.084,13630.72,High,250
25-01-2025,25,1,5,1,Weekend,0,STORE_003,Supermarket,Rural,Sugar,Non-Perishable,132,132,0,40.26,0.0,5314.35,High,150
25-01-2025,25,1,5,1,Weekend,0,STORE_003,Supermarket,Rural,Salt,Non-Perishable,102,93,9,20.81,0.0,1935.73,High,107
25-01-2025,25,1,5,1,Weekend,0,STORE_003,Supermarket,Rural,Bread,Perishable,14,9,5,33.69,0.0,303.22,Medium,14
25-01-2025,25,1,5,1,Weekend,0,STORE_003,Supermarket,Rural,Eggs,Perishable,10,7,3,47.09,0.0,329.64,Medium,12
26-01-2025,26,1,6,1,Weekend,0,STORE_001,Small,Urban,Milk,Perishable,15,12,3,28.71,0.0,344.49,Medium,18
26-01-2025,26,1,6,1,Weekend,0,STORE_001,Small,Urban,Curd,Perishable,9,9,0,47.62,0.0,428.61,High,14
26-01-2025,26,1,6,1,Weekend,0,STORE_001,Small,Urban,Paneer,Perishable,5,5,0,186.65,0.0,933.27,High,10
26-01-2025,26,1,6,1,Weekend,0,STORE_001,Small,Urban,Rice,Non-Perishable,44,36,8,68.23,0.0,2456.15,Medium,44
26-01-2025,26,1,6,1,Weekend,0,STORE_001,Small,Urban,Toor Dal,Non-Perishable,55,55,0,123.23,0.0,6777.9,High,65
26-01-2025,26,1,6,1,Weekend,0,STORE_001,Small,Urban,Wheat Flour,Non-Perishable,58,30,28,25.27,0.0,758.18,Medium,38
26-01-2025,26,1,6,1,Weekend,0,STORE_001,Small,Urban,Cooking Oil,Non-Perishable,19,14,5,138.51,0.07,1804.01,Medium,20
26-01-2025,26,1,6,1,Weekend,0,STORE_001,Small,Urban,Biscuits,Non-Perishable,26,23,3,12.91,0.0,296.92,Medium,30
26-01-2025,26,1,6,1,Weekend,0,STORE_001,Small,Urban,Snacks,Non-Perishable,32,28,4,59.23,0.0,1658.35,Medium,35
26-01-2025,26,1,6,1,Weekend,0,STORE_001,Small,Urban,Masala,Non-Perishable,32,20,12,83.97,0.0,1679.4,Medium,27
26-01-2025,26,1,6,1,Weekend,0,STORE_001,Small,Urban,Sugar,Non-Perishable,50,41,9,43.01,0.0,1763.41,Medium,50
26-01-2025,26,1,6,1,Weekend,0,STORE_001,Small,Urban,Salt,Non-Perishable,40,35,5,22.06,0.0,772.12,Medium,43
26-01-2025,26,1,6,1,Weekend,0,STORE_001,Small,Urban,Bread,Perishable,6,4,2,31.32,0.0,125.3,Medium,9
26-01-2025,26,1,6,1,Weekend,0,STORE_001,Small,Urban,Eggs,Perishable,4,4,0,47.61,0.0,190.45,High,9
26-01-2025,26,1,6,1,Weekend,0,STORE_002,Medium,Semi-Urban,Milk,Perishable,21,14,7,23.48,0.0,328.7,Medium,20
26-01-2025,26,1,6,1,Weekend,0,STORE_002,Medium,Semi-Urban,Curd,Perishable,28,28,0,58.81,0.0,1646.62,High,35
26-01-2025,26,1,6,1,Weekend,0,STORE_002,Medium,Semi-Urban,Paneer,Perishable,7,6,1,221.77,0.0,1330.62,Medium,11
26-01-2025,26,1,6,1,Weekend,0,STORE_002,Medium,Semi-Urban,Rice,Non-Perishable,79,79,0,64.37,0.0,5085.51,High,91
26-01-2025,26,1,6,1,Weekend,0,STORE_002,Medium,Semi-Urban,Toor Dal,Non-Perishable,97,94,3,131.25,0.0,12337.24,High,108
26-01-2025,26,1,6,1,Weekend,0,STORE_002,Medium,Semi-Urban,Wheat Flour,Non-Perishable,94,94,0,37.06,0.139,2998.12,High,108
26-01-2025,26,1,6,1,Weekend,0,STORE_002,Medium,Semi-Urban,Cooking Oil,Non-Perishable,40,33,7,157.48,0.0,5196.74,Medium,41
26-01-2025,26,1,6,1,Weekend,0,STORE_002,Medium,Semi-Urban,Biscuits,Non-Perishable,71,66,5,27.38,0.0,1806.92,High,77
26-01-2025,26,1,6,1,Weekend,0,STORE_002,Medium,Semi-Urban,Snacks,Non-Perishable,78,66,12,65.45,0.0,4319.58,Medium,77
26-01-2025,26,1,6,1,Weekend,0,STORE_002,Medium,Semi-Urban,Masala,Non-Perishable,123,123,0,57.58,0.0,7082.07,High,140
26-01-2025,26,1,6,1,Weekend,0,STORE_002,Medium,Semi-Urban,Sugar,Non-Perishable,51,47,4,44.57,0.0,2094.72,High,56
26-01-2025,26,1,6,1,Weekend,0,STORE_002,Medium,Semi-Urban,Salt,Non-Perishable,60,44,16,19.55,0.0,860.34,Medium,53
26-01-2025,26,1,6,1,Weekend,0,STORE_002,Medium,Semi-Urban,Bread,Perishable,12,12,0,37.72,0.0,452.65,High,18
26-01-2025,26,1,6,1,Weekend,0,STORE_002,Medium,Semi-Urban,Eggs,Perishable,19,19,0,34.42,0.0,654.07,High,25
26-01-2025,26,1,6,1,Weekend,0,STORE_003,Supermarket,Rural,Milk,Perishable,18,16,2,32.94,0.0,527.1,Medium,22
26-01-2025,26,1,6,1,Weekend,0,STORE_003,Supermarket,Rural,Curd,Perishable,31,29,2,44.55,0.0,1292.03,High,36
26-01-2025,26,1,6,1,Weekend,0,STORE_003,Supermarket,Rural,Paneer,Perishable,32,32,0,186.93,0.0,5981.69,High,40
26-01-2025,26,1,6,1,Weekend,0,STORE_003,Supermarket,Rural,Rice,Non-Perishable,104,104,0,60.73,0.121,5554.91,High,119
26-01-2025,26,1,6,1,Weekend,0,STORE_003,Supermarket,Rural,Toor Dal,Non-Perishable,152,152,0,116.82,0.0,17755.98,High,172
26-01-2025,26,1,6,1,Weekend,0,STORE_003,Supermarket,Rural,Wheat Flour,Non-Perishable,148,129,19,43.97,0.0,5672.53,Medium,146
26-01-2025,26,1,6,1,Weekend,0,STORE_003,Supermarket,Rural,Cooking Oil,Non-Perishable,207,162,45,154.85,0.0,25085.24,Medium,183
26-01-2025,26,1,6,1,Weekend,0,STORE_003,Supermarket,Rural,Biscuits,Non-Perishable,129,108,21,20.24,0.0,2185.73,Medium,123
26-01-2025,26,1,6,1,Weekend,0,STORE_003,Supermarket,Rural,Snacks,Non-Perishable,250,179,71,60.98,0.0,10916.17,Medium,201
26-01-2025,26,1,6,1,Weekend,0,STORE_003,Supermarket,Rural,Masala,Non-Perishable,214,202,12,109.01,0.0,22020.83,High,227
26-01-2025,26,1,6,1,Weekend,0,STORE_003,Supermarket,Rural,Sugar,Non-Perishable,93,81,12,56.32,0.0,4562.29,Medium,94
26-01-2025,26,1,6,1,Weekend,0,STORE_003,Supermarket,Rural,Salt,Non-Perishable,219,181,38,16.99,0.0,3074.36,Medium,204
26-01-2025,26,1,6,1,Weekend,0,STORE_003,Supermarket,Rural,Bread,Perishable,19,19,0,51.93,0.0,986.73,High,25
26-01-2025,26,1,6,1,Weekend,0,STORE_003,Supermarket,Rural,Eggs,Perishable,11,9,2,32.36,0.0,291.23,Medium,14
27-01-2025,27,1,0,0,Weekday,0,STORE_001,Small,Urban,Milk,Perishable,5,3,2,34.62,0.0,103.87,Medium,8
27-01-2025,27,1,0,0,Weekday,0,STORE_001,Small,Urban,Curd,Perishable,6,6,0,50.78,0.0,304.68,High,11
27-01-2025,27,1,0,0,Weekday,0,STORE_001,Small,Urban,Paneer,Perishable,4,3,1,201.26,0.0,603.78,Medium,8
27-01-2025,27,1,0,0,Weekday,0,STORE_001,Small,Urban,Rice,Non-Perishable,41,27,14,54.13,0.0,1461.4,Medium,34
27-01-2025,27,1,0,0,Weekday,0,STORE_001,Small,Urban,Toor Dal,Non-Perishable,37,20,17,148.14,0.092,2690.02,Medium,27
27-01-2025,27,1,0,0,Weekday,0,STORE_001,Small,Urban,Wheat Flour,Non-Perishable,36,22,14,38.71,0.0,851.64,Medium,29
27-01-2025,27,1,0,0,Weekday,0,STORE_001,Small,Urban,Cooking Oil,Non-Perishable,34,21,13,143.05,0.0,3004.1,Medium,28
27-01-2025,27,1,0,0,Weekday,0,STORE_001,Small,Urban,Biscuits,Non-Perishable,25,17,8,8.82,0.15,127.56,Medium,23
27-01-2025,27,1,0,0,Weekday,0,STORE_001,Small,Urban,Snacks,Non-Perishable,28,22,6,72.4,0.0,1592.88,Medium,29
27-01-2025,27,1,0,0,Weekday,0,STORE_001,Small,Urban,Masala,Non-Perishable,31,22,9,94.18,0.0,2072.05,Medium,29
27-01-2025,27,1,0,0,Weekday,0,STORE_001,Small,Urban,Sugar,Non-Perishable,19,13,6,53.28,0.0,692.66,Medium,19
27-01-2025,27,1,0,0,Weekday,0,STORE_001,Small,Urban,Salt,Non-Perishable,23,23,0,16.74,0.0,385.02,High,30
27-01-2025,27,1,0,0,Weekday,0,STORE_001,Small,Urban,Bread,Perishable,7,4,3,38.85,0.0,155.41,Medium,9
27-01-2025,27,1,0,0,Weekday,0,STORE_001,Small,Urban,Eggs,Perishable,4,2,2,37.0,0.0,74.0,Medium,7
27-01-2025,27,1,0,0,Weekday,0,STORE_002,Medium,Semi-Urban,Milk,Perishable,10,8,2,32.36,0.0,258.88,Medium,13
27-01-2025,27,1,0,0,Weekday,0,STORE_002,Medium,Semi-Urban,Curd,Perishable,22,9,13,52.58,0.0,473.24,Low,14
27-01-2025,27,1,0,0,Weekday,0,STORE_002,Medium,Semi-Urban,Paneer,Perishable,28,22,6,195.13,0.0,4292.85,Medium,29
27-01-2025,27,1,0,0,Weekday,0,STORE_002,Medium,Semi-Urban,Rice,Non-Perishable,94,65,29,50.43,0.0,3277.74,Medium,76
27-01-2025,27,1,0,0,Weekday,0,STORE_002,Medium,Semi-Urban,Toor Dal,Non-Perishable,69,63,6,104.28,0.0,6569.64,High,74
27-01-2025,27,1,0,0,Weekday,0,STORE_002,Medium,Semi-Urban,Wheat Flour,Non-Perishable,102,79,23,38.14,0.0,3013.25,Medium,91
27-01-2025,27,1,0,0,Weekday,0,STORE_002,Medium,Semi-Urban,Cooking Oil,Non-Perishable,51,50,1,160.78,0.0,8038.94,High,60
27-01-2025,27,1,0,0,Weekday,0,STORE_002,Medium,Semi-Urban,Biscuits,Non-Perishable,109,88,21,26.84,0.0,2361.82,Medium,101
27-01-2025,27,1,0,0,Weekday,0,STORE_002,Medium,Semi-Urban,Snacks,Non-Perishable,126,103,23,24.25,0.0,2498.26,Medium,118
27-01-2025,27,1,0,0,Weekday,0,STORE_002,Medium,Semi-Urban,Masala,Non-Perishable,87,67,20,42.27,0.0,2831.89,Medium,78
27-01-2025,27,1,0,0,Weekday,0,STORE_002,Medium,Semi-Urban,Sugar,Non-Perishable,68,38,30,48.37,0.0,1838.02,Medium,46
27-01-2025,27,1,0,0,Weekday,0,STORE_002,Medium,Semi-Urban,Salt,Non-Perishable,128,96,32,18.96,0.0,1819.92,Medium,110
27-01-2025,27,1,0,0,Weekday,0,STORE_002,Medium,Semi-Urban,Bread,Perishable,12,7,5,36.18,0.0,253.28,Medium,12
27-01-2025,27,1,0,0,Weekday,0,STORE_002,Medium,Semi-Urban,Eggs,Perishable,21,21,0,47.28,0.0,992.98,High,28
27-01-2025,27,1,0,0,Weekday,0,STORE_003,Supermarket,Rural,Milk,Perishable,35,29,6,34.23,0.0,992.74,Medium,36
27-01-2025,27,1,0,0,Weekday,0,STORE_003,Supermarket,Rural,Curd,Perishable,52,45,7,43.6,0.0,1961.82,Medium,54
27-01-2025,27,1,0,0,Weekday,0,STORE_003,Supermarket,Rural,Paneer,Perishable,20,13,7,238.1,0.135,2676.71,Medium,19
27-01-2025,27,1,0,0,Weekday,0,STORE_003,Supermarket,Rural,Rice,Non-Perishable,148,116,32,71.23,0.066,7719.03,Medium,132
27-01-2025,27,1,0,0,Weekday,0,STORE_003,Supermarket,Rural,Toor Dal,Non-Perishable,124,46,78,122.37,0.0,5628.86,Low,55
27-01-2025,27,1,0,0,Weekday,0,STORE_003,Supermarket,Rural,Wheat Flour,Non-Perishable,150,104,46,32.94,0.0,3425.53,Medium,119
27-01-2025,27,1,0,0,Weekday,0,STORE_003,Supermarket,Rural,Cooking Oil,Non-Perishable,215,116,99,161.19,0.0,18698.53,Medium,132
27-01-2025,27,1,0,0,Weekday,0,STORE_003,Supermarket,Rural,Biscuits,Non-Perishable,119,109,10,29.39,0.0,3203.31,High,124
27-01-2025,27,1,0,0,Weekday,0,STORE_003,Supermarket,Rural,Snacks,Non-Perishable,265,226,39,55.38,0.0,12516.73,Medium,253
27-01-2025,27,1,0,0,Weekday,0,STORE_003,Supermarket,Rural,Masala,Non-Perishable,115,69,46,86.67,0.0,5980.0,Medium,80
27-01-2025,27,1,0,0,Weekday,0,STORE_003,Supermarket,Rural,Sugar,Non-Perishable,123,60,63,48.97,0.0,2938.18,Low,71
27-01-2025,27,1,0,0,Weekday,0,STORE_003,Supermarket,Rural,Salt,Non-Perishable,144,100,44,22.75,0.0,2275.41,Medium,115
27-01-2025,27,1,0,0,Weekday,0,STORE_003,Supermarket,Rural,Bread,Perishable,26,16,10,33.91,0.0,542.56,Medium,22
27-01-2025,27,1,0,0,Weekday,0,STORE_003,Supermarket,Rural,Eggs,Perishable,21,18,3,33.98,0.0,611.67,Medium,24
28-01-2025,28,1,1,0,Weekday,0,STORE_001,Small,Urban,Milk,Perishable,4,2,2,30.33,0.0,60.66,Medium,7
28-01-2025,28,1,1,0,Weekday,0,STORE_001,Small,Urban,Curd,Perishable,11,11,0,43.59,0.0,479.53,High,17
28-01-2025,28,1,1,0,Weekday,0,STORE_001,Small,Urban,Paneer,Perishable,7,6,1,228.64,0.0,1371.82,Medium,11
28-01-2025,28,1,1,0,Weekday,0,STORE_001,Small,Urban,Rice,Non-Perishable,74,48,26,88.27,0.0,4237.08,Medium,57
28-01-2025,28,1,1,0,Weekday,0,STORE_001,Small,Urban,Toor Dal,Non-Perishable,31,15,16,114.75,0.072,1597.25,Low,21
28-01-2025,28,1,1,0,Weekday,0,STORE_001,Small,Urban,Wheat Flour,Non-Perishable,61,37,24,39.1,0.115,1280.26,Medium,45
28-01-2025,28,1,1,0,Weekday,0,STORE_001,Small,Urban,Cooking Oil,Non-Perishable,26,17,9,177.65,0.0,3020.0,Medium,23
28-01-2025,28,1,1,0,Weekday,0,STORE_001,Small,Urban,Biscuits,Non-Perishable,45,42,3,25.26,0.097,958.06,High,51
28-01-2025,28,1,1,0,Weekday,0,STORE_001,Small,Urban,Snacks,Non-Perishable,29,27,2,38.97,0.0,1052.09,High,34
28-01-2025,28,1,1,0,Weekday,0,STORE_001,Small,Urban,Masala,Non-Perishable,48,38,10,98.67,0.11,3338.32,Medium,46
28-01-2025,28,1,1,0,Weekday,0,STORE_001,Small,Urban,Sugar,Non-Perishable,74,64,10,46.39,0.0,2968.73,Medium,75
28-01-2025,28,1,1,0,Weekday,0,STORE_001,Small,Urban,Salt,Non-Perishable,26,20,6,19.52,0.0,390.46,Medium,27
28-01-2025,28,1,1,0,Weekday,0,STORE_001,Small,Urban,Bread,Perishable,5,3,2,50.4,0.0,151.2,Medium,8
28-01-2025,28,1,1,0,Weekday,0,STORE_001,Small,Urban,Eggs,Perishable,7,5,2,40.83,0.0,204.13,Medium,10
28-01-2025,28,1,1,0,Weekday,0,STORE_002,Medium,Semi-Urban,Milk,Perishable,14,14,0,32.46,0.0,454.38,High,20
28-01-2025,28,1,1,0,Weekday,0,STORE_002,Medium,Semi-Urban,Curd,Perishable,11,11,0,47.76,0.141,451.07,High,17
28-01-2025,28,1,1,0,Weekday,0,STORE_002,Medium,Semi-Urban,Paneer,Perishable,13,10,3,221.56,0.0,2215.59,Medium,16
28-01-2025,28,1,1,0,Weekday,0,STORE_002,Medium,Semi-Urban,Rice,Non-Perishable,109,74,35,85.27,0.0,6310.29,Medium,86
28-01-2025,28,1,1,0,Weekday,0,STORE_002,Medium,Semi-Urban,Toor Dal,Non-Perishable,80,47,33,119.39,0.0,5611.25,Medium,56
28-01-2025,28,1,1,0,Weekday,0,STORE_002,Medium,Semi-Urban,Wheat Flour,Non-Perishable,42,35,7,28.46,0.0,995.97,Medium,43
28-01-2025,28,1,1,0,Weekday,0,STORE_002,Medium,Semi-Urban,Cooking Oil,Non-Perishable,103,90,13,157.63,0.0,14186.33,Medium,104
28-01-2025,28,1,1,0,Weekday,0,STORE_002,Medium,Semi-Urban,Biscuits,Non-Perishable,131,70,61,5.24,0.0,366.69,Medium,82
28-01-2025,28,1,1,0,Weekday,0,STORE_002,Medium,Semi-Urban,Snacks,Non-Perishable,122,84,38,59.32,0.0,4983.13,Medium,97
28-01-2025,28,1,1,0,Weekday,0,STORE_002,Medium,Semi-Urban,Masala,Non-Perishable,69,69,0,72.64,0.0,5012.27,High,80
28-01-2025,28,1,1,0,Weekday,0,STORE_002,Medium,Semi-Urban,Sugar,Non-Perishable,151,93,58,42.12,0.0,3917.33,Medium,107
28-01-2025,28,1,1,0,Weekday,0,STORE_002,Medium,Semi-Urban,Salt,Non-Perishable,58,52,6,16.61,0.0,863.77,Medium,62
28-01-2025,28,1,1,0,Weekday,0,STORE_002,Medium,Semi-Urban,Bread,Perishable,21,13,8,55.87,0.0,726.31,Medium,19
28-01-2025,28,1,1,0,Weekday,0,STORE_002,Medium,Semi-Urban,Eggs,Perishable,26,24,2,38.18,0.0,916.44,High,31
28-01-2025,28,1,1,0,Weekday,0,STORE_003,Supermarket,Rural,Milk,Perishable,22,20,2,27.53,0.0,550.5,High,27
28-01-2025,28,1,1,0,Weekday,0,STORE_003,Supermarket,Rural,Curd,Perishable,14,11,3,41.82,0.0,460.05,Medium,17
28-01-2025,28,1,1,0,Weekday,0,STORE_003,Supermarket,Rural,Paneer,Perishable,13,9,4,211.42,0.0,1902.81,Medium,14
28-01-2025,28,1,1,0,Weekday,0,STORE_003,Supermarket,Rural,Rice,Non-Perishable,164,127,37,66.48,0.1,7600.8,Medium,144
28-01-2025,28,1,1,0,Weekday,0,STORE_003,Supermarket,Rural,Toor Dal,Non-Perishable,75,47,28,147.36,0.1,6234.89,Medium,56
28-01-2025,28,1,1,0,Weekday,0,STORE_003,Supermarket,Rural,Wheat Flour,Non-Perishable,64,59,5,39.2,0.0,2312.72,High,69
28-01-2025,28,1,1,0,Weekday,0,STORE_003,Supermarket,Rural,Cooking Oil,Non-Perishable,71,38,33,166.84,0.0,6339.88,Medium,46
28-01-2025,28,1,1,0,Weekday,0,STORE_003,Supermarket,Rural,Biscuits,Non-Perishable,77,63,14,21.46,0.0,1351.8,Medium,74
28-01-2025,28,1,1,0,Weekday,0,STORE_003,Supermarket,Rural,Snacks,Non-Perishable,175,128,47,54.4,0.0,6963.72,Medium,145
28-01-2025,28,1,1,0,Weekday,0,STORE_003,Supermarket,Rural,Masala,Non-Perishable,107,82,25,80.35,0.0,6589.0,Medium,95
28-01-2025,28,1,1,0,Weekday,0,STORE_003,Supermarket,Rural,Sugar,Non-Perishable,205,195,10,48.53,0.0,9463.71,High,219
28-01-2025,28,1,1,0,Weekday,0,STORE_003,Supermarket,Rural,Salt,Non-Perishable,152,118,34,19.96,0.0,2354.95,Medium,134
28-01-2025,28,1,1,0,Weekday,0,STORE_003,Supermarket,Rural,Bread,Perishable,15,14,1,36.44,0.0,510.19,High,20
28-01-2025,28,1,1,0,Weekday,0,STORE_003,Supermarket,Rural,Eggs,Perishable,37,23,14,39.08,0.0,898.92,Medium,30
29-01-2025,29,1,2,0,Weekday,0,STORE_001,Small,Urban,Milk,Perishable,4,4,0,27.44,0.0,109.78,High,9
29-01-2025,29,1,2,0,Weekday,0,STORE_001,Small,Urban,Curd,Perishable,6,3,3,42.08,0.06,118.64,Medium,8
29-01-2025,29,1,2,0,Weekday,0,STORE_001,Small,Urban,Paneer,Perishable,5,4,1,194.69,0.0,778.77,Medium,9
29-01-2025,29,1,2,0,Weekday,0,STORE_001,Small,Urban,Rice,Non-Perishable,39,26,13,56.58,0.0,1470.97,Medium,33
29-01-2025,29,1,2,0,Weekday,0,STORE_001,Small,Urban,Toor Dal,Non-Perishable,43,36,7,127.81,0.0,4601.23,Medium,44
29-01-2025,29,1,2,0,Weekday,0,STORE_001,Small,Urban,Wheat Flour,Non-Perishable,34,26,8,40.46,0.0,1051.89,Medium,33
29-01-2025,29,1,2,0,Weekday,0,STORE_001,Small,Urban,Cooking Oil,Non-Perishable,28,28,0,159.67,0.0,4470.64,High,35
29-01-2025,29,1,2,0,Weekday,0,STORE_001,Small,Urban,Biscuits,Non-Perishable,36,19,17,8.52,0.0,161.81,Medium,25
29-01-2025,29,1,2,0,Weekday,0,STORE_001,Small,Urban,Snacks,Non-Perishable,53,44,9,65.82,0.0,2895.94,Medium,53
29-01-2025,29,1,2,0,Weekday,0,STORE_001,Small,Urban,Masala,Non-Perishable,17,13,4,73.19,0.0,951.44,Medium,19
29-01-2025,29,1,2,0,Weekday,0,STORE_001,Small,Urban,Sugar,Non-Perishable,40,30,10,53.09,0.0,1592.77,Medium,38
29-01-2025,29,1,2,0,Weekday,0,STORE_001,Small,Urban,Salt,Non-Perishable,19,19,0,15.84,0.0,300.94,High,25
29-01-2025,29,1,2,0,Weekday,0,STORE_001,Small,Urban,Bread,Perishable,6,4,2,41.74,0.0,166.97,Medium,9
29-01-2025,29,1,2,0,Weekday,0,STORE_001,Small,Urban,Eggs,Perishable,12,8,4,48.87,0.1,351.75,Medium,13
29-01-2025,29,1,2,0,Weekday,0,STORE_002,Medium,Semi-Urban,Milk,Perishable,25,19,6,33.39,0.123,556.25,Medium,25
29-01-2025,29,1,2,0,Weekday,0,STORE_002,Medium,Semi-Urban,Curd,Perishable,10,10,0,58.4,0.0,584.02,High,16
29-01-2025,29,1,2,0,Weekday,0,STORE_002,Medium,Semi-Urban,Paneer,Perishable,20,16,4,220.2,0.0,3523.21,Medium,22
29-01-2025,29,1,2,0,Weekday,0,STORE_002,Medium,Semi-Urban,Rice,Non-Perishable,79,71,8,50.51,0.0,3586.23,Medium,83
29-01-2025,29,1,2,0,Weekday,0,STORE_002,Medium,Semi-Urban,Toor Dal,Non-Perishable,39,26,13,133.58,0.142,2978.19,Medium,33
29-01-2025,29,1,2,0,Weekday,0,STORE_002,Medium,Semi-Urban,Wheat Flour,Non-Perishable,53,41,12,29.29,0.0,1200.73,Medium,50
29-01-2025,29,1,2,0,Weekday,0,STORE_002,Medium,Semi-Urban,Cooking Oil,Non-Perishable,44,44,0,175.85,0.0,7737.37,High,53
29-01-2025,29,1,2,0,Weekday,0,STORE_002,Medium,Semi-Urban,Biscuits,Non-Perishable,72,44,28,17.35,0.064,714.38,Medium,53
29-01-2025,29,1,2,0,Weekday,0,STORE_002,Medium,Semi-Urban,Snacks,Non-Perishable,98,87,11,66.83,0.0,5814.32,Medium,100
29-01-2025,29,1,2,0,Weekday,0,STORE_002,Medium,Semi-Urban,Masala,Non-Perishable,118,118,0,84.3,0.0,9947.19,High,134
29-01-2025,29,1,2,0,Weekday,0,STORE_002,Medium,Semi-Urban,Sugar,Non-Perishable,58,27,31,48.88,0.0,1319.64,Low,34
29-01-2025,29,1,2,0,Weekday,0,STORE_002,Medium,Semi-Urban,Salt,Non-Perishable,69,44,25,16.58,0.0,729.3,Medium,53
29-01-2025,29,1,2,0,Weekday,0,STORE_002,Medium,Semi-Urban,Bread,Perishable,19,12,7,35.14,0.0,421.68,Medium,18
29-01-2025,29,1,2,0,Weekday,0,STORE_002,Medium,Semi-Urban,Eggs,Perishable,13,11,2,37.79,0.0,415.64,Medium,17
29-01-2025,29,1,2,0,Weekday,0,STORE_003,Supermarket,Rural,Milk,Perishable,22,16,6,32.16,0.0,514.56,Medium,22
29-01-2025,29,1,2,0,Weekday,0,STORE_003,Supermarket,Rural,Curd,Perishable,19,16,3,40.11,0.0,641.7,Medium,22
29-01-2025,29,1,2,0,Weekday,0,STORE_003,Supermarket,Rural,Paneer,Perishable,13,11,2,198.52,0.0,2183.74,Medium,17
29-01-2025,29,1,2,0,Weekday,0,STORE_003,Supermarket,Rural,Rice,Non-Perishable,114,56,58,73.68,0.0,4125.89,Low,66
29-01-2025,29,1,2,0,Weekday,0,STORE_003,Supermarket,Rural,Toor Dal,Non-Perishable,142,128,14,121.48,0.0,15549.46,High,145
29-01-2025,29,1,2,0,Weekday,0,STORE_003,Supermarket,Rural,Wheat Flour,Non-Perishable,176,91,85,40.1,0.0,3648.87,Medium,105
29-01-2025,29,1,2,0,Weekday,0,STORE_003,Supermarket,Rural,Cooking Oil,Non-Perishable,90,79,11,185.44,0.0,14649.66,Medium,91
29-01-2025,29,1,2,0,Weekday,0,STORE_003,Supermarket,Rural,Biscuits,Non-Perishable,131,105,26,12.4,0.0,1302.17,Medium,120
29-01-2025,29,1,2,0,Weekday,0,STORE_003,Supermarket,Rural,Snacks,Non-Perishable,126,100,26,57.8,0.0,5780.21,Medium,115
29-01-2025,29,1,2,0,Weekday,0,STORE_003,Supermarket,Rural,Masala,Non-Perishable,61,34,27,62.93,0.0,2139.72,Medium,42
29-01-2025,29,1,2,0,Weekday,0,STORE_003,Supermarket,Rural,Sugar,Non-Perishable,140,126,14,49.7,0.0,6262.18,High,143
29-01-2025,29,1,2,0,Weekday,0,STORE_003,Supermarket,Rural,Salt,Non-Perishable,145,102,43,24.97,0.0,2546.93,Medium,117
29-01-2025,29,1,2,0,Weekday,0,STORE_003,Supermarket,Rural,Bread,Perishable,25,19,6,33.22,0.0,631.25,Medium,25
29-01-2025,29,1,2,0,Weekday,0,STORE_003,Supermarket,Rural,Eggs,Perishable,14,11,3,49.52,0.0,544.74,Medium,17
30-01-2025,30,1,3,0,Weekday,0,STORE_001,Small,Urban,Milk,Perishable,3,2,1,32.65,0.0,65.3,Medium,7
30-01-2025,30,1,3,0,Weekday,0,STORE_001,Small,Urban,Curd,Perishable,4,3,1,57.18,0.0,171.55,Medium,8
30-01-2025,30,1,3,0,Weekday,0,STORE_001,Small,Urban,Paneer,Perishable,6,6,0,215.31,0.0,1291.84,High,11
30-01-2025,30,1,3,0,Weekday,0,STORE_001,Small,Urban,Rice,Non-Perishable,38,31,7,85.46,0.0,2649.37,Medium,39
30-01-2025,30,1,3,0,Weekday,0,STORE_001,Small,Urban,Toor Dal,Non-Perishable,34,26,8,136.13,0.0,3539.4,Medium,33
30-01-2025,30,1,3,0,Weekday,0,STORE_001,Small,Urban,Wheat Flour,Non-Perishable,48,34,14,31.59,0.09,977.41,Medium,42
30-01-2025,30,1,3,0,Weekday,0,STORE_001,Small,Urban,Cooking Oil,Non-Perishable,47,29,18,176.17,0.0,5109.02,Medium,36
30-01-2025,30,1,3,0,Weekday,0,STORE_001,Small,Urban,Biscuits,Non-Perishable,46,36,10,14.45,0.0,520.38,Medium,44
30-01-2025,30,1,3,0,Weekday,0,STORE_001,Small,Urban,Snacks,Non-Perishable,64,44,20,68.67,0.0,3021.65,Medium,53
30-01-2025,30,1,3,0,Weekday,0,STORE_001,Small,Urban,Masala,Non-Perishable,43,40,3,76.88,0.0,3075.31,High,49
30-01-2025,30,1,3,0,Weekday,0,STORE_001,Small,Urban,Sugar,Non-Perishable,55,51,4,57.9,0.0,2952.97,High,61
30-01-2025,30,1,3,0,Weekday,0,STORE_001,Small,Urban,Salt,Non-Perishable,51,36,15,24.51,0.0,882.21,Medium,44
30-01-2025,30,1,3,0,Weekday,0,STORE_001,Small,Urban,Bread,Perishable,7,5,2,39.69,0.0,198.44,Medium,10
30-01-2025,30,1,3,0,Weekday,0,STORE_001,Small,Urban,Eggs,Perishable,6,5,1,40.23,0.0,201.15,Medium,10
30-01-2025,30,1,3,0,Weekday,0,STORE_002,Medium,Semi-Urban,Milk,Perishable,6,3,3,28.46,0.1,76.88,Medium,8
30-01-2025,30,1,3,0,Weekday,0,STORE_002,Medium,Semi-Urban,Curd,Perishable,24,22,2,53.19,0.0,1170.18,High,29
30-01-2025,30,1,3,0,Weekday,0,STORE_002,Medium,Semi-Urban,Paneer,Perishable,9,6,3,239.78,0.0,1438.66,Medium,11
30-01-2025,30,1,3,0,Weekday,0,STORE_002,Medium,Semi-Urban,Rice,Non-Perishable,49,42,7,51.28,0.077,1986.9,Medium,51
30-01-2025,30,1,3,0,Weekday,0,STORE_002,Medium,Semi-Urban,Toor Dal,Non-Perishable,112,95,17,120.39,0.118,10092.25,Medium,109
30-01-2025,30,1,3,0,Weekday,0,STORE_002,Medium,Semi-Urban,Wheat Flour,Non-Perishable,76,75,1,44.08,0.0,3305.88,High,87
30-01-2025,30,1,3,0,Weekday,0,STORE_002,Medium,Semi-Urban,Cooking Oil,Non-Perishable,100,98,2,179.1,0.0,17552.02,High,112
30-01-2025,30,1,3,0,Weekday,0,STORE_002,Medium,Semi-Urban,Biscuits,Non-Perishable,82,73,9,19.98,0.0,1458.71,Medium,85
30-01-2025,30,1,3,0,Weekday,0,STORE_002,Medium,Semi-Urban,Snacks,Non-Perishable,46,30,16,74.54,0.0,2236.05,Medium,38
30-01-2025,30,1,3,0,Weekday,0,STORE_002,Medium,Semi-Urban,Masala,Non-Perishable,81,57,24,82.95,0.0,4728.12,Medium,67
30-01-2025,30,1,3,0,Weekday,0,STORE_002,Medium,Semi-Urban,Sugar,Non-Perishable,94,94,0,57.99,0.0,5450.97,High,108
30-01-2025,30,1,3,0,Weekday,0,STORE_002,Medium,Semi-Urban,Salt,Non-Perishable,91,85,6,19.76,0.143,1439.72,High,98
30-01-2025,30,1,3,0,Weekday,0,STORE_002,Medium,Semi-Urban,Bread,Perishable,18,16,2,50.86,0.0,813.83,Medium,22
30-01-2025,30,1,3,0,Weekday,0,STORE_002,Medium,Semi-Urban,Eggs,Perishable,7,5,2,39.01,0.0,195.03,Medium,10
30-01-2025,30,1,3,0,Weekday,0,STORE_003,Supermarket,Rural,Milk,Perishable,24,13,11,26.25,0.0,341.3,Medium,19
30-01-2025,30,1,3,0,Weekday,0,STORE_003,Supermarket,Rural,Curd,Perishable,42,21,21,50.14,0.0,1052.91,Medium,28
30-01-2025,30,1,3,0,Weekday,0,STORE_003,Supermarket,Rural,Paneer,Perishable,33,20,13,200.24,0.0,4004.85,Medium,27
30-01-2025,30,1,3,0,Weekday,0,STORE_003,Supermarket,Rural,Rice,Non-Perishable,106,72,34,63.45,0.0,4568.16,Medium,84
30-01-2025,30,1,3,0,Weekday,0,STORE_003,Supermarket,Rural,Toor Dal,Non-Perishable,198,172,26,104.41,0.0,17957.89,Medium,194
30-01-2025,30,1,3,0,Weekday,0,STORE_003,Supermarket,Rural,Wheat Flour,Non-Perishable,161,133,28,29.43,0.0,3914.19,Medium,151
30-01-2025,30,1,3,0,Weekday,0,STORE_003,Supermarket,Rural,Cooking Oil,Non-Perishable,183,148,35,127.88,0.0,18926.18,Medium,167
30-01-2025,30,1,3,0,Weekday,0,STORE_003,Supermarket,Rural,Biscuits,Non-Perishable,143,90,53,8.47,0.0,762.66,Medium,104
30-01-2025,30,1,3,0,Weekday,0,STORE_003,Supermarket,Rural,Snacks,Non-Perishable,108,63,45,42.07,0.0,2650.46,Medium,74
30-01-2025,30,1,3,0,Weekday,0,STORE_003,Supermarket,Rural,Masala,Non-Perishable,223,148,75,98.03,0.0,14508.61,Medium,167
30-01-2025,30,1,3,0,Weekday,0,STORE_003,Supermarket,Rural,Sugar,Non-Perishable,182,170,12,56.19,0.0,9552.89,High,192
30-01-2025,30,1,3,0,Weekday,0,STORE_003,Supermarket,Rural,Salt,Non-Perishable,193,157,36,17.11,0.0,2686.68,Medium,177
30-01-2025,30,1,3,0,Weekday,0,STORE_003,Supermarket,Rural,Bread,Perishable,48,48,0,52.85,0.15,2156.77,High,57
30-01-2025,30,1,3,0,Weekday,0,STORE_003,Supermarket,Rural,Eggs,Perishable,27,18,9,32.25,0.0,580.46,Medium,24
31-01-2025,31,1,4,0,Weekday,0,STORE_001,Small,Urban,Milk,Perishable,10,7,3,33.11,0.0,231.75,Medium,12
31-01-2025,31,1,4,0,Weekday,0,STORE_001,Small,Urban,Curd,Perishable,10,10,0,45.7,0.0,456.97,High,16
31-01-2025,31,1,4,0,Weekday,0,STORE_001,Small,Urban,Paneer,Perishable,3,2,1,183.5,0.0,367.01,Medium,7
31-01-2025,31,1,4,0,Weekday,0,STORE_001,Small,Urban,Rice,Non-Perishable,19,16,3,85.05,0.0,1360.84,Medium,22
31-01-2025,31,1,4,0,Weekday,0,STORE_001,Small,Urban,Toor Dal,Non-Perishable,41,25,16,145.62,0.0,3640.61,Medium,32
31-01-2025,31,1,4,0,Weekday,0,STORE_001,Small,Urban,Wheat Flour,Non-Perishable,24,12,12,29.71,0.0,356.5,Medium,18
31-01-2025,31,1,4,0,Weekday,0,STORE_001,Small,Urban,Cooking Oil,Non-Perishable,37,13,24,174.95,0.0,2274.4,Low,19
31-01-2025,31,1,4,0,Weekday,0,STORE_001,Small,Urban,Biscuits,Non-Perishable,30,23,7,10.81,0.0,248.56,Medium,30
31-01-2025,31,1,4,0,Weekday,0,STORE_001,Small,Urban,Snacks,Non-Perishable,33,28,5,48.07,0.11,1198.1,Medium,35
31-01-2025,31,1,4,0,Weekday,0,STORE_001,Small,Urban,Masala,Non-Perishable,48,46,2,83.93,0.0,3860.63,High,55
31-01-2025,31,1,4,0,Weekday,0,STORE_001,Small,Urban,Sugar,Non-Perishable,33,21,12,56.57,0.0,1188.04,Medium,28
31-01-2025,31,1,4,0,Weekday,0,STORE_001,Small,Urban,Salt,Non-Perishable,20,15,5,17.96,0.0,269.45,Medium,21
31-01-2025,31,1,4,0,Weekday,0,STORE_001,Small,Urban,Bread,Perishable,7,3,4,31.34,0.0,94.01,Low,8
31-01-2025,31,1,4,0,Weekday,0,STORE_001,Small,Urban,Eggs,Perishable,7,5,2,42.52,0.069,197.98,Medium,10
31-01-2025,31,1,4,0,Weekday,0,STORE_002,Medium,Semi-Urban,Milk,Perishable,20,20,0,30.89,0.124,541.43,High,27
31-01-2025,31,1,4,0,Weekday,0,STORE_002,Medium,Semi-Urban,Curd,Perishable,13,10,3,58.19,0.0,581.85,Medium,16
31-01-2025,31,1,4,0,Weekday,0,STORE_002,Medium,Semi-Urban,Paneer,Perishable,16,10,6,237.06,0.0,2370.63,Medium,16
31-01-2025,31,1,4,0,Weekday,0,STORE_002,Medium,Semi-Urban,Rice,Non-Perishable,133,104,29,61.65,0.0,6411.49,Medium,119
31-01-2025,31,1,4,0,Weekday,0,STORE_002,Medium,Semi-Urban,Toor Dal,Non-Perishable,64,43,21,102.17,0.0,4393.3,Medium,52
31-01-2025,31,1,4,0,Weekday,0,STORE_002,Medium,Semi-Urban,Wheat Flour,Non-Perishable,61,58,3,33.55,0.0,1946.12,High,68
31-01-2025,31,1,4,0,Weekday,0,STORE_002,Medium,Semi-Urban,Cooking Oil,Non-Perishable,51,40,11,157.09,0.111,5586.89,Medium,49
31-01-2025,31,1,4,0,Weekday,0,STORE_002,Medium,Semi-Urban,Biscuits,Non-Perishable,72,56,16,6.9,0.0,386.22,Medium,66
31-01-2025,31,1,4,0,Weekday,0,STORE_002,Medium,Semi-Urban,Snacks,Non-Perishable,128,101,27,39.34,0.0,3973.37,Medium,116
31-01-2025,31,1,4,0,Weekday,0,STORE_002,Medium,Semi-Urban,Masala,Non-Perishable,83,83,0,111.27,0.149,7860.08,High,96
31-01-2025,31,1,4,0,Weekday,0,STORE_002,Medium,Semi-Urban,Sugar,Non-Perishable,71,53,18,48.82,0.0,2587.31,Medium,63
31-01-2025,31,1,4,0,Weekday,0,STORE_002,Medium,Semi-Urban,Salt,Non-Perishable,71,49,22,18.46,0.0,904.52,Medium,58
31-01-2025,31,1,4,0,Weekday,0,STORE_002,Medium,Semi-Urban,Bread,Perishable,20,17,3,58.39,0.0,992.59,Medium,23
31-01-2025,31,1,4,0,Weekday,0,STORE_002,Medium,Semi-Urban,Eggs,Perishable,22,14,8,40.1,0.0,561.33,Medium,20
31-01-2025,31,1,4,0,Weekday,0,STORE_003,Supermarket,Rural,Milk,Perishable,39,39,0,26.42,0.0,1030.52,High,47
31-01-2025,31,1,4,0,Weekday,0,STORE_003,Supermarket,Rural,Curd,Perishable,21,15,6,42.05,0.055,595.94,Medium,21
31-01-2025,31,1,4,0,Weekday,0,STORE_003,Supermarket,Rural,Paneer,Perishable,25,16,9,190.12,0.144,2602.68,Medium,22
31-01-2025,31,1,4,0,Weekday,0,STORE_003,Supermarket,Rural,Rice,Non-Perishable,109,71,38,81.64,0.0,5796.45,Medium,83
31-01-2025,31,1,4,0,Weekday,0,STORE_003,Supermarket,Rural,Toor Dal,Non-Perishable,91,62,29,117.16,0.0,7263.66,Medium,73
31-01-2025,31,1,4,0,Weekday,0,STORE_003,Supermarket,Rural,Wheat Flour,Non-Perishable,231,196,35,25.88,0.0,5072.11,Medium,220
31-01-2025,31,1,4,0,Weekday,0,STORE_003,Supermarket,Rural,Cooking Oil,Non-Perishable,119,93,26,139.7,0.0,12992.25,Medium,107
31-01-2025,31,1,4,0,Weekday,0,STORE_003,Supermarket,Rural,Biscuits,Non-Perishable,99,75,24,28.47,0.0,2135.16,Medium,87
31-01-2025,31,1,4,0,Weekday,0,STORE_003,Supermarket,Rural,Snacks,Non-Perishable,143,94,49,39.82,0.0,3742.86,Medium,108
31-01-2025,31,1,4,0,Weekday,0,STORE_003,Supermarket,Rural,Masala,Non-Perishable,94,86,8,95.63,0.116,7266.1,High,99
31-01-2025,31,1,4,0,Weekday,0,STORE_003,Supermarket,Rural,Sugar,Non-Perishable,93,64,29,49.67,0.0,3179.0,Medium,75
31-01-2025,31,1,4,0,Weekday,0,STORE_003,Supermarket,Rural,Salt,Non-Perishable,130,84,46,22.82,0.0,1917.21,Medium,97
31-01-2025,31,1,4,0,Weekday,0,STORE_003,Supermarket,Rural,Bread,Perishable,28,20,8,45.58,0.0,911.67,Medium,27
31-01-2025,31,1,4,0,Weekday,0,STORE_003,Supermarket,Rural,Eggs,Perishable,11,8,3,41.2,0.0,329.64,Medium,13
01-02-2025,1,2,5,1,Weekend,0,STORE_001,Small,Urban,Milk,Perishable,4,3,1,27.92,0.0,83.76,Medium,8
01-02-2025,1,2,5,1,Weekend,0,STORE_001,Small,Urban,Curd,Perishable,6,5,1,58.96,0.101,265.11,Medium,10
01-02-2025,1,2,5,1,Weekend,0,STORE_001,Small,Urban,Paneer,Perishable,5,5,0,211.54,0.0,1057.7,High,10
01-02-2025,1,2,5,1,Weekend,0,STORE_001,Small,Urban,Rice,Non-Perishable,51,51,0,67.55,0.0,3444.86,High,61
01-02-2025,1,2,5,1,Weekend,0,STORE_001,Small,Urban,Toor Dal,Non-Perishable,34,32,2,140.45,0.0,4494.46,High,40
01-02-2025,1,2,5,1,Weekend,0,STORE_001,Small,Urban,Wheat Flour,Non-Perishable,37,28,9,28.45,0.095,720.91,Medium,35
01-02-2025,1,2,5,1,Weekend,0,STORE_001,Small,Urban,Cooking Oil,Non-Perishable,25,22,3,158.46,0.0,3486.06,Medium,29
01-02-2025,1,2,5,1,Weekend,0,STORE_001,Small,Urban,Biscuits,Non-Perishable,57,42,15,24.25,0.0,1018.59,Medium,51
01-02-2025,1,2,5,1,Weekend,0,STORE_001,Small,Urban,Snacks,Non-Perishable,47,46,1,28.3,0.0,1301.92,High,55
01-02-2025,1,2,5,1,Weekend,0,STORE_001,Small,Urban,Masala,Non-Perishable,31,25,6,94.91,0.081,2180.12,Medium,32
01-02-2025,1,2,5,1,Weekend,0,STORE_001,Small,Urban,Sugar,Non-Perishable,23,23,0,53.76,0.0,1236.46,High,30
01-02-2025,1,2,5,1,Weekend,0,STORE_001,Small,Urban,Salt,Non-Perishable,41,37,4,16.06,0.0,594.4,High,45
01-02-2025,1,2,5,1,Weekend,0,STORE_001,Small,Urban,Bread,Perishable,15,10,5,34.41,0.0,344.07,Medium,16
01-02-2025,1,2,5,1,Weekend,0,STORE_001,Small,Urban,Eggs,Perishable,7,6,1,45.22,0.0,271.31,Medium,11
01-02-2025,1,2,5,1,Weekend,0,STORE_002,Medium,Semi-Urban,Milk,Perishable,20,16,4,28.04,0.0,448.69,Medium,22
01-02-2025,1,2,5,1,Weekend,0,STORE_002,Medium,Semi-Urban,Curd,Perishable,22,22,0,47.86,0.0,1052.83,High,29
01-02-2025,1,2,5,1,Weekend,0,STORE_002,Medium,Semi-Urban,Paneer,Perishable,17,17,0,216.22,0.076,3394.68,High,23
01-02-2025,1,2,5,1,Weekend,0,STORE_002,Medium,Semi-Urban,Rice,Non-Perishable,83,73,10,66.59,0.0,4861.03,Medium,85
01-02-2025,1,2,5,1,Weekend,0,STORE_002,Medium,Semi-Urban,Toor Dal,Non-Perishable,121,121,0,136.94,0.0,16569.77,High,138
01-02-2025,1,2,5,1,Weekend,0,STORE_002,Medium,Semi-Urban,Wheat Flour,Non-Perishable,132,90,42,30.04,0.0,2703.34,Medium,104
01-02-2025,1,2,5,1,Weekend,0,STORE_002,Medium,Semi-Urban,Cooking Oil,Non-Perishable,76,66,10,170.91,0.0,11280.05,Medium,77
01-02-2025,1,2,5,1,Weekend,0,STORE_002,Medium,Semi-Urban,Biscuits,Non-Perishable,113,113,0,16.89,0.0,1908.86,High,129
01-02-2025,1,2,5,1,Weekend,0,STORE_002,Medium,Semi-Urban,Snacks,Non-Perishable,76,52,24,71.54,0.0,3720.04,Medium,62
01-02-2025,1,2,5,1,Weekend,0,STORE_002,Medium,Semi-Urban,Masala,Non-Perishable,89,89,0,107.84,0.0,9597.56,High,102
01-02-2025,1,2,5,1,Weekend,0,STORE_002,Medium,Semi-Urban,Sugar,Non-Perishable,53,53,0,41.57,0.0,2203.24,High,63
01-02-2025,1,2,5,1,Weekend,0,STORE_002,Medium,Semi-Urban,Salt,Non-Perishable,64,55,9,24.33,0.0,1338.3,Medium,65
01-02-2025,1,2,5,1,Weekend,0,STORE_002,Medium,Semi-Urban,Bread,Perishable,10,6,4,37.9,0.0,227.41,Medium,11
01-02-2025,1,2,5,1,Weekend,0,STORE_002,Medium,Semi-Urban,Eggs,Perishable,15,15,0,44.41,0.0,666.2,High,21
01-02-2025,1,2,5,1,Weekend,0,STORE_003,Supermarket,Rural,Milk,Perishable,20,20,0,24.39,0.0,487.85,High,27
01-02-2025,1,2,5,1,Weekend,0,STORE_003,Supermarket,Rural,Curd,Perishable,44,33,11,54.59,0.122,1582.16,Medium,41
01-02-2025,1,2,5,1,Weekend,0,STORE_003,Supermarket,Rural,Paneer,Perishable,34,24,10,219.09,0.0,5258.09,Medium,31
01-02-2025,1,2,5,1,Weekend,0,STORE_003,Supermarket,Rural,Rice,Non-Perishable,154,154,0,51.22,0.0,7887.41,High,174
01-02-2025,1,2,5,1,Weekend,0,STORE_003,Supermarket,Rural,Toor Dal,Non-Perishable,145,145,0,110.6,0.093,14539.43,High,164
01-02-2025,1,2,5,1,Weekend,0,STORE_003,Supermarket,Rural,Wheat Flour,Non-Perishable,275,275,0,35.64,0.095,8874.34,High,307
01-02-2025,1,2,5,1,Weekend,0,STORE_003,Supermarket,Rural,Cooking Oil,Non-Perishable,242,178,64,174.17,0.0,31002.3,Medium,200
01-02-2025,1,2,5,1,Weekend,0,STORE_003,Supermarket,Rural,Biscuits,Non-Perishable,100,49,51,21.53,0.0,1055.14,Low,58
01-02-2025,1,2,5,1,Weekend,0,STORE_003,Supermarket,Rural,Snacks,Non-Perishable,87,84,3,60.36,0.0,5070.48,High,97
01-02-2025,1,2,5,1,Weekend,0,STORE_003,Supermarket,Rural,Masala,Non-Perishable,116,116,0,100.54,0.0,11662.22,High,132
01-02-2025,1,2,5,1,Weekend,0,STORE_003,Supermarket,Rural,Sugar,Non-Perishable,106,74,32,51.31,0.0,3796.88,Medium,86
01-02-2025,1,2,5,1,Weekend,0,STORE_003,Supermarket,Rural,Salt,Non-Perishable,80,79,1,24.76,0.0,1956.1,High,91
01-02-2025,1,2,5,1,Weekend,0,STORE_003,Supermarket,Rural,Bread,Perishable,25,25,0,49.03,0.0,1225.69,High,32
01-02-2025,1,2,5,1,Weekend,0,STORE_003,Supermarket,Rural,Eggs,Perishable,12,9,3,41.16,0.0,370.48,Medium,14
02-02-2025,2,2,6,1,Weekend,0,STORE_001,Small,Urban,Milk,Perishable,15,12,3,32.64,0.136,338.54,Medium,18
02-02-2025,2,2,6,1,Weekend,0,STORE_001,Small,Urban,Curd,Perishable,6,6,0,47.47,0.0,284.84,High,11
02-02-2025,2,2,6,1,Weekend,0,STORE_001,Small,Urban,Paneer,Perishable,9,9,0,242.03,0.0,2178.23,High,14
02-02-2025,2,2,6,1,Weekend,0,STORE_001,Small,Urban,Rice,Non-Perishable,22,19,3,50.28,0.0,955.29,Medium,25
02-02-2025,2,2,6,1,Weekend,0,STORE_001,Small,Urban,Toor Dal,Non-Perishable,70,70,0,100.27,0.0,7018.69,High,82
02-02-2025,2,2,6,1,Weekend,0,STORE_001,Small,Urban,Wheat Flour,Non-Perishable,31,31,0,42.87,0.0,1329.06,High,39
02-02-2025,2,2,6,1,Weekend,0,STORE_001,Small,Urban,Cooking Oil,Non-Perishable,20,19,1,181.13,0.0,3441.42,High,25
02-02-2025,2,2,6,1,Weekend,0,STORE_001,Small,Urban,Biscuits,Non-Perishable,53,30,23,25.25,0.0,757.43,Medium,38
02-02-2025,2,2,6,1,Weekend,0,STORE_001,Small,Urban,Snacks,Non-Perishable,22,18,4,51.61,0.0,928.91,Medium,24
02-02-2025,2,2,6,1,Weekend,0,STORE_001,Small,Urban,Masala,Non-Perishable,56,56,0,51.85,0.0,2903.64,High,66
02-02-2025,2,2,6,1,Weekend,0,STORE_001,Small,Urban,Sugar,Non-Perishable,28,25,3,59.66,0.0,1491.47,Medium,32
02-02-2025,2,2,6,1,Weekend,0,STORE_001,Small,Urban,Salt,Non-Perishable,46,43,3,20.88,0.0,898.03,High,52
02-02-2025,2,2,6,1,Weekend,0,STORE_001,Small,Urban,Bread,Perishable,3,3,0,52.72,0.0,158.16,High,8
02-02-2025,2,2,6,1,Weekend,0,STORE_001,Small,Urban,Eggs,Perishable,10,8,2,46.56,0.0,372.47,Medium,13
02-02-2025,2,2,6,1,Weekend,0,STORE_002,Medium,Semi-Urban,Milk,Perishable,12,10,2,31.14,0.0,311.39,Medium,16
02-02-2025,2,2,6,1,Weekend,0,STORE_002,Medium,Semi-Urban,Curd,Perishable,9,7,2,45.26,0.12,278.65,Medium,12
02-02-2025,2,2,6,1,Weekend,0,STORE_002,Medium,Semi-Urban,Paneer,Perishable,25,17,8,232.8,0.075,3661.02,Medium,23
02-02-2025,2,2,6,1,Weekend,0,STORE_002,Medium,Semi-Urban,Rice,Non-Perishable,100,100,0,69.72,0.0,6972.14,High,115
02-02-2025,2,2,6,1,Weekend,0,STORE_002,Medium,Semi-Urban,Toor Dal,Non-Perishable,97,77,20,101.97,0.062,7365.68,Medium,89
02-02-2025,2,2,6,1,Weekend,0,STORE_002,Medium,Semi-Urban,Wheat Flour,Non-Perishable,81,81,0,34.39,0.0,2785.27,High,94
02-02-2025,2,2,6,1,Weekend,0,STORE_002,Medium,Semi-Urban,Cooking Oil,Non-Perishable,53,50,3,151.31,0.0,7565.51,High,60
02-02-2025,2,2,6,1,Weekend,0,STORE_002,Medium,Semi-Urban,Biscuits,Non-Perishable,79,79,0,15.43,0.0,1218.68,High,91
02-02-2025,2,2,6,1,Weekend,0,STORE_002,Medium,Semi-Urban,Snacks,Non-Perishable,51,51,0,43.5,0.0,2218.5,High,61
02-02-2025,2,2,6,1,Weekend,0,STORE_002,Medium,Semi-Urban,Masala,Non-Perishable,55,44,11,76.61,0.0,3370.86,Medium,53
02-02-2025,2,2,6,1,Weekend,0,STORE_002,Medium,Semi-Urban,Sugar,Non-Perishable,74,74,0,54.55,0.0,4036.84,High,86
02-02-2025,2,2,6,1,Weekend,0,STORE_002,Medium,Semi-Urban,Salt,Non-Perishable,86,54,32,19.95,0.0,1077.19,Medium,64
02-02-2025,2,2,6,1,Weekend,0,STORE_002,Medium,Semi-Urban,Bread,Perishable,26,26,0,56.66,0.0,1473.14,High,33
02-02-2025,2,2,6,1,Weekend,0,STORE_002,Medium,Semi-Urban,Eggs,Perishable,8,6,2,34.68,0.0,208.1,Medium,11
02-02-2025,2,2,6,1,Weekend,0,STORE_003,Supermarket,Rural,Milk,Perishable,35,26,9,24.17,0.113,557.53,Medium,33
02-02-2025,2,2,6,1,Weekend,0,STORE_003,Supermarket,Rural,Curd,Perishable,26,26,0,58.13,0.0,1511.3,High,33
02-02-2025,2,2,6,1,Weekend,0,STORE_003,Supermarket,Rural,Paneer,Perishable,15,14,1,247.55,0.0,3465.73,High,20
02-02-2025,2,2,6,1,Weekend,0,STORE_003,Supermarket,Rural,Rice,Non-Perishable,134,134,0,57.75,0.0,7738.44,High,152
02-02-2025,2,2,6,1,Weekend,0,STORE_003,Supermarket,Rural,Toor Dal,Non-Perishable,169,164,5,138.65,0.0,22739.34,High,185
02-02-2025,2,2,6,1,Weekend,0,STORE_003,Supermarket,Rural,Wheat Flour,Non-Perishable,150,135,15,34.51,0.0,4658.92,High,153
02-02-2025,2,2,6,1,Weekend,0,STORE_003,Supermarket,Rural,Cooking Oil,Non-Perishable,148,148,0,167.03,0.0,24720.57,High,167
02-02-2025,2,2,6,1,Weekend,0,STORE_003,Supermarket,Rural,Biscuits,Non-Perishable,137,99,38,21.73,0.0,2150.97,Medium,113
02-02-2025,2,2,6,1,Weekend,0,STORE_003,Supermarket,Rural,Snacks,Non-Perishable,161,161,0,43.05,0.0,6931.32,High,182
02-02-2025,2,2,6,1,Weekend,0,STORE_003,Supermarket,Rural,Masala,Non-Perishable,123,123,0,89.9,0.0,11057.62,High,140
02-02-2025,2,2,6,1,Weekend,0,STORE_003,Supermarket,Rural,Sugar,Non-Perishable,96,75,21,42.18,0.093,2869.97,Medium,87
02-02-2025,2,2,6,1,Weekend,0,STORE_003,Supermarket,Rural,Salt,Non-Perishable,174,174,0,15.07,0.0,2622.56,High,196
02-02-2025,2,2,6,1,Weekend,0,STORE_003,Supermarket,Rural,Bread,Perishable,23,23,0,55.37,0.0,1273.48,High,30
02-02-2025,2,2,6,1,Weekend,0,STORE_003,Supermarket,Rural,Eggs,Perishable,29,26,3,44.48,0.0,1156.59,Medium,33
03-02-2025,3,2,0,0,Weekday,0,STORE_001,Small,Urban,Milk,Perishable,5,4,1,24.91,0.0,99.62,Medium,9
03-02-2025,3,2,0,0,Weekday,0,STORE_001,Small,Urban,Curd,Perishable,5,3,2,40.57,0.0,121.72,Medium,8
03-02-2025,3,2,0,0,Weekday,0,STORE_001,Small,Urban,Paneer,Perishable,7,4,3,220.6,0.119,777.03,Medium,9
03-02-2025,3,2,0,0,Weekday,0,STORE_001,Small,Urban,Rice,Non-Perishable,28,19,9,64.02,0.0,1216.36,Medium,25
03-02-2025,3,2,0,0,Weekday,0,STORE_001,Small,Urban,Toor Dal,Non-Perishable,41,34,7,124.4,0.0,4229.76,Medium,42
03-02-2025,3,2,0,0,Weekday,0,STORE_001,Small,Urban,Wheat Flour,Non-Perishable,27,20,7,27.14,0.0,542.75,Medium,27
03-02-2025,3,2,0,0,Weekday,0,STORE_001,Small,Urban,Cooking Oil,Non-Perishable,72,41,31,190.41,0.0,7806.83,Medium,50
03-02-2025,3,2,0,0,Weekday,0,STORE_001,Small,Urban,Biscuits,Non-Perishable,48,34,14,25.46,0.0,865.76,Medium,42
03-02-2025,3,2,0,0,Weekday,0,STORE_001,Small,Urban,Snacks,Non-Perishable,29,29,0,79.85,0.0,2315.67,High,36
03-02-2025,3,2,0,0,Weekday,0,STORE_001,Small,Urban,Masala,Non-Perishable,39,33,6,103.09,0.0,3401.86,Medium,41
03-02-2025,3,2,0,0,Weekday,0,STORE_001,Small,Urban,Sugar,Non-Perishable,57,45,12,57.37,0.0,2581.49,Medium,54
03-02-2025,3,2,0,0,Weekday,0,STORE_001,Small,Urban,Salt,Non-Perishable,45,28,17,15.51,0.0,434.34,Medium,35
03-02-2025,3,2,0,0,Weekday,0,STORE_001,Small,Urban,Bread,Perishable,7,4,3,34.77,0.0,139.06,Medium,9
03-02-2025,3,2,0,0,Weekday,0,STORE_001,Small,Urban,Eggs,Perishable,12,8,4,42.2,0.0,337.63,Medium,13
03-02-2025,3,2,0,0,Weekday,0,STORE_002,Medium,Semi-Urban,Milk,Perishable,11,8,3,31.07,0.092,225.75,Medium,13
03-02-2025,3,2,0,0,Weekday,0,STORE_002,Medium,Semi-Urban,Curd,Perishable,16,13,3,46.55,0.0,605.12,Medium,19
03-02-2025,3,2,0,0,Weekday,0,STORE_002,Medium,Semi-Urban,Paneer,Perishable,15,14,1,205.42,0.0,2875.93,High,20
03-02-2025,3,2,0,0,Weekday,0,STORE_002,Medium,Semi-Urban,Rice,Non-Perishable,99,99,0,80.38,0.0,7957.86,High,113
03-02-2025,3,2,0,0,Weekday,0,STORE_002,Medium,Semi-Urban,Toor Dal,Non-Perishable,142,111,31,149.69,0.0,16615.44,Medium,127
03-02-2025,3,2,0,0,Weekday,0,STORE_002,Medium,Semi-Urban,Wheat Flour,Non-Perishable,49,49,0,34.18,0.0,1674.98,High,58
03-02-2025,3,2,0,0,Weekday,0,STORE_002,Medium,Semi-Urban,Cooking Oil,Non-Perishable,68,54,14,192.92,0.0,10417.48,Medium,64
03-02-2025,3,2,0,0,Weekday,0,STORE_002,Medium,Semi-Urban,Biscuits,Non-Perishable,131,78,53,18.1,0.0,1411.87,Medium,90
03-02-2025,3,2,0,0,Weekday,0,STORE_002,Medium,Semi-Urban,Snacks,Non-Perishable,59,59,0,23.0,0.0,1357.07,High,69
03-02-2025,3,2,0,0,Weekday,0,STORE_002,Medium,Semi-Urban,Masala,Non-Perishable,59,40,19,59.58,0.135,2061.87,Medium,49
03-02-2025,3,2,0,0,Weekday,0,STORE_002,Medium,Semi-Urban,Sugar,Non-Perishable,58,41,17,44.71,0.111,1629.22,Medium,50
03-02-2025,3,2,0,0,Weekday,0,STORE_002,Medium,Semi-Urban,Salt,Non-Perishable,88,59,29,15.35,0.053,858.02,Medium,69
03-02-2025,3,2,0,0,Weekday,0,STORE_002,Medium,Semi-Urban,Bread,Perishable,10,4,6,51.39,0.0,205.56,Low,9
03-02-2025,3,2,0,0,Weekday,0,STORE_002,Medium,Semi-Urban,Eggs,Perishable,18,16,2,42.94,0.0,687.02,Medium,22
03-02-2025,3,2,0,0,Weekday,0,STORE_003,Supermarket,Rural,Milk,Perishable,32,32,0,33.36,0.0,1067.4,High,40
03-02-2025,3,2,0,0,Weekday,0,STORE_003,Supermarket,Rural,Curd,Perishable,52,25,27,57.84,0.125,1265.53,Low,32
03-02-2025,3,2,0,0,Weekday,0,STORE_003,Supermarket,Rural,Paneer,Perishable,16,16,0,186.32,0.0,2981.16,High,22
03-02-2025,3,2,0,0,Weekday,0,STORE_003,Supermarket,Rural,Rice,Non-Perishable,177,140,37,80.69,0.0,11296.76,Medium,159
03-02-2025,3,2,0,0,Weekday,0,STORE_003,Supermarket,Rural,Toor Dal,Non-Perishable,189,136,53,120.09,0.0,16332.91,Medium,154
03-02-2025,3,2,0,0,Weekday,0,STORE_003,Supermarket,Rural,Wheat Flour,Non-Perishable,164,149,15,42.17,0.0,6282.71,High,168
03-02-2025,3,2,0,0,Weekday,0,STORE_003,Supermarket,Rural,Cooking Oil,Non-Perishable,180,139,41,176.41,0.0,24520.86,Medium,157
03-02-2025,3,2,0,0,Weekday,0,STORE_003,Supermarket,Rural,Biscuits,Non-Perishable,162,151,11,26.14,0.0,3946.46,High,171
03-02-2025,3,2,0,0,Weekday,0,STORE_003,Supermarket,Rural,Snacks,Non-Perishable,161,111,50,79.45,0.0,8818.74,Medium,127
03-02-2025,3,2,0,0,Weekday,0,STORE_003,Supermarket,Rural,Masala,Non-Perishable,113,71,42,111.65,0.0,7927.3,Medium,83
03-02-2025,3,2,0,0,Weekday,0,STORE_003,Supermarket,Rural,Sugar,Non-Perishable,121,84,37,54.0,0.0,4536.32,Medium,97
03-02-2025,3,2,0,0,Weekday,0,STORE_003,Supermarket,Rural,Salt,Non-Perishable,198,150,48,17.08,0.0,2562.58,Medium,170
03-02-2025,3,2,0,0,Weekday,0,STORE_003,Supermarket,Rural,Bread,Perishable,22,16,6,56.06,0.0,897.0,Medium,22
03-02-2025,3,2,0,0,Weekday,0,STORE_003,Supermarket,Rural,Eggs,Perishable,24,12,12,40.23,0.0,482.71,Medium,18
04-02-2025,4,2,1,0,Weekday,0,STORE_001,Small,Urban,Milk,Perishable,11,7,4,33.74,0.0,236.15,Medium,12
04-02-2025,4,2,1,0,Weekday,0,STORE_001,Small,Urban,Curd,Perishable,6,4,2,50.49,0.0,201.98,Medium,9
04-02-2025,4,2,1,0,Weekday,0,STORE_001,Small,Urban,Paneer,Perishable,6,5,1,232.86,0.0,1164.28,Medium,10
04-02-2025,4,2,1,0,Weekday,0,STORE_001,Small,Urban,Rice,Non-Perishable,31,28,3,87.8,0.0,2458.53,High,35
04-02-2025,4,2,1,0,Weekday,0,STORE_001,Small,Urban,Toor Dal,Non-Perishable,41,38,3,146.73,0.0,5575.66,High,46
04-02-2025,4,2,1,0,Weekday,0,STORE_001,Small,Urban,Wheat Flour,Non-Perishable,41,24,17,25.96,0.0,623.02,Medium,31
04-02-2025,4,2,1,0,Weekday,0,STORE_001,Small,Urban,Cooking Oil,Non-Perishable,19,17,2,137.2,0.0,2332.43,Medium,23
04-02-2025,4,2,1,0,Weekday,0,STORE_001,Small,Urban,Biscuits,Non-Perishable,32,32,0,20.35,0.0,651.33,High,40
04-02-2025,4,2,1,0,Weekday,0,STORE_001,Small,Urban,Snacks,Non-Perishable,30,17,13,37.87,0.0,643.8,Medium,23
04-02-2025,4,2,1,0,Weekday,0,STORE_001,Small,Urban,Masala,Non-Perishable,37,32,5,45.47,0.0,1454.97,Medium,40
04-02-2025,4,2,1,0,Weekday,0,STORE_001,Small,Urban,Sugar,Non-Perishable,30,30,0,47.41,0.0,1422.43,High,38
04-02-2025,4,2,1,0,Weekday,0,STORE_001,Small,Urban,Salt,Non-Perishable,47,22,25,20.89,0.0,459.63,Low,29
04-02-2025,4,2,1,0,Weekday,0,STORE_001,Small,Urban,Bread,Perishable,3,3,0,52.86,0.0,158.59,High,8
04-02-2025,4,2,1,0,Weekday,0,STORE_001,Small,Urban,Eggs,Perishable,5,3,2,34.85,0.0,104.54,Medium,8
04-02-2025,4,2,1,0,Weekday,0,STORE_002,Medium,Semi-Urban,Milk,Perishable,15,15,0,27.92,0.0,418.87,High,21
04-02-2025,4,2,1,0,Weekday,0,STORE_002,Medium,Semi-Urban,Curd,Perishable,14,9,5,52.21,0.0,469.89,Medium,14
04-02-2025,4,2,1,0,Weekday,0,STORE_002,Medium,Semi-Urban,Paneer,Perishable,15,10,5,234.4,0.0,2344.01,Medium,16
04-02-2025,4,2,1,0,Weekday,0,STORE_002,Medium,Semi-Urban,Rice,Non-Perishable,43,43,0,84.71,0.0,3642.53,High,52
04-02-2025,4,2,1,0,Weekday,0,STORE_002,Medium,Semi-Urban,Toor Dal,Non-Perishable,90,85,5,132.33,0.0,11247.77,High,98
04-02-2025,4,2,1,0,Weekday,0,STORE_002,Medium,Semi-Urban,Wheat Flour,Non-Perishable,74,44,30,33.16,0.0,1458.92,Medium,53
04-02-2025,4,2,1,0,Weekday,0,STORE_002,Medium,Semi-Urban,Cooking Oil,Non-Perishable,93,72,21,167.79,0.0,12080.73,Medium,84
04-02-2025,4,2,1,0,Weekday,0,STORE_002,Medium,Semi-Urban,Biscuits,Non-Perishable,121,81,40,5.15,0.0,416.75,Medium,94
04-02-2025,4,2,1,0,Weekday,0,STORE_002,Medium,Semi-Urban,Snacks,Non-Perishable,41,26,15,62.41,0.0,1622.55,Medium,33
04-02-2025,4,2,1,0,Weekday,0,STORE_002,Medium,Semi-Urban,Masala,Non-Perishable,85,50,35,67.56,0.0,3377.75,Medium,60
04-02-2025,4,2,1,0,Weekday,0,STORE_002,Medium,Semi-Urban,Sugar,Non-Perishable,47,35,12,46.97,0.0,1644.09,Medium,43
04-02-2025,4,2,1,0,Weekday,0,STORE_002,Medium,Semi-Urban,Salt,Non-Perishable,44,34,10,24.42,0.0,830.4,Medium,42
04-02-2025,4,2,1,0,Weekday,0,STORE_002,Medium,Semi-Urban,Bread,Perishable,20,20,0,52.73,0.133,913.92,High,27
04-02-2025,4,2,1,0,Weekday,0,STORE_002,Medium,Semi-Urban,Eggs,Perishable,8,7,1,34.03,0.0,238.24,Medium,12
04-02-2025,4,2,1,0,Weekday,0,STORE_003,Supermarket,Rural,Milk,Perishable,39,23,16,22.33,0.0,513.66,Medium,30
04-02-2025,4,2,1,0,Weekday,0,STORE_003,Supermarket,Rural,Curd,Perishable,42,35,7,47.27,0.0,1654.37,Medium,43
04-02-2025,4,2,1,0,Weekday,0,STORE_003,Supermarket,Rural,Paneer,Perishable,30,21,9,239.82,0.0,5036.27,Medium,28
04-02-2025,4,2,1,0,Weekday,0,STORE_003,Supermarket,Rural,Rice,Non-Perishable,151,142,9,73.5,0.0,10436.52,High,161
04-02-2025,4,2,1,0,Weekday,0,STORE_003,Supermarket,Rural,Toor Dal,Non-Perishable,137,95,42,114.03,0.0,10832.8,Medium,109
04-02-2025,4,2,1,0,Weekday,0,STORE_003,Supermarket,Rural,Wheat Flour,Non-Perishable,91,58,33,43.99,0.0,2551.46,Medium,68
04-02-2025,4,2,1,0,Weekday,0,STORE_003,Supermarket,Rural,Cooking Oil,Non-Perishable,139,139,0,125.27,0.0,17412.16,High,157
04-02-2025,4,2,1,0,Weekday,0,STORE_003,Supermarket,Rural,Biscuits,Non-Perishable,115,81,34,16.24,0.0,1315.69,Medium,94
04-02-2025,4,2,1,0,Weekday,0,STORE_003,Supermarket,Rural,Snacks,Non-Perishable,71,56,15,50.82,0.0,2845.87,Medium,66
04-02-2025,4,2,1,0,Weekday,0,STORE_003,Supermarket,Rural,Masala,Non-Perishable,138,84,54,108.44,0.133,7893.33,Medium,97
04-02-2025,4,2,1,0,Weekday,0,STORE_003,Supermarket,Rural,Sugar,Non-Perishable,186,122,64,51.78,0.0,6316.57,Medium,139
04-02-2025,4,2,1,0,Weekday,0,STORE_003,Supermarket,Rural,Salt,Non-Perishable,73,62,11,19.15,0.0,1187.0,Medium,73
04-02-2025,4,2,1,0,Weekday,0,STORE_003,Supermarket,Rural,Bread,Perishable,24,19,5,32.3,0.1,552.66,Medium,25
04-02-2025,4,2,1,0,Weekday,0,STORE_003,Supermarket,Rural,Eggs,Perishable,27,23,4,36.5,0.125,734.48,Medium,30
05-02-2025,5,2,2,0,Weekday,0,STORE_001,Small,Urban,Milk,Perishable,9,6,3,26.83,0.0,160.98,Medium,11
05-02-2025,5,2,2,0,Weekday,0,STORE_001,Small,Urban,Curd,Perishable,10,5,5,43.96,0.052,208.37,Medium,10
05-02-2025,5,2,2,0,Weekday,0,STORE_001,Small,Urban,Paneer,Perishable,8,4,4,184.07,0.0,736.28,Medium,9
05-02-2025,5,2,2,0,Weekday,0,STORE_001,Small,Urban,Rice,Non-Perishable,51,50,1,58.94,0.137,2541.66,High,60
05-02-2025,5,2,2,0,Weekday,0,STORE_001,Small,Urban,Toor Dal,Non-Perishable,45,30,15,126.18,0.0,3785.51,Medium,38
05-02-2025,5,2,2,0,Weekday,0,STORE_001,Small,Urban,Wheat Flour,Non-Perishable,27,27,0,36.54,0.0,986.53,High,34
05-02-2025,5,2,2,0,Weekday,0,STORE_001,Small,Urban,Cooking Oil,Non-Perishable,48,31,17,155.85,0.0,4831.36,Medium,39
05-02-2025,5,2,2,0,Weekday,0,STORE_001,Small,Urban,Biscuits,Non-Perishable,31,22,9,19.8,0.0,435.7,Medium,29
05-02-2025,5,2,2,0,Weekday,0,STORE_001,Small,Urban,Snacks,Non-Perishable,50,40,10,56.88,0.0,2275.14,Medium,49
05-02-2025,5,2,2,0,Weekday,0,STORE_001,Small,Urban,Masala,Non-Perishable,44,21,23,95.89,0.0,2013.74,Low,28
05-02-2025,5,2,2,0,Weekday,0,STORE_001,Small,Urban,Sugar,Non-Perishable,61,49,12,58.97,0.0,2889.68,Medium,58
05-02-2025,5,2,2,0,Weekday,0,STORE_001,Small,Urban,Salt,Non-Perishable,40,39,1,21.76,0.0,848.54,High,47
05-02-2025,5,2,2,0,Weekday,0,STORE_001,Small,Urban,Bread,Perishable,6,4,2,58.59,0.0,234.36,Medium,9
05-02-2025,5,2,2,0,Weekday,0,STORE_001,Small,Urban,Eggs,Perishable,5,3,2,41.33,0.097,111.97,Medium,8
05-02-2025,5,2,2,0,Weekday,0,STORE_002,Medium,Semi-Urban,Milk,Perishable,27,23,4,29.91,0.0,687.94,Medium,30
05-02-2025,5,2,2,0,Weekday,0,STORE_002,Medium,Semi-Urban,Curd,Perishable,16,7,9,58.49,0.0,409.4,Low,12
05-02-2025,5,2,2,0,Weekday,0,STORE_002,Medium,Semi-Urban,Paneer,Perishable,29,15,14,181.62,0.115,2409.69,Medium,21
05-02-2025,5,2,2,0,Weekday,0,STORE_002,Medium,Semi-Urban,Rice,Non-Perishable,115,75,40,87.49,0.0,6561.43,Medium,87
05-02-2025,5,2,2,0,Weekday,0,STORE_002,Medium,Semi-Urban,Toor Dal,Non-Perishable,84,61,23,104.55,0.083,5845.42,Medium,72
05-02-2025,5,2,2,0,Weekday,0,STORE_002,Medium,Semi-Urban,Wheat Flour,Non-Perishable,79,56,23,32.37,0.08,1667.42,Medium,66
05-02-2025,5,2,2,0,Weekday,0,STORE_002,Medium,Semi-Urban,Cooking Oil,Non-Perishable,104,73,31,146.36,0.0,10684.53,Medium,85
05-02-2025,5,2,2,0,Weekday,0,STORE_002,Medium,Semi-Urban,Biscuits,Non-Perishable,121,104,17,19.0,0.0,1976.01,Medium,119
05-02-2025,5,2,2,0,Weekday,0,STORE_002,Medium,Semi-Urban,Snacks,Non-Perishable,123,111,12,38.87,0.0,4314.69,High,127
05-02-2025,5,2,2,0,Weekday,0,STORE_002,Medium,Semi-Urban,Masala,Non-Perishable,83,54,29,110.0,0.0,5939.95,Medium,64
05-02-2025,5,2,2,0,Weekday,0,STORE_002,Medium,Semi-Urban,Sugar,Non-Perishable,41,37,4,53.12,0.0,1965.28,High,45
05-02-2025,5,2,2,0,Weekday,0,STORE_002,Medium,Semi-Urban,Salt,Non-Perishable,98,65,33,23.77,0.0,1544.79,Medium,76
05-02-2025,5,2,2,0,Weekday,0,STORE_002,Medium,Semi-Urban,Bread,Perishable,18,14,4,49.03,0.122,602.47,Medium,20
05-02-2025,5,2,2,0,Weekday,0,STORE_002,Medium,Semi-Urban,Eggs,Perishable,15,11,4,45.51,0.0,500.64,Medium,17
05-02-2025,5,2,2,0,Weekday,0,STORE_003,Supermarket,Rural,Milk,Perishable,52,30,22,30.95,0.0,928.39,Medium,38
05-02-2025,5,2,2,0,Weekday,0,STORE_003,Supermarket,Rural,Curd,Perishable,23,15,8,40.4,0.0,606.07,Medium,21
05-02-2025,5,2,2,0,Weekday,0,STORE_003,Supermarket,Rural,Paneer,Perishable,28,27,1,238.24,0.0,6432.56,High,34
05-02-2025,5,2,2,0,Weekday,0,STORE_003,Supermarket,Rural,Rice,Non-Perishable,235,150,85,60.09,0.0,9013.17,Medium,170
05-02-2025,5,2,2,0,Weekday,0,STORE_003,Supermarket,Rural,Toor Dal,Non-Perishable,236,200,36,124.29,0.134,21518.92,Medium,225
05-02-2025,5,2,2,0,Weekday,0,STORE_003,Supermarket,Rural,Wheat Flour,Non-Perishable,242,158,84,36.09,0.0,5702.26,Medium,178
05-02-2025,5,2,2,0,Weekday,0,STORE_003,Supermarket,Rural,Cooking Oil,Non-Perishable,162,140,22,166.71,0.0,23338.93,Medium,159
05-02-2025,5,2,2,0,Weekday,0,STORE_003,Supermarket,Rural,Biscuits,Non-Perishable,78,60,18,21.0,0.0,1260.14,Medium,71
05-02-2025,5,2,2,0,Weekday,0,STORE_003,Supermarket,Rural,Snacks,Non-Perishable,176,117,59,39.63,0.0,4636.18,Medium,133
05-02-2025,5,2,2,0,Weekday,0,STORE_003,Supermarket,Rural,Masala,Non-Perishable,251,168,83,100.43,0.0,16871.76,Medium,189
05-02-2025,5,2,2,0,Weekday,0,STORE_003,Supermarket,Rural,Sugar,Non-Perishable,99,65,34,54.21,0.0,3523.5,Medium,76
05-02-2025,5,2,2,0,Weekday,0,STORE_003,Supermarket,Rural,Salt,Non-Perishable,100,76,24,21.68,0.0,1647.63,Medium,88
05-02-2025,5,2,2,0,Weekday,0,STORE_003,Supermarket,Rural,Bread,Perishable,31,23,8,42.71,0.0,982.27,Medium,30
05-02-2025,5,2,2,0,Weekday,0,STORE_003,Supermarket,Rural,Eggs,Perishable,19,14,5,42.19,0.113,524.1,Medium,20
06-02-2025,6,2,3,0,Weekday,0,STORE_001,Small,Urban,Milk,Perishable,5,3,2,25.0,0.0,75.01,Medium,8
06-02-2025,6,2,3,0,Weekday,0,STORE_001,Small,Urban,Curd,Perishable,9,7,2,49.49,0.0,346.41,Medium,12
06-02-2025,6,2,3,0,Weekday,0,STORE_001,Small,Urban,Paneer,Perishable,3,2,1,203.0,0.0,405.99,Medium,7
06-02-2025,6,2,3,0,Weekday,0,STORE_001,Small,Urban,Rice,Non-Perishable,43,38,5,60.92,0.0,2315.08,Medium,46
06-02-2025,6,2,3,0,Weekday,0,STORE_001,Small,Urban,Toor Dal,Non-Perishable,20,17,3,146.63,0.0,2492.78,Medium,23
06-02-2025,6,2,3,0,Weekday,0,STORE_001,Small,Urban,Wheat Flour,Non-Perishable,35,27,8,27.78,0.0,749.94,Medium,34
06-02-2025,6,2,3,0,Weekday,0,STORE_001,Small,Urban,Cooking Oil,Non-Perishable,38,30,8,197.26,0.138,5101.39,Medium,38
06-02-2025,6,2,3,0,Weekday,0,STORE_001,Small,Urban,Biscuits,Non-Perishable,35,25,10,22.68,0.0,566.95,Medium,32
06-02-2025,6,2,3,0,Weekday,0,STORE_001,Small,Urban,Snacks,Non-Perishable,30,18,12,32.84,0.0,591.18,Medium,24
06-02-2025,6,2,3,0,Weekday,0,STORE_001,Small,Urban,Masala,Non-Perishable,31,19,12,44.09,0.0,837.72,Medium,25
06-02-2025,6,2,3,0,Weekday,0,STORE_001,Small,Urban,Sugar,Non-Perishable,55,35,20,59.03,0.0,2066.11,Medium,43
06-02-2025,6,2,3,0,Weekday,0,STORE_001,Small,Urban,Salt,Non-Perishable,36,21,15,24.47,0.0,513.89,Medium,28
06-02-2025,6,2,3,0,Weekday,0,STORE_001,Small,Urban,Bread,Perishable,5,3,2,33.44,0.0,100.32,Medium,8
06-02-2025,6,2,3,0,Weekday,0,STORE_001,Small,Urban,Eggs,Perishable,6,3,3,44.6,0.0,133.79,Medium,8
06-02-2025,6,2,3,0,Weekday,0,STORE_002,Medium,Semi-Urban,Milk,Perishable,18,18,0,24.21,0.0,435.75,High,24
06-02-2025,6,2,3,0,Weekday,0,STORE_002,Medium,Semi-Urban,Curd,Perishable,18,11,7,42.9,0.0,471.88,Medium,17
06-02-2025,6,2,3,0,Weekday,0,STORE_002,Medium,Semi-Urban,Paneer,Perishable,21,14,7,189.34,0.142,2273.76,Medium,20
06-02-2025,6,2,3,0,Weekday,0,STORE_002,Medium,Semi-Urban,Rice,Non-Perishable,72,59,13,80.34,0.0,4739.96,Medium,69
06-02-2025,6,2,3,0,Weekday,0,STORE_002,Medium,Semi-Urban,Toor Dal,Non-Perishable,98,60,38,145.88,0.0,8752.57,Medium,71
06-02-2025,6,2,3,0,Weekday,0,STORE_002,Medium,Semi-Urban,Wheat Flour,Non-Perishable,101,64,37,33.51,0.0,2144.55,Medium,75
06-02-2025,6,2,3,0,Weekday,0,STORE_002,Medium,Semi-Urban,Cooking Oil,Non-Perishable,35,28,7,199.19,0.0,5577.36,Medium,35
06-02-2025,6,2,3,0,Weekday,0,STORE_002,Medium,Semi-Urban,Biscuits,Non-Perishable,115,67,48,24.7,0.0,1654.67,Medium,78
06-02-2025,6,2,3,0,Weekday,0,STORE_002,Medium,Semi-Urban,Snacks,Non-Perishable,114,77,37,72.87,0.0,5611.13,Medium,89
06-02-2025,6,2,3,0,Weekday,0,STORE_002,Medium,Semi-Urban,Masala,Non-Perishable,50,30,20,80.48,0.0,2414.36,Medium,38
06-02-2025,6,2,3,0,Weekday,0,STORE_002,Medium,Semi-Urban,Sugar,Non-Perishable,103,75,28,58.51,0.0,4388.32,Medium,87
06-02-2025,6,2,3,0,Weekday,0,STORE_002,Medium,Semi-Urban,Salt,Non-Perishable,97,48,49,24.42,0.0,1172.11,Low,57
06-02-2025,6,2,3,0,Weekday,0,STORE_002,Medium,Semi-Urban,Bread,Perishable,20,15,5,59.38,0.0,890.74,Medium,21
06-02-2025,6,2,3,0,Weekday,0,STORE_002,Medium,Semi-Urban,Eggs,Perishable,13,7,6,47.8,0.0,334.6,Medium,12
06-02-2025,6,2,3,0,Weekday,0,STORE_003,Supermarket,Rural,Milk,Perishable,20,7,13,33.65,0.0,235.54,Low,12
06-02-2025,6,2,3,0,Weekday,0,STORE_003,Supermarket,Rural,Curd,Perishable,25,20,5,40.5,0.0,809.99,Medium,27
06-02-2025,6,2,3,0,Weekday,0,STORE_003,Supermarket,Rural,Paneer,Perishable,28,16,12,196.64,0.113,2791.6,Medium,22
06-02-2025,6,2,3,0,Weekday,0,STORE_003,Supermarket,Rural,Rice,Non-Perishable,143,83,60,77.45,0.0,6428.76,Medium,96
06-02-2025,6,2,3,0,Weekday,0,STORE_003,Supermarket,Rural,Toor Dal,Non-Perishable,213,170,43,136.31,0.0,23171.9,Medium,192
06-02-2025,6,2,3,0,Weekday,0,STORE_003,Supermarket,Rural,Wheat Flour,Non-Perishable,121,88,33,36.54,0.0,3215.1,Medium,101
06-02-2025,6,2,3,0,Weekday,0,STORE_003,Supermarket,Rural,Cooking Oil,Non-Perishable,198,194,4,143.49,0.0,27837.86,High,218
06-02-2025,6,2,3,0,Weekday,0,STORE_003,Supermarket,Rural,Biscuits,Non-Perishable,196,147,49,14.96,0.0,2199.85,Medium,166
06-02-2025,6,2,3,0,Weekday,0,STORE_003,Supermarket,Rural,Snacks,Non-Perishable,88,75,13,70.43,0.0,5282.41,Medium,87
06-02-2025,6,2,3,0,Weekday,0,STORE_003,Supermarket,Rural,Masala,Non-Perishable,153,106,47,87.86,0.0,9313.06,Medium,121
06-02-2025,6,2,3,0,Weekday,0,STORE_003,Supermarket,Rural,Sugar,Non-Perishable,62,36,26,57.09,0.0,2055.29,Medium,44
06-02-2025,6,2,3,0,Weekday,0,STORE_003,Supermarket,Rural,Salt,Non-Perishable,178,160,18,22.56,0.134,3127.18,Medium,181
06-02-2025,6,2,3,0,Weekday,0,STORE_003,Supermarket,Rural,Bread,Perishable,37,28,9,57.19,0.0,1601.25,Medium,35
06-02-2025,6,2,3,0,Weekday,0,STORE_003,Supermarket,Rural,Eggs,Perishable,25,19,6,46.2,0.0,877.83,Medium,25
07-02-2025,7,2,4,0,Weekday,0,STORE_001,Small,Urban,Milk,Perishable,11,9,2,24.34,0.0,219.09,Medium,14
07-02-2025,7,2,4,0,Weekday,0,STORE_001,Small,Urban,Curd,Perishable,6,4,2,57.22,0.0,228.87,Medium,9
07-02-2025,7,2,4,0,Weekday,0,STORE_001,Small,Urban,Paneer,Perishable,4,2,2,236.59,0.0,473.17,Medium,7
07-02-2025,7,2,4,0,Weekday,0,STORE_001,Small,Urban,Rice,Non-Perishable,22,20,2,61.04,0.0,1220.86,High,27
07-02-2025,7,2,4,0,Weekday,0,STORE_001,Small,Urban,Toor Dal,Non-Perishable,22,17,5,133.99,0.0,2277.86,Medium,23
07-02-2025,7,2,4,0,Weekday,0,STORE_001,Small,Urban,Wheat Flour,Non-Perishable,26,21,5,37.79,0.0,793.61,Medium,28
07-02-2025,7,2,4,0,Weekday,0,STORE_001,Small,Urban,Cooking Oil,Non-Perishable,66,66,0,146.89,0.0,9694.92,High,77
07-02-2025,7,2,4,0,Weekday,0,STORE_001,Small,Urban,Biscuits,Non-Perishable,45,38,7,10.38,0.0,394.32,Medium,46
07-02-2025,7,2,4,0,Weekday,0,STORE_001,Small,Urban,Snacks,Non-Perishable,21,21,0,41.09,0.0,862.82,High,28
07-02-2025,7,2,4,0,Weekday,0,STORE_001,Small,Urban,Masala,Non-Perishable,27,19,8,56.52,0.0,1073.9,Medium,25
07-02-2025,7,2,4,0,Weekday,0,STORE_001,Small,Urban,Sugar,Non-Perishable,29,18,11,41.3,0.062,697.7,Medium,24
07-02-2025,7,2,4,0,Weekday,0,STORE_001,Small,Urban,Salt,Non-Perishable,64,49,15,19.18,0.0,940.0,Medium,58
07-02-2025,7,2,4,0,Weekday,0,STORE_001,Small,Urban,Bread,Perishable,10,6,4,48.71,0.0,292.25,Medium,11
07-02-2025,7,2,4,0,Weekday,0,STORE_001,Small,Urban,Eggs,Perishable,4,4,0,44.55,0.0,178.18,High,9
07-02-2025,7,2,4,0,Weekday,0,STORE_002,Medium,Semi-Urban,Milk,Perishable,25,17,8,24.27,0.0,412.67,Medium,23
07-02-2025,7,2,4,0,Weekday,0,STORE_002,Medium,Semi-Urban,Curd,Perishable,25,19,6,45.98,0.0,873.55,Medium,25
07-02-2025,7,2,4,0,Weekday,0,STORE_002,Medium,Semi-Urban,Paneer,Perishable,7,5,2,238.31,0.0,1191.57,Medium,10
07-02-2025,7,2,4,0,Weekday,0,STORE_002,Medium,Semi-Urban,Rice,Non-Perishable,73,52,21,86.22,0.072,4160.7,Medium,62
07-02-2025,7,2,4,0,Weekday,0,STORE_002,Medium,Semi-Urban,Toor Dal,Non-Perishable,113,65,48,125.13,0.0,8133.22,Medium,76
07-02-2025,7,2,4,0,Weekday,0,STORE_002,Medium,Semi-Urban,Wheat Flour,Non-Perishable,69,58,11,31.58,0.0,1831.46,Medium,68
07-02-2025,7,2,4,0,Weekday,0,STORE_002,Medium,Semi-Urban,Cooking Oil,Non-Perishable,81,54,27,157.14,0.0,8485.63,Medium,64
07-02-2025,7,2,4,0,Weekday,0,STORE_002,Medium,Semi-Urban,Biscuits,Non-Perishable,61,61,0,7.67,0.0,467.59,High,72
07-02-2025,7,2,4,0,Weekday,0,STORE_002,Medium,Semi-Urban,Snacks,Non-Perishable,56,36,20,61.37,0.0,2209.46,Medium,44
07-02-2025,7,2,4,0,Weekday,0,STORE_002,Medium,Semi-Urban,Masala,Non-Perishable,67,65,2,60.22,0.0,3914.26,High,76
07-02-2025,7,2,4,0,Weekday,0,STORE_002,Medium,Semi-Urban,Sugar,Non-Perishable,40,40,0,43.85,0.0,1754.02,High,49
07-02-2025,7,2,4,0,Weekday,0,STORE_002,Medium,Semi-Urban,Salt,Non-Perishable,89,87,2,18.07,0.0,1571.89,High,100
07-02-2025,7,2,4,0,Weekday,0,STORE_002,Medium,Semi-Urban,Bread,Perishable,19,19,0,39.67,0.0,753.73,High,25
07-02-2025,7,2,4,0,Weekday,0,STORE_002,Medium,Semi-Urban,Eggs,Perishable,10,7,3,30.11,0.074,195.1,Medium,12
07-02-2025,7,2,4,0,Weekday,0,STORE_003,Supermarket,Rural,Milk,Perishable,53,45,8,28.6,0.0,1287.12,Medium,54
07-02-2025,7,2,4,0,Weekday,0,STORE_003,Supermarket,Rural,Curd,Perishable,19,13,6,42.24,0.0,549.07,Medium,19
07-02-2025,7,2,4,0,Weekday,0,STORE_003,Supermarket,Rural,Paneer,Perishable,45,28,17,201.42,0.105,5050.1,Medium,35
07-02-2025,7,2,4,0,Weekday,0,STORE_003,Supermarket,Rural,Rice,Non-Perishable,218,148,70,78.59,0.0,11631.95,Medium,167
07-02-2025,7,2,4,0,Weekday,0,STORE_003,Supermarket,Rural,Toor Dal,Non-Perishable,100,100,0,140.91,0.149,11988.68,High,115
07-02-2025,7,2,4,0,Weekday,0,STORE_003,Supermarket,Rural,Wheat Flour,Non-Perishable,92,70,22,34.54,0.09,2201.13,Medium,82
07-02-2025,7,2,4,0,Weekday,0,STORE_003,Supermarket,Rural,Cooking Oil,Non-Perishable,172,103,69,122.42,0.147,10760.98,Medium,118
07-02-2025,7,2,4,0,Weekday,0,STORE_003,Supermarket,Rural,Biscuits,Non-Perishable,126,92,34,17.89,0.0,1645.76,Medium,106
07-02-2025,7,2,4,0,Weekday,0,STORE_003,Supermarket,Rural,Snacks,Non-Perishable,105,105,0,67.39,0.0,7076.45,High,120
07-02-2025,7,2,4,0,Weekday,0,STORE_003,Supermarket,Rural,Masala,Non-Perishable,230,182,48,43.37,0.0,7893.71,Medium,205
07-02-2025,7,2,4,0,Weekday,0,STORE_003,Supermarket,Rural,Sugar,Non-Perishable,81,74,7,55.57,0.067,3835.43,High,86
07-02-2025,7,2,4,0,Weekday,0,STORE_003,Supermarket,Rural,Salt,Non-Perishable,172,172,0,24.82,0.14,3670.15,High,194
07-02-2025,7,2,4,0,Weekday,0,STORE_003,Supermarket,Rural,Bread,Perishable,18,12,6,52.73,0.0,632.76,Medium,18
07-02-2025,7,2,4,0,Weekday,0,STORE_003,Supermarket,Rural,Eggs,Perishable,19,16,3,45.16,0.0,722.6,Medium,22
08-02-2025,8,2,5,1,Weekend,0,STORE_001,Small,Urban,Milk,Perishable,13,12,1,22.27,0.0,267.25,High,18
08-02-2025,8,2,5,1,Weekend,0,STORE_001,Small,Urban,Curd,Perishable,14,14,0,52.49,0.0,734.84,High,20
08-02-2025,8,2,5,1,Weekend,0,STORE_001,Small,Urban,Paneer,Perishable,5,4,1,195.17,0.0,780.67,Medium,9
08-02-2025,8,2,5,1,Weekend,0,STORE_001,Small,Urban,Rice,Non-Perishable,41,31,10,61.92,0.0,1919.37,Medium,39
08-02-2025,8,2,5,1,Weekend,0,STORE_001,Small,Urban,Toor Dal,Non-Perishable,36,23,13,114.79,0.14,2271.69,Medium,30
08-02-2025,8,2,5,1,Weekend,0,STORE_001,Small,Urban,Wheat Flour,Non-Perishable,57,37,20,38.62,0.0,1429.07,Medium,45
08-02-2025,8,2,5,1,Weekend,0,STORE_001,Small,Urban,Cooking Oil,Non-Perishable,38,38,0,194.12,0.0,7376.73,High,46
08-02-2025,8,2,5,1,Weekend,0,STORE_001,Small,Urban,Biscuits,Non-Perishable,38,38,0,26.85,0.0,1020.35,High,46
08-02-2025,8,2,5,1,Weekend,0,STORE_001,Small,Urban,Snacks,Non-Perishable,15,13,2,37.76,0.0,490.9,Medium,19
08-02-2025,8,2,5,1,Weekend,0,STORE_001,Small,Urban,Masala,Non-Perishable,19,18,1,95.19,0.0,1713.37,High,24
08-02-2025,8,2,5,1,Weekend,0,STORE_001,Small,Urban,Sugar,Non-Perishable,19,14,5,41.87,0.0,586.16,Medium,20
08-02-2025,8,2,5,1,Weekend,0,STORE_001,Small,Urban,Salt,Non-Perishable,29,29,0,24.25,0.0,703.14,High,36
08-02-2025,8,2,5,1,Weekend,0,STORE_001,Small,Urban,Bread,Perishable,11,11,0,50.35,0.0,553.89,High,17
08-02-2025,8,2,5,1,Weekend,0,STORE_001,Small,Urban,Eggs,Perishable,7,7,0,36.2,0.0,253.37,High,12
08-02-2025,8,2,5,1,Weekend,0,STORE_002,Medium,Semi-Urban,Milk,Perishable,15,11,4,23.23,0.0,255.58,Medium,17
08-02-2025,8,2,5,1,Weekend,0,STORE_002,Medium,Semi-Urban,Curd,Perishable,11,8,3,48.95,0.0,391.61,Medium,13
08-02-2025,8,2,5,1,Weekend,0,STORE_002,Medium,Semi-Urban,Paneer,Perishable,8,8,0,207.42,0.0,1659.37,High,13
08-02-2025,8,2,5,1,Weekend,0,STORE_002,Medium,Semi-Urban,Rice,Non-Perishable,80,80,0,54.02,0.0,4321.41,High,93
08-02-2025,8,2,5,1,Weekend,0,STORE_002,Medium,Semi-Urban,Toor Dal,Non-Perishable,104,104,0,132.72,0.074,12777.8,High,119
08-02-2025,8,2,5,1,Weekend,0,STORE_002,Medium,Semi-Urban,Wheat Flour,Non-Perishable,154,148,6,42.4,0.0,6274.64,High,167
08-02-2025,8,2,5,1,Weekend,0,STORE_002,Medium,Semi-Urban,Cooking Oil,Non-Perishable,46,37,9,186.94,0.0,6916.66,Medium,45
08-02-2025,8,2,5,1,Weekend,0,STORE_002,Medium,Semi-Urban,Biscuits,Non-Perishable,57,40,17,29.36,0.0,1174.24,Medium,49
08-02-2025,8,2,5,1,Weekend,0,STORE_002,Medium,Semi-Urban,Snacks,Non-Perishable,107,97,10,40.32,0.0,3911.12,High,111
08-02-2025,8,2,5,1,Weekend,0,STORE_002,Medium,Semi-Urban,Masala,Non-Perishable,65,57,8,108.09,0.0,6160.98,Medium,67
08-02-2025,8,2,5,1,Weekend,0,STORE_002,Medium,Semi-Urban,Sugar,Non-Perishable,143,138,5,41.91,0.0,5783.68,High,156
08-02-2025,8,2,5,1,Weekend,0,STORE_002,Medium,Semi-Urban,Salt,Non-Perishable,118,110,8,18.3,0.0,2012.8,High,126
08-02-2025,8,2,5,1,Weekend,0,STORE_002,Medium,Semi-Urban,Bread,Perishable,21,21,0,46.93,0.0,985.6,High,28
08-02-2025,8,2,5,1,Weekend,0,STORE_002,Medium,Semi-Urban,Eggs,Perishable,30,17,13,38.57,0.0,655.64,Medium,23
08-02-2025,8,2,5,1,Weekend,0,STORE_003,Supermarket,Rural,Milk,Perishable,27,22,5,34.45,0.0,757.94,Medium,29
08-02-2025,8,2,5,1,Weekend,0,STORE_003,Supermarket,Rural,Curd,Perishable,17,13,4,55.28,0.0,718.7,Medium,19
08-02-2025,8,2,5,1,Weekend,0,STORE_003,Supermarket,Rural,Paneer,Perishable,23,18,5,219.63,0.0,3953.39,Medium,24
08-02-2025,8,2,5,1,Weekend,0,STORE_003,Supermarket,Rural,Rice,Non-Perishable,80,80,0,83.96,0.0,6717.03,High,93
08-02-2025,8,2,5,1,Weekend,0,STORE_003,Supermarket,Rural,Toor Dal,Non-Perishable,168,168,0,113.1,0.0,19000.59,High,189
08-02-2025,8,2,5,1,Weekend,0,STORE_003,Supermarket,Rural,Wheat Flour,Non-Perishable,76,76,0,30.94,0.0,2351.56,High,88
08-02-2025,8,2,5,1,Weekend,0,STORE_003,Supermarket,Rural,Cooking Oil,Non-Perishable,232,229,3,126.13,0.0,28883.67,High,256
08-02-2025,8,2,5,1,Weekend,0,STORE_003,Supermarket,Rural,Biscuits,Non-Perishable,195,195,0,16.35,0.0,3187.53,High,219
08-02-2025,8,2,5,1,Weekend,0,STORE_003,Supermarket,Rural,Snacks,Non-Perishable,68,68,0,36.35,0.0,2471.93,High,79
08-02-2025,8,2,5,1,Weekend,0,STORE_003,Supermarket,Rural,Masala,Non-Perishable,215,215,0,88.64,0.135,16480.13,High,241
08-02-2025,8,2,5,1,Weekend,0,STORE_003,Supermarket,Rural,Sugar,Non-Perishable,107,82,25,40.57,0.063,3116.99,Medium,95
08-02-2025,8,2,5,1,Weekend,0,STORE_003,Supermarket,Rural,Salt,Non-Perishable,80,52,28,21.73,0.0,1130.16,Medium,62
08-02-2025,8,2,5,1,Weekend,0,STORE_003,Supermarket,Rural,Bread,Perishable,17,16,1,48.85,0.0,781.53,High,22
08-02-2025,8,2,5,1,Weekend,0,STORE_003,Supermarket,Rural,Eggs,Perishable,21,21,0,45.06,0.0,946.35,High,28
09-02-2025,9,2,6,1,Weekend,0,STORE_001,Small,Urban,Milk,Perishable,3,3,0,29.87,0.0,89.62,High,8
09-02-2025,9,2,6,1,Weekend,0,STORE_001,Small,Urban,Curd,Perishable,10,10,0,48.27,0.121,424.08,High,16
09-02-2025,9,2,6,1,Weekend,0,STORE_001,Small,Urban,Paneer,Perishable,6,5,1,245.89,0.0,1229.44,Medium,10
09-02-2025,9,2,6,1,Weekend,0,STORE_001,Small,Urban,Rice,Non-Perishable,41,24,17,61.71,0.0,1481.12,Medium,31
09-02-2025,9,2,6,1,Weekend,0,STORE_001,Small,Urban,Toor Dal,Non-Perishable,78,78,0,130.84,0.0,10205.85,High,90
09-02-2025,9,2,6,1,Weekend,0,STORE_001,Small,Urban,Wheat Flour,Non-Perishable,23,22,1,34.82,0.0,766.1,High,29
09-02-2025,9,2,6,1,Weekend,0,STORE_001,Small,Urban,Cooking Oil,Non-Perishable,35,35,0,146.84,0.105,4599.55,High,43
09-02-2025,9,2,6,1,Weekend,0,STORE_001,Small,Urban,Biscuits,Non-Perishable,69,69,0,10.3,0.0,710.92,High,80
09-02-2025,9,2,6,1,Weekend,0,STORE_001,Small,Urban,Snacks,Non-Perishable,39,39,0,52.1,0.0,2032.07,High,47
09-02-2025,9,2,6,1,Weekend,0,STORE_001,Small,Urban,Masala,Non-Perishable,44,31,13,105.88,0.0,3282.16,Medium,39
09-02-2025,9,2,6,1,Weekend,0,STORE_001,Small,Urban,Sugar,Non-Perishable,34,31,3,47.26,0.0,1465.21,High,39
09-02-2025,9,2,6,1,Weekend,0,STORE_001,Small,Urban,Salt,Non-Perishable,43,36,7,22.07,0.0,794.57,Medium,44
09-02-2025,9,2,6,1,Weekend,0,STORE_001,Small,Urban,Bread,Perishable,5,5,0,59.7,0.0,298.48,High,10
09-02-2025,9,2,6,1,Weekend,0,STORE_001,Small,Urban,Eggs,Perishable,6,5,1,35.85,0.051,170.08,Medium,10
09-02-2025,9,2,6,1,Weekend,0,STORE_002,Medium,Semi-Urban,Milk,Perishable,8,8,0,28.38,0.0,227.07,High,13
09-02-2025,9,2,6,1,Weekend,0,STORE_002,Medium,Semi-Urban,Curd,Perishable,16,16,0,46.89,0.0,750.24,High,22
09-02-2025,9,2,6,1,Weekend,0,STORE_002,Medium,Semi-Urban,Paneer,Perishable,13,13,0,204.59,0.0,2659.61,High,19
09-02-2025,9,2,6,1,Weekend,0,STORE_002,Medium,Semi-Urban,Rice,Non-Perishable,101,65,36,50.33,0.0,3271.59,Medium,76
09-02-2025,9,2,6,1,Weekend,0,STORE_002,Medium,Semi-Urban,Toor Dal,Non-Perishable,64,64,0,139.19,0.141,7650.0,High,75
09-02-2025,9,2,6,1,Weekend,0,STORE_002,Medium,Semi-Urban,Wheat Flour,Non-Perishable,41,36,5,44.13,0.0,1588.73,Medium,44
09-02-2025,9,2,6,1,Weekend,0,STORE_002,Medium,Semi-Urban,Cooking Oil,Non-Perishable,92,92,0,145.89,0.0,13421.53,High,106
09-02-2025,9,2,6,1,Weekend,0,STORE_002,Medium,Semi-Urban,Biscuits,Non-Perishable,116,106,10,24.75,0.069,2441.29,High,121
09-02-2025,9,2,6,1,Weekend,0,STORE_002,Medium,Semi-Urban,Snacks,Non-Perishable,54,41,13,68.67,0.0,2815.44,Medium,50
09-02-2025,9,2,6,1,Weekend,0,STORE_002,Medium,Semi-Urban,Masala,Non-Perishable,68,68,0,90.65,0.111,5480.69,High,79
09-02-2025,9,2,6,1,Weekend,0,STORE_002,Medium,Semi-Urban,Sugar,Non-Perishable,84,83,1,47.93,0.0,3978.37,High,96
09-02-2025,9,2,6,1,Weekend,0,STORE_002,Medium,Semi-Urban,Salt,Non-Perishable,98,40,58,22.15,0.0,885.87,Low,49
09-02-2025,9,2,6,1,Weekend,0,STORE_002,Medium,Semi-Urban,Bread,Perishable,21,18,3,36.17,0.0,651.04,Medium,24
09-02-2025,9,2,6,1,Weekend,0,STORE_002,Medium,Semi-Urban,Eggs,Perishable,27,20,7,48.81,0.0,976.29,Medium,27
09-02-2025,9,2,6,1,Weekend,0,STORE_003,Supermarket,Rural,Milk,Perishable,26,23,3,25.0,0.0,574.9,Medium,30
09-02-2025,9,2,6,1,Weekend,0,STORE_003,Supermarket,Rural,Curd,Perishable,62,61,1,41.43,0.072,2346.2,High,72
09-02-2025,9,2,6,1,Weekend,0,STORE_003,Supermarket,Rural,Paneer,Perishable,39,37,2,189.99,0.061,6599.44,High,45
09-02-2025,9,2,6,1,Weekend,0,STORE_003,Supermarket,Rural,Rice,Non-Perishable,162,162,0,67.38,0.0,10915.04,High,183
09-02-2025,9,2,6,1,Weekend,0,STORE_003,Supermarket,Rural,Toor Dal,Non-Perishable,103,86,17,132.3,0.0,11377.44,Medium,99
09-02-2025,9,2,6,1,Weekend,0,STORE_003,Supermarket,Rural,Wheat Flour,Non-Perishable,98,88,10,44.1,0.0,3880.61,Medium,101
09-02-2025,9,2,6,1,Weekend,0,STORE_003,Supermarket,Rural,Cooking Oil,Non-Perishable,201,201,0,138.56,0.051,26440.6,High,226
09-02-2025,9,2,6,1,Weekend,0,STORE_003,Supermarket,Rural,Biscuits,Non-Perishable,93,76,17,26.92,0.0,2046.03,Medium,88
09-02-2025,9,2,6,1,Weekend,0,STORE_003,Supermarket,Rural,Snacks,Non-Perishable,118,118,0,45.49,0.0,5368.06,High,134
09-02-2025,9,2,6,1,Weekend,0,STORE_003,Supermarket,Rural,Masala,Non-Perishable,81,81,0,63.67,0.0,5157.67,High,94
09-02-2025,9,2,6,1,Weekend,0,STORE_003,Supermarket,Rural,Sugar,Non-Perishable,159,150,9,45.85,0.0,6877.0,High,170
09-02-2025,9,2,6,1,Weekend,0,STORE_003,Supermarket,Rural,Salt,Non-Perishable,165,112,53,17.72,0.133,1720.74,Medium,128
09-02-2025,9,2,6,1,Weekend,0,STORE_003,Supermarket,Rural,Bread,Perishable,48,44,4,31.92,0.0,1404.66,High,53
09-02-2025,9,2,6,1,Weekend,0,STORE_003,Supermarket,Rural,Eggs,Perishable,34,34,0,32.68,0.149,945.46,High,42
10-02-2025,10,2,0,0,Weekday,0,STORE_001,Small,Urban,Milk,Perishable,10,8,2,24.43,0.0,195.43,Medium,13
10-02-2025,10,2,0,0,Weekday,0,STORE_001,Small,Urban,Curd,Perishable,9,7,2,44.03,0.0,308.2,Medium,12
10-02-2025,10,2,0,0,Weekday,0,STORE_001,Small,Urban,Paneer,Perishable,8,5,3,212.77,0.0,1063.83,Medium,10
10-02-2025,10,2,0,0,Weekday,0,STORE_001,Small,Urban,Rice,Non-Perishable,24,13,11,75.93,0.0,987.05,Medium,19
10-02-2025,10,2,0,0,Weekday,0,STORE_001,Small,Urban,Toor Dal,Non-Perishable,29,22,7,102.68,0.0,2259.07,Medium,29
10-02-2025,10,2,0,0,Weekday,0,STORE_001,Small,Urban,Wheat Flour,Non-Perishable,49,30,19,30.1,0.058,850.88,Medium,38
10-02-2025,10,2,0,0,Weekday,0,STORE_001,Small,Urban,Cooking Oil,Non-Perishable,54,33,21,174.39,0.0,5754.86,Medium,41
10-02-2025,10,2,0,0,Weekday,0,STORE_001,Small,Urban,Biscuits,Non-Perishable,47,39,8,21.56,0.0,840.87,Medium,47
10-02-2025,10,2,0,0,Weekday,0,STORE_001,Small,Urban,Snacks,Non-Perishable,52,51,1,34.92,0.0,1781.04,High,61
10-02-2025,10,2,0,0,Weekday,0,STORE_001,Small,Urban,Masala,Non-Perishable,35,22,13,44.76,0.0,984.77,Medium,29
10-02-2025,10,2,0,0,Weekday,0,STORE_001,Small,Urban,Sugar,Non-Perishable,31,31,0,50.83,0.0,1575.82,High,39
10-02-2025,10,2,0,0,Weekday,0,STORE_001,Small,Urban,Salt,Non-Perishable,26,22,4,23.22,0.0,510.93,Medium,29
10-02-2025,10,2,0,0,Weekday,0,STORE_001,Small,Urban,Bread,Perishable,4,2,2,49.16,0.0,98.32,Medium,7
10-02-2025,10,2,0,0,Weekday,0,STORE_001,Small,Urban,Eggs,Perishable,6,2,4,38.77,0.0,77.54,Low,7
10-02-2025,10,2,0,0,Weekday,0,STORE_002,Medium,Semi-Urban,Milk,Perishable,29,24,5,27.87,0.0,668.76,Medium,31
10-02-2025,10,2,0,0,Weekday,0,STORE_002,Medium,Semi-Urban,Curd,Perishable,17,14,3,40.7,0.0,569.8,Medium,20
10-02-2025,10,2,0,0,Weekday,0,STORE_002,Medium,Semi-Urban,Paneer,Perishable,9,5,4,240.18,0.0,1200.88,Medium,10
10-02-2025,10,2,0,0,Weekday,0,STORE_002,Medium,Semi-Urban,Rice,Non-Perishable,99,60,39,86.59,0.0,5195.2,Medium,71
10-02-2025,10,2,0,0,Weekday,0,STORE_002,Medium,Semi-Urban,Toor Dal,Non-Perishable,99,75,24,110.77,0.0,8307.49,Medium,87
10-02-2025,10,2,0,0,Weekday,0,STORE_002,Medium,Semi-Urban,Wheat Flour,Non-Perishable,107,74,33,38.57,0.0,2853.96,Medium,86
10-02-2025,10,2,0,0,Weekday,0,STORE_002,Medium,Semi-Urban,Cooking Oil,Non-Perishable,50,35,15,193.36,0.0,6767.73,Medium,43
10-02-2025,10,2,0,0,Weekday,0,STORE_002,Medium,Semi-Urban,Biscuits,Non-Perishable,46,44,2,10.84,0.0,476.94,High,53
10-02-2025,10,2,0,0,Weekday,0,STORE_002,Medium,Semi-Urban,Snacks,Non-Perishable,86,57,29,59.3,0.0,3380.18,Medium,67
10-02-2025,10,2,0,0,Weekday,0,STORE_002,Medium,Semi-Urban,Masala,Non-Perishable,62,39,23,48.24,0.059,1769.61,Medium,47
10-02-2025,10,2,0,0,Weekday,0,STORE_002,Medium,Semi-Urban,Sugar,Non-Perishable,116,98,18,54.91,0.0,5381.12,Medium,112
10-02-2025,10,2,0,0,Weekday,0,STORE_002,Medium,Semi-Urban,Salt,Non-Perishable,72,72,0,20.21,0.0,1455.31,High,84
10-02-2025,10,2,0,0,Weekday,0,STORE_002,Medium,Semi-Urban,Bread,Perishable,21,10,11,45.45,0.0,454.48,Low,16
10-02-2025,10,2,0,0,Weekday,0,STORE_002,Medium,Semi-Urban,Eggs,Perishable,15,13,2,48.72,0.099,570.75,Medium,19
10-02-2025,10,2,0,0,Weekday,0,STORE_003,Supermarket,Rural,Milk,Perishable,22,16,6,26.27,0.0,420.28,Medium,22
10-02-2025,10,2,0,0,Weekday,0,STORE_003,Supermarket,Rural,Curd,Perishable,19,15,4,42.25,0.124,554.98,Medium,21
10-02-2025,10,2,0,0,Weekday,0,STORE_003,Supermarket,Rural,Paneer,Perishable,24,17,7,236.8,0.0,4025.63,Medium,23
10-02-2025,10,2,0,0,Weekday,0,STORE_003,Supermarket,Rural,Rice,Non-Perishable,111,84,27,75.14,0.0,6311.74,Medium,97
10-02-2025,10,2,0,0,Weekday,0,STORE_003,Supermarket,Rural,Toor Dal,Non-Perishable,117,109,8,133.32,0.0,14532.03,High,124
10-02-2025,10,2,0,0,Weekday,0,STORE_003,Supermarket,Rural,Wheat Flour,Non-Perishable,92,54,38,26.83,0.0,1448.61,Medium,64
10-02-2025,10,2,0,0,Weekday,0,STORE_003,Supermarket,Rural,Cooking Oil,Non-Perishable,163,106,57,172.53,0.0,18288.45,Medium,121
10-02-2025,10,2,0,0,Weekday,0,STORE_003,Supermarket,Rural,Biscuits,Non-Perishable,148,148,0,8.77,0.0,1297.73,High,167
10-02-2025,10,2,0,0,Weekday,0,STORE_003,Supermarket,Rural,Snacks,Non-Perishable,196,144,52,37.94,0.0,5463.92,Medium,163
10-02-2025,10,2,0,0,Weekday,0,STORE_003,Supermarket,Rural,Masala,Non-Perishable,130,130,0,77.43,0.0,10065.52,High,148
10-02-2025,10,2,0,0,Weekday,0,STORE_003,Supermarket,Rural,Sugar,Non-Perishable,187,111,76,42.72,0.0,4742.31,Medium,127
10-02-2025,10,2,0,0,Weekday,0,STORE_003,Supermarket,Rural,Salt,Non-Perishable,93,80,13,19.55,0.0,1563.93,Medium,93
10-02-2025,10,2,0,0,Weekday,0,STORE_003,Supermarket,Rural,Bread,Perishable,31,26,5,54.71,0.0,1422.56,Medium,33
10-02-2025,10,2,0,0,Weekday,0,STORE_003,Supermarket,Rural,Eggs,Perishable,27,26,1,43.93,0.132,991.64,High,33
11-02-2025,11,2,1,0,Weekday,0,STORE_001,Small,Urban,Milk,Perishable,2,1,1,29.7,0.0,29.7,Medium,6
11-02-2025,11,2,1,0,Weekday,0,STORE_001,Small,Urban,Curd,Perishable,5,4,1,59.23,0.0,236.91,Medium,9
11-02-2025,11,2,1,0,Weekday,0,STORE_001,Small,Urban,Paneer,Perishable,3,1,2,193.7,0.0,193.7,Low,6
11-02-2025,11,2,1,0,Weekday,0,STORE_001,Small,Urban,Rice,Non-Perishable,33,26,7,56.94,0.0,1480.48,Medium,33
11-02-2025,11,2,1,0,Weekday,0,STORE_001,Small,Urban,Toor Dal,Non-Perishable,42,30,12,113.54,0.0,3406.08,Medium,38
11-02-2025,11,2,1,0,Weekday,0,STORE_001,Small,Urban,Wheat Flour,Non-Perishable,40,29,11,30.57,0.0,886.53,Medium,36
11-02-2025,11,2,1,0,Weekday,0,STORE_001,Small,Urban,Cooking Oil,Non-Perishable,36,23,13,162.2,0.0,3730.63,Medium,30
11-02-2025,11,2,1,0,Weekday,0,STORE_001,Small,Urban,Biscuits,Non-Perishable,59,53,6,10.44,0.0,553.17,Medium,63
11-02-2025,11,2,1,0,Weekday,0,STORE_001,Small,Urban,Snacks,Non-Perishable,54,49,5,30.72,0.0,1505.4,High,58
11-02-2025,11,2,1,0,Weekday,0,STORE_001,Small,Urban,Masala,Non-Perishable,42,27,15,46.03,0.0,1242.77,Medium,34
11-02-2025,11,2,1,0,Weekday,0,STORE_001,Small,Urban,Sugar,Non-Perishable,30,19,11,56.08,0.0,1065.43,Medium,25
11-02-2025,11,2,1,0,Weekday,0,STORE_001,Small,Urban,Salt,Non-Perishable,57,38,19,18.11,0.0,688.12,Medium,46
11-02-2025,11,2,1,0,Weekday,0,STORE_001,Small,Urban,Bread,Perishable,6,6,0,56.22,0.0,337.32,High,11
11-02-2025,11,2,1,0,Weekday,0,STORE_001,Small,Urban,Eggs,Perishable,9,8,1,46.96,0.0,375.65,Medium,13
11-02-2025,11,2,1,0,Weekday,0,STORE_002,Medium,Semi-Urban,Milk,Perishable,13,10,3,34.58,0.0,345.79,Medium,16
11-02-2025,11,2,1,0,Weekday,0,STORE_002,Medium,Semi-Urban,Curd,Perishable,14,10,4,52.26,0.101,470.02,Medium,16
11-02-2025,11,2,1,0,Weekday,0,STORE_002,Medium,Semi-Urban,Paneer,Perishable,22,18,4,210.84,0.0,3795.08,Medium,24
11-02-2025,11,2,1,0,Weekday,0,STORE_002,Medium,Semi-Urban,Rice,Non-Perishable,108,73,35,71.35,0.0,5208.46,Medium,85
11-02-2025,11,2,1,0,Weekday,0,STORE_002,Medium,Semi-Urban,Toor Dal,Non-Perishable,56,37,19,100.92,0.0,3733.95,Medium,45
11-02-2025,11,2,1,0,Weekday,0,STORE_002,Medium,Semi-Urban,Wheat Flour,Non-Perishable,117,102,15,42.69,0.094,3943.11,Medium,117
11-02-2025,11,2,1,0,Weekday,0,STORE_002,Medium,Semi-Urban,Cooking Oil,Non-Perishable,80,44,36,191.45,0.0,8423.85,Medium,53
11-02-2025,11,2,1,0,Weekday,0,STORE_002,Medium,Semi-Urban,Biscuits,Non-Perishable,88,72,16,9.99,0.074,666.03,Medium,84
11-02-2025,11,2,1,0,Weekday,0,STORE_002,Medium,Semi-Urban,Snacks,Non-Perishable,135,63,72,68.9,0.0,4340.73,Low,74
11-02-2025,11,2,1,0,Weekday,0,STORE_002,Medium,Semi-Urban,Masala,Non-Perishable,59,36,23,53.47,0.0,1925.01,Medium,44
11-02-2025,11,2,1,0,Weekday,0,STORE_002,Medium,Semi-Urban,Sugar,Non-Perishable,59,50,9,58.9,0.096,2660.95,Medium,60
11-02-2025,11,2,1,0,Weekday,0,STORE_002,Medium,Semi-Urban,Salt,Non-Perishable,130,109,21,16.1,0.0,1755.2,Medium,124
11-02-2025,11,2,1,0,Weekday,0,STORE_002,Medium,Semi-Urban,Bread,Perishable,7,5,2,30.52,0.0,152.58,Medium,10
11-02-2025,11,2,1,0,Weekday,0,STORE_002,Medium,Semi-Urban,Eggs,Perishable,11,8,3,49.31,0.0,394.5,Medium,13
11-02-2025,11,2,1,0,Weekday,0,STORE_003,Supermarket,Rural,Milk,Perishable,27,27,0,30.3,0.0,818.2,High,34
11-02-2025,11,2,1,0,Weekday,0,STORE_003,Supermarket,Rural,Curd,Perishable,35,19,16,57.34,0.0,1089.41,Medium,25
11-02-2025,11,2,1,0,Weekday,0,STORE_003,Supermarket,Rural,Paneer,Perishable,9,6,3,205.2,0.0,1231.23,Medium,11
11-02-2025,11,2,1,0,Weekday,0,STORE_003,Supermarket,Rural,Rice,Non-Perishable,189,189,0,67.77,0.0,12807.73,High,212
11-02-2025,11,2,1,0,Weekday,0,STORE_003,Supermarket,Rural,Toor Dal,Non-Perishable,196,124,72,128.03,0.0,15875.24,Medium,141
11-02-2025,11,2,1,0,Weekday,0,STORE_003,Supermarket,Rural,Wheat Flour,Non-Perishable,79,79,0,36.58,0.109,2576.08,High,91
11-02-2025,11,2,1,0,Weekday,0,STORE_003,Supermarket,Rural,Cooking Oil,Non-Perishable,137,100,37,135.55,0.0,13554.61,Medium,115
11-02-2025,11,2,1,0,Weekday,0,STORE_003,Supermarket,Rural,Biscuits,Non-Perishable,168,121,47,27.87,0.0,3371.95,Medium,138
11-02-2025,11,2,1,0,Weekday,0,STORE_003,Supermarket,Rural,Snacks,Non-Perishable,260,182,78,69.02,0.0,12561.3,Medium,205
11-02-2025,11,2,1,0,Weekday,0,STORE_003,Supermarket,Rural,Masala,Non-Perishable,73,42,31,78.72,0.0,3306.21,Medium,51
11-02-2025,11,2,1,0,Weekday,0,STORE_003,Supermarket,Rural,Sugar,Non-Perishable,174,101,73,43.4,0.141,3766.49,Medium,116
11-02-2025,11,2,1,0,Weekday,0,STORE_003,Supermarket,Rural,Salt,Non-Perishable,96,94,2,19.62,0.0,1843.96,High,108
11-02-2025,11,2,1,0,Weekday,0,STORE_003,Supermarket,Rural,Bread,Perishable,13,12,1,57.27,0.0,687.25,High,18
11-02-2025,11,2,1,0,Weekday,0,STORE_003,Supermarket,Rural,Eggs,Perishable,24,17,7,38.73,0.0,658.39,Medium,23
12-02-2025,12,2,2,0,Weekday,0,STORE_001,Small,Urban,Milk,Perishable,5,4,1,29.17,0.052,110.6,Medium,9
12-02-2025,12,2,2,0,Weekday,0,STORE_001,Small,Urban,Curd,Perishable,7,7,0,53.37,0.0,373.56,High,12
12-02-2025,12,2,2,0,Weekday,0,STORE_001,Small,Urban,Paneer,Perishable,12,7,5,187.86,0.0,1315.01,Medium,12
12-02-2025,12,2,2,0,Weekday,0,STORE_001,Small,Urban,Rice,Non-Perishable,29,17,12,60.51,0.05,977.09,Medium,23
12-02-2025,12,2,2,0,Weekday,0,STORE_001,Small,Urban,Toor Dal,Non-Perishable,46,28,18,107.01,0.0,2996.37,Medium,35
12-02-2025,12,2,2,0,Weekday,0,STORE_001,Small,Urban,Wheat Flour,Non-Perishable,30,15,15,26.03,0.0,390.38,Medium,21
12-02-2025,12,2,2,0,Weekday,0,STORE_001,Small,Urban,Cooking Oil,Non-Perishable,58,51,7,187.34,0.0,9554.1,Medium,61
12-02-2025,12,2,2,0,Weekday,0,STORE_001,Small,Urban,Biscuits,Non-Perishable,21,15,6,16.76,0.055,237.73,Medium,21
12-02-2025,12,2,2,0,Weekday,0,STORE_001,Small,Urban,Snacks,Non-Perishable,49,33,16,77.29,0.0,2550.72,Medium,41
12-02-2025,12,2,2,0,Weekday,0,STORE_001,Small,Urban,Masala,Non-Perishable,60,60,0,84.69,0.0,5081.67,High,71
12-02-2025,12,2,2,0,Weekday,0,STORE_001,Small,Urban,Sugar,Non-Perishable,56,39,17,50.09,0.0,1953.57,Medium,47
12-02-2025,12,2,2,0,Weekday,0,STORE_001,Small,Urban,Salt,Non-Perishable,38,16,22,21.75,0.0,348.02,Low,22
12-02-2025,12,2,2,0,Weekday,0,STORE_001,Small,Urban,Bread,Perishable,10,8,2,55.19,0.0,441.51,Medium,13
12-02-2025,12,2,2,0,Weekday,0,STORE_001,Small,Urban,Eggs,Perishable,8,8,0,38.78,0.0,310.2,High,13
12-02-2025,12,2,2,0,Weekday,0,STORE_002,Medium,Semi-Urban,Milk,Perishable,14,12,2,30.78,0.0,369.35,Medium,18
12-02-2025,12,2,2,0,Weekday,0,STORE_002,Medium,Semi-Urban,Curd,Perishable,22,15,7,44.7,0.065,627.01,Medium,21
12-02-2025,12,2,2,0,Weekday,0,STORE_002,Medium,Semi-Urban,Paneer,Perishable,12,7,5,213.86,0.0,1497.0,Medium,12
12-02-2025,12,2,2,0,Weekday,0,STORE_002,Medium,Semi-Urban,Rice,Non-Perishable,37,37,0,60.63,0.085,2053.33,High,45
12-02-2025,12,2,2,0,Weekday,0,STORE_002,Medium,Semi-Urban,Toor Dal,Non-Perishable,54,41,13,129.06,0.0,5291.43,Medium,50
12-02-2025,12,2,2,0,Weekday,0,STORE_002,Medium,Semi-Urban,Wheat Flour,Non-Perishable,61,55,6,28.36,0.0,1559.68,High,65
12-02-2025,12,2,2,0,Weekday,0,STORE_002,Medium,Semi-Urban,Cooking Oil,Non-Perishable,73,42,31,153.71,0.0,6455.7,Medium,51
12-02-2025,12,2,2,0,Weekday,0,STORE_002,Medium,Semi-Urban,Biscuits,Non-Perishable,103,74,29,18.94,0.0,1401.41,Medium,86
12-02-2025,12,2,2,0,Weekday,0,STORE_002,Medium,Semi-Urban,Snacks,Non-Perishable,80,52,28,52.96,0.082,2526.87,Medium,62
12-02-2025,12,2,2,0,Weekday,0,STORE_002,Medium,Semi-Urban,Masala,Non-Perishable,62,62,0,47.43,0.0,2940.51,High,73
12-02-2025,12,2,2,0,Weekday,0,STORE_002,Medium,Semi-Urban,Sugar,Non-Perishable,72,65,7,58.55,0.0,3805.45,High,76
12-02-2025,12,2,2,0,Weekday,0,STORE_002,Medium,Semi-Urban,Salt,Non-Perishable,42,33,9,21.36,0.0,704.99,Medium,41
12-02-2025,12,2,2,0,Weekday,0,STORE_002,Medium,Semi-Urban,Bread,Perishable,17,12,5,40.17,0.0,482.05,Medium,18
12-02-2025,12,2,2,0,Weekday,0,STORE_002,Medium,Semi-Urban,Eggs,Perishable,15,12,3,35.92,0.0,431.04,Medium,18
12-02-2025,12,2,2,0,Weekday,0,STORE_003,Supermarket,Rural,Milk,Perishable,20,14,6,31.67,0.0,443.38,Medium,20
12-02-2025,12,2,2,0,Weekday,0,STORE_003,Supermarket,Rural,Curd,Perishable,35,20,15,40.89,0.0,817.74,Medium,27
12-02-2025,12,2,2,0,Weekday,0,STORE_003,Supermarket,Rural,Paneer,Perishable,29,24,5,215.12,0.0,5162.86,Medium,31
12-02-2025,12,2,2,0,Weekday,0,STORE_003,Supermarket,Rural,Rice,Non-Perishable,178,94,84,78.99,0.15,6312.87,Medium,108
12-02-2025,12,2,2,0,Weekday,0,STORE_003,Supermarket,Rural,Toor Dal,Non-Perishable,122,87,35,115.91,0.0,10084.5,Medium,100
12-02-2025,12,2,2,0,Weekday,0,STORE_003,Supermarket,Rural,Wheat Flour,Non-Perishable,83,71,12,42.05,0.0,2985.88,Medium,83
12-02-2025,12,2,2,0,Weekday,0,STORE_003,Supermarket,Rural,Cooking Oil,Non-Perishable,67,58,9,170.76,0.0,9903.86,Medium,68
12-02-2025,12,2,2,0,Weekday,0,STORE_003,Supermarket,Rural,Biscuits,Non-Perishable,131,89,42,16.15,0.0,1437.27,Medium,102
12-02-2025,12,2,2,0,Weekday,0,STORE_003,Supermarket,Rural,Snacks,Non-Perishable,155,85,70,23.3,0.0,1980.26,Medium,98
12-02-2025,12,2,2,0,Weekday,0,STORE_003,Supermarket,Rural,Masala,Non-Perishable,127,104,23,119.05,0.0,12380.73,Medium,119
12-02-2025,12,2,2,0,Weekday,0,STORE_003,Supermarket,Rural,Sugar,Non-Perishable,75,36,39,43.68,0.0,1572.57,Low,44
12-02-2025,12,2,2,0,Weekday,0,STORE_003,Supermarket,Rural,Salt,Non-Perishable,113,111,2,24.17,0.0,2683.21,High,127
12-02-2025,12,2,2,0,Weekday,0,STORE_003,Supermarket,Rural,Bread,Perishable,30,19,11,56.09,0.0,1065.76,Medium,25
12-02-2025,12,2,2,0,Weekday,0,STORE_003,Supermarket,Rural,Eggs,Perishable,23,16,7,32.16,0.0,514.53,Medium,22
13-02-2025,13,2,3,0,Weekday,0,STORE_001,Small,Urban,Milk,Perishable,8,7,1,33.12,0.0,231.84,Medium,12
13-02-2025,13,2,3,0,Weekday,0,STORE_001,Small,Urban,Curd,Perishable,7,6,1,44.54,0.0,267.26,Medium,11
13-02-2025,13,2,3,0,Weekday,0,STORE_001,Small,Urban,Paneer,Perishable,9,9,0,242.53,0.0,2182.81,High,14
13-02-2025,13,2,3,0,Weekday,0,STORE_001,Small,Urban,Rice,Non-Perishable,46,37,9,89.62,0.0,3316.04,Medium,45
13-02-2025,13,2,3,0,Weekday,0,STORE_001,Small,Urban,Toor Dal,Non-Perishable,30,23,7,126.49,0.0,2909.38,Medium,30
13-02-2025,13,2,3,0,Weekday,0,STORE_001,Small,Urban,Wheat Flour,Non-Perishable,27,15,12,30.01,0.0,450.16,Medium,21
13-02-2025,13,2,3,0,Weekday,0,STORE_001,Small,Urban,Cooking Oil,Non-Perishable,30,30,0,175.57,0.112,4679.02,High,38
13-02-2025,13,2,3,0,Weekday,0,STORE_001,Small,Urban,Biscuits,Non-Perishable,48,29,19,22.07,0.0,640.02,Medium,36
13-02-2025,13,2,3,0,Weekday,0,STORE_001,Small,Urban,Snacks,Non-Perishable,23,14,9,42.55,0.0,595.74,Medium,20
13-02-2025,13,2,3,0,Weekday,0,STORE_001,Small,Urban,Masala,Non-Perishable,18,18,0,92.51,0.0,1665.23,High,24
13-02-2025,13,2,3,0,Weekday,0,STORE_001,Small,Urban,Sugar,Non-Perishable,67,59,8,51.85,0.0,3059.34,Medium,69
13-02-2025,13,2,3,0,Weekday,0,STORE_001,Small,Urban,Salt,Non-Perishable,48,25,23,20.5,0.0,512.42,Medium,32
13-02-2025,13,2,3,0,Weekday,0,STORE_001,Small,Urban,Bread,Perishable,13,8,5,55.72,0.0,445.78,Medium,13
13-02-2025,13,2,3,0,Weekday,0,STORE_001,Small,Urban,Eggs,Perishable,6,3,3,31.66,0.0,94.99,Medium,8
13-02-2025,13,2,3,0,Weekday,0,STORE_002,Medium,Semi-Urban,Milk,Perishable,12,12,0,32.4,0.0,388.79,High,18
13-02-2025,13,2,3,0,Weekday,0,STORE_002,Medium,Semi-Urban,Curd,Perishable,19,16,3,57.78,0.0,924.53,Medium,22
13-02-2025,13,2,3,0,Weekday,0,STORE_002,Medium,Semi-Urban,Paneer,Perishable,9,5,4,195.15,0.0,975.76,Medium,10
13-02-2025,13,2,3,0,Weekday,0,STORE_002,Medium,Semi-Urban,Rice,Non-Perishable,93,53,40,70.59,0.086,3420.89,Medium,63
13-02-2025,13,2,3,0,Weekday,0,STORE_002,Medium,Semi-Urban,Toor Dal,Non-Perishable,38,33,5,147.66,0.0,4872.87,Medium,41
13-02-2025,13,2,3,0,Weekday,0,STORE_002,Medium,Semi-Urban,Wheat Flour,Non-Perishable,67,54,13,35.76,0.0,1930.86,Medium,64
13-02-2025,13,2,3,0,Weekday,0,STORE_002,Medium,Semi-Urban,Cooking Oil,Non-Perishable,45,44,1,136.34,0.0,5999.01,High,53
13-02-2025,13,2,3,0,Weekday,0,STORE_002,Medium,Semi-Urban,Biscuits,Non-Perishable,59,53,6,5.24,0.0,277.66,Medium,63
13-02-2025,13,2,3,0,Weekday,0,STORE_002,Medium,Semi-Urban,Snacks,Non-Perishable,63,48,15,53.3,0.0,2558.43,Medium,57
13-02-2025,13,2,3,0,Weekday,0,STORE_002,Medium,Semi-Urban,Masala,Non-Perishable,35,21,14,77.8,0.0,1633.73,Medium,28
13-02-2025,13,2,3,0,Weekday,0,STORE_002,Medium,Semi-Urban,Sugar,Non-Perishable,52,44,8,51.15,0.0,2250.46,Medium,53
13-02-2025,13,2,3,0,Weekday,0,STORE_002,Medium,Semi-Urban,Salt,Non-Perishable,31,26,5,16.1,0.0,418.56,Medium,33
13-02-2025,13,2,3,0,Weekday,0,STORE_002,Medium,Semi-Urban,Bread,Perishable,8,6,2,43.62,0.0,261.71,Medium,11
13-02-2025,13,2,3,0,Weekday,0,STORE_002,Medium,Semi-Urban,Eggs,Perishable,20,17,3,33.63,0.064,534.91,Medium,23
13-02-2025,13,2,3,0,Weekday,0,STORE_003,Supermarket,Rural,Milk,Perishable,31,30,1,30.95,0.0,928.43,High,38
13-02-2025,13,2,3,0,Weekday,0,STORE_003,Supermarket,Rural,Curd,Perishable,33,21,12,52.26,0.0,1097.4,Medium,28
13-02-2025,13,2,3,0,Weekday,0,STORE_003,Supermarket,Rural,Paneer,Perishable,36,25,11,219.2,0.0,5479.94,Medium,32
13-02-2025,13,2,3,0,Weekday,0,STORE_003,Supermarket,Rural,Rice,Non-Perishable,120,116,4,52.82,0.0,6127.28,High,132
13-02-2025,13,2,3,0,Weekday,0,STORE_003,Supermarket,Rural,Toor Dal,Non-Perishable,158,95,63,114.25,0.0,10853.32,Medium,109
13-02-2025,13,2,3,0,Weekday,0,STORE_003,Supermarket,Rural,Wheat Flour,Non-Perishable,145,94,51,30.73,0.0,2888.71,Medium,108
13-02-2025,13,2,3,0,Weekday,0,STORE_003,Supermarket,Rural,Cooking Oil,Non-Perishable,181,111,70,187.96,0.0,20863.72,Medium,127
13-02-2025,13,2,3,0,Weekday,0,STORE_003,Supermarket,Rural,Biscuits,Non-Perishable,192,106,86,29.6,0.0,3137.19,Medium,121
13-02-2025,13,2,3,0,Weekday,0,STORE_003,Supermarket,Rural,Snacks,Non-Perishable,97,67,30,25.14,0.0,1684.37,Medium,78
13-02-2025,13,2,3,0,Weekday,0,STORE_003,Supermarket,Rural,Masala,Non-Perishable,147,71,76,96.95,0.0,6883.61,Low,83
13-02-2025,13,2,3,0,Weekday,0,STORE_003,Supermarket,Rural,Sugar,Non-Perishable,116,78,38,55.93,0.0,4362.67,Medium,90
13-02-2025,13,2,3,0,Weekday,0,STORE_003,Supermarket,Rural,Salt,Non-Perishable,169,132,37,17.12,0.0,2259.21,Medium,150
13-02-2025,13,2,3,0,Weekday,0,STORE_003,Supermarket,Rural,Bread,Perishable,61,51,10,36.6,0.0,1866.48,Medium,61
13-02-2025,13,2,3,0,Weekday,0,STORE_003,Supermarket,Rural,Eggs,Perishable,34,26,8,34.24,0.0,890.23,Medium,33
14-02-2025,14,2,4,0,Weekday,0,STORE_001,Small,Urban,Milk,Perishable,8,5,3,32.76,0.0,163.81,Medium,10
14-02-2025,14,2,4,0,Weekday,0,STORE_001,Small,Urban,Curd,Perishable,13,9,4,53.08,0.082,438.57,Medium,14
14-02-2025,14,2,4,0,Weekday,0,STORE_001,Small,Urban,Paneer,Perishable,8,4,4,193.49,0.0,773.97,Medium,9
14-02-2025,14,2,4,0,Weekday,0,STORE_001,Small,Urban,Rice,Non-Perishable,32,24,8,50.55,0.0,1213.11,Medium,31
14-02-2025,14,2,4,0,Weekday,0,STORE_001,Small,Urban,Toor Dal,Non-Perishable,52,45,7,137.94,0.0,6207.22,Medium,54
14-02-2025,14,2,4,0,Weekday,0,STORE_001,Small,Urban,Wheat Flour,Non-Perishable,39,29,10,42.59,0.0,1235.01,Medium,36
14-02-2025,14,2,4,0,Weekday,0,STORE_001,Small,Urban,Cooking Oil,Non-Perishable,40,23,17,176.73,0.124,3560.1,Medium,30
14-02-2025,14,2,4,0,Weekday,0,STORE_001,Small,Urban,Biscuits,Non-Perishable,71,56,15,24.05,0.0,1347.04,Medium,66
14-02-2025,14,2,4,0,Weekday,0,STORE_001,Small,Urban,Snacks,Non-Perishable,28,19,9,27.63,0.0,525.01,Medium,25
14-02-2025,14,2,4,0,Weekday,0,STORE_001,Small,Urban,Masala,Non-Perishable,30,20,10,40.74,0.0,814.79,Medium,27
14-02-2025,14,2,4,0,Weekday,0,STORE_001,Small,Urban,Sugar,Non-Perishable,41,22,19,42.43,0.0,933.37,Medium,29
14-02-2025,14,2,4,0,Weekday,0,STORE_001,Small,Urban,Salt,Non-Perishable,17,10,7,17.42,0.0,174.15,Medium,16
14-02-2025,14,2,4,0,Weekday,0,STORE_001,Small,Urban,Bread,Perishable,12,10,2,59.79,0.0,597.87,Medium,16
14-02-2025,14,2,4,0,Weekday,0,STORE_001,Small,Urban,Eggs,Perishable,4,3,1,44.75,0.101,120.66,Medium,8
14-02-2025,14,2,4,0,Weekday,0,STORE_002,Medium,Semi-Urban,Milk,Perishable,25,14,11,28.9,0.064,378.78,Medium,20
14-02-2025,14,2,4,0,Weekday,0,STORE_002,Medium,Semi-Urban,Curd,Perishable,14,8,6,57.39,0.138,395.94,Medium,13
14-02-2025,14,2,4,0,Weekday,0,STORE_002,Medium,Semi-Urban,Paneer,Perishable,15,10,5,230.67,0.0,2306.66,Medium,16
14-02-2025,14,2,4,0,Weekday,0,STORE_002,Medium,Semi-Urban,Rice,Non-Perishable,116,86,30,81.3,0.0,6991.6,Medium,99
14-02-2025,14,2,4,0,Weekday,0,STORE_002,Medium,Semi-Urban,Toor Dal,Non-Perishable,79,58,21,133.61,0.0,7749.45,Medium,68
14-02-2025,14,2,4,0,Weekday,0,STORE_002,Medium,Semi-Urban,Wheat Flour,Non-Perishable,64,50,14,30.07,0.0,1503.51,Medium,60
14-02-2025,14,2,4,0,Weekday,0,STORE_002,Medium,Semi-Urban,Cooking Oil,Non-Perishable,97,87,10,143.37,0.0,12473.55,Medium,100
14-02-2025,14,2,4,0,Weekday,0,STORE_002,Medium,Semi-Urban,Biscuits,Non-Perishable,114,66,48,29.08,0.075,1774.27,Medium,77
14-02-2025,14,2,4,0,Weekday,0,STORE_002,Medium,Semi-Urban,Snacks,Non-Perishable,76,51,25,22.18,0.0,1130.93,Medium,61
14-02-2025,14,2,4,0,Weekday,0,STORE_002,Medium,Semi-Urban,Masala,Non-Perishable,121,102,19,111.05,0.0,11326.96,Medium,117
14-02-2025,14,2,4,0,Weekday,0,STORE_002,Medium,Semi-Urban,Sugar,Non-Perishable,57,42,15,40.96,0.0,1720.16,Medium,51
14-02-2025,14,2,4,0,Weekday,0,STORE_002,Medium,Semi-Urban,Salt,Non-Perishable,80,60,20,15.36,0.0,921.59,Medium,71
14-02-2025,14,2,4,0,Weekday,0,STORE_002,Medium,Semi-Urban,Bread,Perishable,13,9,4,52.9,0.0,476.11,Medium,14
14-02-2025,14,2,4,0,Weekday,0,STORE_002,Medium,Semi-Urban,Eggs,Perishable,12,10,2,34.22,0.0,342.18,Medium,16
14-02-2025,14,2,4,0,Weekday,0,STORE_003,Supermarket,Rural,Milk,Perishable,53,45,8,31.79,0.0,1430.73,Medium,54
14-02-2025,14,2,4,0,Weekday,0,STORE_003,Supermarket,Rural,Curd,Perishable,18,16,2,48.04,0.0,768.61,Medium,22
14-02-2025,14,2,4,0,Weekday,0,STORE_003,Supermarket,Rural,Paneer,Perishable,20,18,2,245.15,0.0,4412.7,High,24
14-02-2025,14,2,4,0,Weekday,0,STORE_003,Supermarket,Rural,Rice,Non-Perishable,111,69,42,85.83,0.0,5922.05,Medium,80
14-02-2025,14,2,4,0,Weekday,0,STORE_003,Supermarket,Rural,Toor Dal,Non-Perishable,68,36,32,118.95,0.078,3946.69,Medium,44
14-02-2025,14,2,4,0,Weekday,0,STORE_003,Supermarket,Rural,Wheat Flour,Non-Perishable,193,110,83,28.79,0.0,3166.56,Medium,126
14-02-2025,14,2,4,0,Weekday,0,STORE_003,Supermarket,Rural,Cooking Oil,Non-Perishable,176,160,16,125.85,0.115,17816.95,High,181
14-02-2025,14,2,4,0,Weekday,0,STORE_003,Supermarket,Rural,Biscuits,Non-Perishable,271,271,0,19.91,0.0,5395.68,High,303
14-02-2025,14,2,4,0,Weekday,0,STORE_003,Supermarket,Rural,Snacks,Non-Perishable,102,59,43,32.52,0.0,1918.95,Medium,69
14-02-2025,14,2,4,0,Weekday,0,STORE_003,Supermarket,Rural,Masala,Non-Perishable,113,97,16,62.07,0.0,6021.16,Medium,111
14-02-2025,14,2,4,0,Weekday,0,STORE_003,Supermarket,Rural,Sugar,Non-Perishable,163,115,48,44.9,0.0,5163.06,Medium,131
14-02-2025,14,2,4,0,Weekday,0,STORE_003,Supermarket,Rural,Salt,Non-Perishable,120,72,48,16.35,0.065,1100.27,Medium,84
14-02-2025,14,2,4,0,Weekday,0,STORE_003,Supermarket,Rural,Bread,Perishable,29,22,7,57.34,0.115,1115.94,Medium,29
14-02-2025,14,2,4,0,Weekday,0,STORE_003,Supermarket,Rural,Eggs,Perishable,34,17,17,46.94,0.0,798.05,Medium,23
15-02-2025,15,2,5,1,Weekend,0,STORE_001,Small,Urban,Milk,Perishable,8,8,0,33.44,0.0,267.55,High,13
15-02-2025,15,2,5,1,Weekend,0,STORE_001,Small,Urban,Curd,Perishable,7,6,1,43.6,0.0,261.58,Medium,11
15-02-2025,15,2,5,1,Weekend,0,STORE_001,Small,Urban,Paneer,Perishable,14,12,2,219.41,0.0,2632.9,Medium,18
15-02-2025,15,2,5,1,Weekend,0,STORE_001,Small,Urban,Rice,Non-Perishable,22,21,1,68.2,0.0,1432.15,High,28
15-02-2025,15,2,5,1,Weekend,0,STORE_001,Small,Urban,Toor Dal,Non-Perishable,51,51,0,148.45,0.0,7570.7,High,61
15-02-2025,15,2,5,1,Weekend,0,STORE_001,Small,Urban,Wheat Flour,Non-Perishable,43,33,10,42.9,0.0,1415.72,Medium,41
15-02-2025,15,2,5,1,Weekend,0,STORE_001,Small,Urban,Cooking Oil,Non-Perishable,32,32,0,139.95,0.0,4478.34,High,40
15-02-2025,15,2,5,1,Weekend,0,STORE_001,Small,Urban,Biscuits,Non-Perishable,31,19,12,18.55,0.0,352.47,Medium,25
15-02-2025,15,2,5,1,Weekend,0,STORE_001,Small,Urban,Snacks,Non-Perishable,56,54,2,41.37,0.0,2234.24,High,64
15-02-2025,15,2,5,1,Weekend,0,STORE_001,Small,Urban,Masala,Non-Perishable,37,32,5,62.4,0.091,1814.1,Medium,40
15-02-2025,15,2,5,1,Weekend,0,STORE_001,Small,Urban,Sugar,Non-Perishable,40,32,8,53.74,0.0,1719.57,Medium,40
15-02-2025,15,2,5,1,Weekend,0,STORE_001,Small,Urban,Salt,Non-Perishable,40,34,6,20.11,0.0,683.85,Medium,42
15-02-2025,15,2,5,1,Weekend,0,STORE_001,Small,Urban,Bread,Perishable,12,11,1,42.28,0.0,465.13,High,17
15-02-2025,15,2,5,1,Weekend,0,STORE_001,Small,Urban,Eggs,Perishable,5,1,4,47.21,0.061,44.35,Low,6
15-02-2025,15,2,5,1,Weekend,0,STORE_002,Medium,Semi-Urban,Milk,Perishable,17,12,5,33.32,0.0,399.78,Medium,18
15-02-2025,15,2,5,1,Weekend,0,STORE_002,Medium,Semi-Urban,Curd,Perishable,17,16,1,56.33,0.0,901.25,High,22
15-02-2025,15,2,5,1,Weekend,0,STORE_002,Medium,Semi-Urban,Paneer,Perishable,14,12,2,202.06,0.0,2424.76,Medium,18
15-02-2025,15,2,5,1,Weekend,0,STORE_002,Medium,Semi-Urban,Rice,Non-Perishable,87,81,6,88.78,0.0,7191.41,High,94
15-02-2025,15,2,5,1,Weekend,0,STORE_002,Medium,Semi-Urban,Toor Dal,Non-Perishable,117,115,2,103.48,0.0,11900.15,High,131
15-02-2025,15,2,5,1,Weekend,0,STORE_002,Medium,Semi-Urban,Wheat Flour,Non-Perishable,128,128,0,42.77,0.0,5474.11,High,145
15-02-2025,15,2,5,1,Weekend,0,STORE_002,Medium,Semi-Urban,Cooking Oil,Non-Perishable,82,74,8,121.9,0.146,7705.01,High,86
15-02-2025,15,2,5,1,Weekend,0,STORE_002,Medium,Semi-Urban,Biscuits,Non-Perishable,63,63,0,7.01,0.0,441.7,High,74
15-02-2025,15,2,5,1,Weekend,0,STORE_002,Medium,Semi-Urban,Snacks,Non-Perishable,56,43,13,51.31,0.0,2206.28,Medium,52
15-02-2025,15,2,5,1,Weekend,0,STORE_002,Medium,Semi-Urban,Masala,Non-Perishable,76,76,0,48.12,0.0,3657.46,High,88
15-02-2025,15,2,5,1,Weekend,0,STORE_002,Medium,Semi-Urban,Sugar,Non-Perishable,104,82,22,56.12,0.0,4602.18,Medium,95
15-02-2025,15,2,5,1,Weekend,0,STORE_002,Medium,Semi-Urban,Salt,Non-Perishable,102,80,22,15.4,0.0,1232.2,Medium,93
15-02-2025,15,2,5,1,Weekend,0,STORE_002,Medium,Semi-Urban,Bread,Perishable,18,17,1,54.51,0.0,926.73,High,23
15-02-2025,15,2,5,1,Weekend,0,STORE_002,Medium,Semi-Urban,Eggs,Perishable,20,20,0,38.63,0.0,772.65,High,27
15-02-2025,15,2,5,1,Weekend,0,STORE_003,Supermarket,Rural,Milk,Perishable,13,7,6,24.23,0.0,169.64,Medium,12
15-02-2025,15,2,5,1,Weekend,0,STORE_003,Supermarket,Rural,Curd,Perishable,45,43,2,55.96,0.0,2406.22,High,52
15-02-2025,15,2,5,1,Weekend,0,STORE_003,Supermarket,Rural,Paneer,Perishable,27,27,0,184.88,0.0,4991.75,High,34
15-02-2025,15,2,5,1,Weekend,0,STORE_003,Supermarket,Rural,Rice,Non-Perishable,227,219,8,58.69,0.128,11207.59,High,245
15-02-2025,15,2,5,1,Weekend,0,STORE_003,Supermarket,Rural,Toor Dal,Non-Perishable,161,131,30,132.49,0.068,16173.61,Medium,149
15-02-2025,15,2,5,1,Weekend,0,STORE_003,Supermarket,Rural,Wheat Flour,Non-Perishable,101,101,0,29.09,0.0,2937.98,High,116
15-02-2025,15,2,5,1,Weekend,0,STORE_003,Supermarket,Rural,Cooking Oil,Non-Perishable,66,47,19,130.12,0.138,5273.03,Medium,56
15-02-2025,15,2,5,1,Weekend,0,STORE_003,Supermarket,Rural,Biscuits,Non-Perishable,195,156,39,19.56,0.0,3051.25,Medium,176
15-02-2025,15,2,5,1,Weekend,0,STORE_003,Supermarket,Rural,Snacks,Non-Perishable,158,147,11,27.94,0.074,3802.63,High,166
15-02-2025,15,2,5,1,Weekend,0,STORE_003,Supermarket,Rural,Masala,Non-Perishable,97,63,34,69.8,0.0,4397.23,Medium,74
15-02-2025,15,2,5,1,Weekend,0,STORE_003,Supermarket,Rural,Sugar,Non-Perishable,104,78,26,42.58,0.0,3321.39,Medium,90
15-02-2025,15,2,5,1,Weekend,0,STORE_003,Supermarket,Rural,Salt,Non-Perishable,253,253,0,24.83,0.0,6282.64,High,283
15-02-2025,15,2,5,1,Weekend,0,STORE_003,Supermarket,Rural,Bread,Perishable,54,54,0,32.27,0.0,1742.54,High,64
15-02-2025,15,2,5,1,Weekend,0,STORE_003,Supermarket,Rural,Eggs,Perishable,36,36,0,47.5,0.0,1709.92,High,44
16-02-2025,16,2,6,1,Weekend,0,STORE_001,Small,Urban,Milk,Perishable,6,5,1,25.96,0.144,111.16,Medium,10
16-02-2025,16,2,6,1,Weekend,0,STORE_001,Small,Urban,Curd,Perishable,7,6,1,56.73,0.0,340.38,Medium,11
16-02-2025,16,2,6,1,Weekend,0,STORE_001,Small,Urban,Paneer,Perishable,5,5,0,216.87,0.0,1084.34,High,10
16-02-2025,16,2,6,1,Weekend,0,STORE_001,Small,Urban,Rice,Non-Perishable,29,26,3,67.19,0.129,1521.8,Medium,33
16-02-2025,16,2,6,1,Weekend,0,STORE_001,Small,Urban,Toor Dal,Non-Perishable,37,37,0,127.73,0.0,4725.97,High,45
16-02-2025,16,2,6,1,Weekend,0,STORE_001,Small,Urban,Wheat Flour,Non-Perishable,46,46,0,39.68,0.0,1825.38,High,55
16-02-2025,16,2,6,1,Weekend,0,STORE_001,Small,Urban,Cooking Oil,Non-Perishable,33,33,0,150.45,0.0,4964.72,High,41
16-02-2025,16,2,6,1,Weekend,0,STORE_001,Small,Urban,Biscuits,Non-Perishable,28,28,0,29.9,0.0,837.1,High,35
16-02-2025,16,2,6,1,Weekend,0,STORE_001,Small,Urban,Snacks,Non-Perishable,32,22,10,59.31,0.0,1304.91,Medium,29
16-02-2025,16,2,6,1,Weekend,0,STORE_001,Small,Urban,Masala,Non-Perishable,55,53,2,67.9,0.0,3598.48,High,63
16-02-2025,16,2,6,1,Weekend,0,STORE_001,Small,Urban,Sugar,Non-Perishable,22,19,3,47.45,0.0,901.5,Medium,25
16-02-2025,16,2,6,1,Weekend,0,STORE_001,Small,Urban,Salt,Non-Perishable,21,20,1,24.69,0.0,493.8,High,27
16-02-2025,16,2,6,1,Weekend,0,STORE_001,Small,Urban,Bread,Perishable,15,9,6,47.55,0.0,427.98,Medium,14
16-02-2025,16,2,6,1,Weekend,0,STORE_001,Small,Urban,Eggs,Perishable,15,12,3,37.81,0.0,453.72,Medium,18
16-02-2025,16,2,6,1,Weekend,0,STORE_002,Medium,Semi-Urban,Milk,Perishable,12,10,2,22.95,0.0,229.54,Medium,16
16-02-2025,16,2,6,1,Weekend,0,STORE_002,Medium,Semi-Urban,Curd,Perishable,6,6,0,57.4,0.0,344.41,High,11
16-02-2025,16,2,6,1,Weekend,0,STORE_002,Medium,Semi-Urban,Paneer,Perishable,27,19,8,204.22,0.0,3880.18,Medium,25
16-02-2025,16,2,6,1,Weekend,0,STORE_002,Medium,Semi-Urban,Rice,Non-Perishable,101,101,0,51.31,0.0,5182.66,High,116
16-02-2025,16,2,6,1,Weekend,0,STORE_002,Medium,Semi-Urban,Toor Dal,Non-Perishable,58,57,1,105.17,0.0,5994.79,High,67
16-02-2025,16,2,6,1,Weekend,0,STORE_002,Medium,Semi-Urban,Wheat Flour,Non-Perishable,134,134,0,44.13,0.0,5912.77,High,152
16-02-2025,16,2,6,1,Weekend,0,STORE_002,Medium,Semi-Urban,Cooking Oil,Non-Perishable,103,78,25,151.99,0.0,11855.12,Medium,90
16-02-2025,16,2,6,1,Weekend,0,STORE_002,Medium,Semi-Urban,Biscuits,Non-Perishable,79,79,0,6.5,0.0,513.46,High,91
16-02-2025,16,2,6,1,Weekend,0,STORE_002,Medium,Semi-Urban,Snacks,Non-Perishable,50,43,7,39.74,0.0,1708.98,Medium,52
16-02-2025,16,2,6,1,Weekend,0,STORE_002,Medium,Semi-Urban,Masala,Non-Perishable,96,89,7,81.99,0.0,7297.13,High,102
16-02-2025,16,2,6,1,Weekend,0,STORE_002,Medium,Semi-Urban,Sugar,Non-Perishable,84,80,4,45.14,0.0,3611.21,High,93
16-02-2025,16,2,6,1,Weekend,0,STORE_002,Medium,Semi-Urban,Salt,Non-Perishable,103,78,25,22.21,0.097,1564.97,Medium,90
16-02-2025,16,2,6,1,Weekend,0,STORE_002,Medium,Semi-Urban,Bread,Perishable,17,17,0,58.24,0.0,990.12,High,23
16-02-2025,16,2,6,1,Weekend,0,STORE_002,Medium,Semi-Urban,Eggs,Perishable,8,8,0,40.44,0.072,300.21,High,13
16-02-2025,16,2,6,1,Weekend,0,STORE_003,Supermarket,Rural,Milk,Perishable,18,18,0,34.77,0.0,625.92,High,24
16-02-2025,16,2,6,1,Weekend,0,STORE_003,Supermarket,Rural,Curd,Perishable,37,37,0,56.38,0.0,2086.16,High,45
16-02-2025,16,2,6,1,Weekend,0,STORE_003,Supermarket,Rural,Paneer,Perishable,41,38,3,233.76,0.0,8882.71,High,46
16-02-2025,16,2,6,1,Weekend,0,STORE_003,Supermarket,Rural,Rice,Non-Perishable,199,186,13,65.63,0.0,12207.8,High,209
16-02-2025,16,2,6,1,Weekend,0,STORE_003,Supermarket,Rural,Toor Dal,Non-Perishable,187,183,4,138.88,0.0,25415.43,High,206
16-02-2025,16,2,6,1,Weekend,0,STORE_003,Supermarket,Rural,Wheat Flour,Non-Perishable,106,99,7,34.29,0.0,3394.45,High,113
16-02-2025,16,2,6,1,Weekend,0,STORE_003,Supermarket,Rural,Cooking Oil,Non-Perishable,108,108,0,168.21,0.0,18166.75,High,123
16-02-2025,16,2,6,1,Weekend,0,STORE_003,Supermarket,Rural,Biscuits,Non-Perishable,203,203,0,18.31,0.0,3716.09,High,228
16-02-2025,16,2,6,1,Weekend,0,STORE_003,Supermarket,Rural,Snacks,Non-Perishable,110,95,15,69.34,0.0,6587.47,Medium,109
16-02-2025,16,2,6,1,Weekend,0,STORE_003,Supermarket,Rural,Masala,Non-Perishable,198,151,47,78.06,0.0,11787.59,Medium,171
16-02-2025,16,2,6,1,Weekend,0,STORE_003,Supermarket,Rural,Sugar,Non-Perishable,100,100,0,42.74,0.0,4274.21,High,115
16-02-2025,16,2,6,1,Weekend,0,STORE_003,Supermarket,Rural,Salt,Non-Perishable,109,83,26,19.99,0.0,1658.79,Medium,96
16-02-2025,16,2,6,1,Weekend,0,STORE_003,Supermarket,Rural,Bread,Perishable,22,21,1,45.74,0.122,843.69,High,28
16-02-2025,16,2,6,1,Weekend,0,STORE_003,Supermarket,Rural,Eggs,Perishable,33,29,4,45.23,0.0,1311.54,Medium,36
17-02-2025,17,2,0,0,Weekday,0,STORE_001,Small,Urban,Milk,Perishable,6,6,0,25.93,0.088,141.86,High,11
17-02-2025,17,2,0,0,Weekday,0,STORE_001,Small,Urban,Curd,Perishable,10,10,0,50.82,0.0,508.18,High,16
17-02-2025,17,2,0,0,Weekday,0,STORE_001,Small,Urban,Paneer,Perishable,6,3,3,208.61,0.105,560.08,Medium,8
17-02-2025,17,2,0,0,Weekday,0,STORE_001,Small,Urban,Rice,Non-Perishable,38,19,19,85.78,0.0,1629.84,Medium,25
17-02-2025,17,2,0,0,Weekday,0,STORE_001,Small,Urban,Toor Dal,Non-Perishable,54,44,10,142.63,0.0,6275.52,Medium,53
17-02-2025,17,2,0,0,Weekday,0,STORE_001,Small,Urban,Wheat Flour,Non-Perishable,49,28,21,27.51,0.0,770.21,Medium,35
17-02-2025,17,2,0,0,Weekday,0,STORE_001,Small,Urban,Cooking Oil,Non-Perishable,28,23,5,167.49,0.0,3852.36,Medium,30
17-02-2025,17,2,0,0,Weekday,0,STORE_001,Small,Urban,Biscuits,Non-Perishable,25,12,13,18.77,0.149,191.68,Low,18
17-02-2025,17,2,0,0,Weekday,0,STORE_001,Small,Urban,Snacks,Non-Perishable,33,32,1,51.0,0.0,1631.98,High,40
17-02-2025,17,2,0,0,Weekday,0,STORE_001,Small,Urban,Masala,Non-Perishable,51,38,13,41.39,0.0,1572.86,Medium,46
17-02-2025,17,2,0,0,Weekday,0,STORE_001,Small,Urban,Sugar,Non-Perishable,21,18,3,56.72,0.0,1020.89,Medium,24
17-02-2025,17,2,0,0,Weekday,0,STORE_001,Small,Urban,Salt,Non-Perishable,58,48,10,23.96,0.0,1150.0,Medium,57
17-02-2025,17,2,0,0,Weekday,0,STORE_001,Small,Urban,Bread,Perishable,6,5,1,32.62,0.0,163.1,Medium,10
17-02-2025,17,2,0,0,Weekday,0,STORE_001,Small,Urban,Eggs,Perishable,4,2,2,34.21,0.0,68.43,Medium,7
17-02-2025,17,2,0,0,Weekday,0,STORE_002,Medium,Semi-Urban,Milk,Perishable,12,9,3,30.74,0.0,276.62,Medium,14
17-02-2025,17,2,0,0,Weekday,0,STORE_002,Medium,Semi-Urban,Curd,Perishable,12,12,0,51.8,0.0,621.62,High,18
17-02-2025,17,2,0,0,Weekday,0,STORE_002,Medium,Semi-Urban,Paneer,Perishable,8,6,2,201.56,0.0,1209.34,Medium,11
17-02-2025,17,2,0,0,Weekday,0,STORE_002,Medium,Semi-Urban,Rice,Non-Perishable,79,79,0,75.21,0.0,5941.39,High,91
17-02-2025,17,2,0,0,Weekday,0,STORE_002,Medium,Semi-Urban,Toor Dal,Non-Perishable,51,31,20,120.89,0.0,3747.49,Medium,39
17-02-2025,17,2,0,0,Weekday,0,STORE_002,Medium,Semi-Urban,Wheat Flour,Non-Perishable,124,90,34,29.61,0.0,2664.67,Medium,104
17-02-2025,17,2,0,0,Weekday,0,STORE_002,Medium,Semi-Urban,Cooking Oil,Non-Perishable,80,62,18,186.84,0.0,11584.27,Medium,73
17-02-2025,17,2,0,0,Weekday,0,STORE_002,Medium,Semi-Urban,Biscuits,Non-Perishable,109,64,45,17.6,0.0,1126.46,Medium,75
17-02-2025,17,2,0,0,Weekday,0,STORE_002,Medium,Semi-Urban,Snacks,Non-Perishable,57,43,14,63.92,0.118,2425.31,Medium,52
17-02-2025,17,2,0,0,Weekday,0,STORE_002,Medium,Semi-Urban,Masala,Non-Perishable,118,88,30,73.24,0.0,6445.54,Medium,101
17-02-2025,17,2,0,0,Weekday,0,STORE_002,Medium,Semi-Urban,Sugar,Non-Perishable,107,72,35,49.33,0.0,3551.95,Medium,84
17-02-2025,17,2,0,0,Weekday,0,STORE_002,Medium,Semi-Urban,Salt,Non-Perishable,58,41,17,24.21,0.0,992.42,Medium,50
17-02-2025,17,2,0,0,Weekday,0,STORE_002,Medium,Semi-Urban,Bread,Perishable,6,5,1,42.69,0.066,199.37,Medium,10
17-02-2025,17,2,0,0,Weekday,0,STORE_002,Medium,Semi-Urban,Eggs,Perishable,5,4,1,39.05,0.0,156.2,Medium,9
17-02-2025,17,2,0,0,Weekday,0,STORE_003,Supermarket,Rural,Milk,Perishable,30,24,6,27.1,0.128,567.05,Medium,31
17-02-2025,17,2,0,0,Weekday,0,STORE_003,Supermarket,Rural,Curd,Perishable,29,19,10,58.15,0.0,1104.77,Medium,25
17-02-2025,17,2,0,0,Weekday,0,STORE_003,Supermarket,Rural,Paneer,Perishable,25,17,8,210.29,0.1,3216.52,Medium,23
17-02-2025,17,2,0,0,Weekday,0,STORE_003,Supermarket,Rural,Rice,Non-Perishable,152,111,41,80.93,0.0,8983.69,Medium,127
17-02-2025,17,2,0,0,Weekday,0,STORE_003,Supermarket,Rural,Toor Dal,Non-Perishable,79,57,22,106.88,0.0,6092.02,Medium,67
17-02-2025,17,2,0,0,Weekday,0,STORE_003,Supermarket,Rural,Wheat Flour,Non-Perishable,132,86,46,36.43,0.128,2730.51,Medium,99
17-02-2025,17,2,0,0,Weekday,0,STORE_003,Supermarket,Rural,Cooking Oil,Non-Perishable,83,83,0,181.5,0.0,15064.4,High,96
17-02-2025,17,2,0,0,Weekday,0,STORE_003,Supermarket,Rural,Biscuits,Non-Perishable,220,156,64,13.31,0.0,2075.69,Medium,176
17-02-2025,17,2,0,0,Weekday,0,STORE_003,Supermarket,Rural,Snacks,Non-Perishable,119,95,24,53.53,0.0,5085.26,Medium,109
17-02-2025,17,2,0,0,Weekday,0,STORE_003,Supermarket,Rural,Masala,Non-Perishable,153,127,26,67.53,0.0,8576.05,Medium,144
17-02-2025,17,2,0,0,Weekday,0,STORE_003,Supermarket,Rural,Sugar,Non-Perishable,133,108,25,57.1,0.0,6166.32,Medium,123
17-02-2025,17,2,0,0,Weekday,0,STORE_003,Supermarket,Rural,Salt,Non-Perishable,92,79,13,21.51,0.0,1699.2,Medium,91
17-02-2025,17,2,0,0,Weekday,0,STORE_003,Supermarket,Rural,Bread,Perishable,15,11,4,32.5,0.0,357.49,Medium,17
17-02-2025,17,2,0,0,Weekday,0,STORE_003,Supermarket,Rural,Eggs,Perishable,41,37,4,34.06,0.067,1175.72,High,45
18-02-2025,18,2,1,0,Weekday,0,STORE_001,Small,Urban,Milk,Perishable,8,5,3,24.51,0.0,122.53,Medium,10
18-02-2025,18,2,1,0,Weekday,0,STORE_001,Small,Urban,Curd,Perishable,7,6,1,42.0,0.0,251.99,Medium,11
18-02-2025,18,2,1,0,Weekday,0,STORE_001,Small,Urban,Paneer,Perishable,11,6,5,182.89,0.0,1097.33,Medium,11
18-02-2025,18,2,1,0,Weekday,0,STORE_001,Small,Urban,Rice,Non-Perishable,28,22,6,84.75,0.0,1864.59,Medium,29
18-02-2025,18,2,1,0,Weekday,0,STORE_001,Small,Urban,Toor Dal,Non-Perishable,35,35,0,107.17,0.0,3750.79,High,43
18-02-2025,18,2,1,0,Weekday,0,STORE_001,Small,Urban,Wheat Flour,Non-Perishable,46,24,22,26.68,0.0,640.31,Medium,31
18-02-2025,18,2,1,0,Weekday,0,STORE_001,Small,Urban,Cooking Oil,Non-Perishable,21,14,7,121.35,0.0,1698.89,Medium,20
18-02-2025,18,2,1,0,Weekday,0,STORE_001,Small,Urban,Biscuits,Non-Perishable,36,36,0,5.73,0.0,206.14,High,44
18-02-2025,18,2,1,0,Weekday,0,STORE_001,Small,Urban,Snacks,Non-Perishable,21,10,11,75.91,0.0,759.07,Low,16
18-02-2025,18,2,1,0,Weekday,0,STORE_001,Small,Urban,Masala,Non-Perishable,27,19,8,93.59,0.0,1778.29,Medium,25
18-02-2025,18,2,1,0,Weekday,0,STORE_001,Small,Urban,Sugar,Non-Perishable,36,24,12,44.52,0.0,1068.47,Medium,31
18-02-2025,18,2,1,0,Weekday,0,STORE_001,Small,Urban,Salt,Non-Perishable,32,28,4,18.03,0.0,504.98,Medium,35
18-02-2025,18,2,1,0,Weekday,0,STORE_001,Small,Urban,Bread,Perishable,5,4,1,32.1,0.0,128.39,Medium,9
18-02-2025,18,2,1,0,Weekday,0,STORE_001,Small,Urban,Eggs,Perishable,11,10,1,48.07,0.072,446.22,High,16
18-02-2025,18,2,1,0,Weekday,0,STORE_002,Medium,Semi-Urban,Milk,Perishable,11,6,5,22.46,0.0,134.78,Medium,11
18-02-2025,18,2,1,0,Weekday,0,STORE_002,Medium,Semi-Urban,Curd,Perishable,10,10,0,49.37,0.0,493.66,High,16
18-02-2025,18,2,1,0,Weekday,0,STORE_002,Medium,Semi-Urban,Paneer,Perishable,24,23,1,199.16,0.0,4580.65,High,30
18-02-2025,18,2,1,0,Weekday,0,STORE_002,Medium,Semi-Urban,Rice,Non-Perishable,136,131,5,66.73,0.0,8741.66,High,149
18-02-2025,18,2,1,0,Weekday,0,STORE_002,Medium,Semi-Urban,Toor Dal,Non-Perishable,79,68,11,110.55,0.0,7517.3,Medium,79
18-02-2025,18,2,1,0,Weekday,0,STORE_002,Medium,Semi-Urban,Wheat Flour,Non-Perishable,81,54,27,31.67,0.0,1710.13,Medium,64
18-02-2025,18,2,1,0,Weekday,0,STORE_002,Medium,Semi-Urban,Cooking Oil,Non-Perishable,81,47,34,135.68,0.0,6376.88,Medium,56
18-02-2025,18,2,1,0,Weekday,0,STORE_002,Medium,Semi-Urban,Biscuits,Non-Perishable,87,53,34,12.63,0.0,669.33,Medium,63
18-02-2025,18,2,1,0,Weekday,0,STORE_002,Medium,Semi-Urban,Snacks,Non-Perishable,56,47,9,30.55,0.0,1435.92,Medium,56
18-02-2025,18,2,1,0,Weekday,0,STORE_002,Medium,Semi-Urban,Masala,Non-Perishable,113,60,53,80.87,0.0,4852.09,Medium,71
18-02-2025,18,2,1,0,Weekday,0,STORE_002,Medium,Semi-Urban,Sugar,Non-Perishable,90,62,28,47.57,0.0,2949.6,Medium,73
18-02-2025,18,2,1,0,Weekday,0,STORE_002,Medium,Semi-Urban,Salt,Non-Perishable,58,47,11,20.22,0.0,950.26,Medium,56
18-02-2025,18,2,1,0,Weekday,0,STORE_002,Medium,Semi-Urban,Bread,Perishable,22,15,7,32.66,0.0,489.83,Medium,21
18-02-2025,18,2,1,0,Weekday,0,STORE_002,Medium,Semi-Urban,Eggs,Perishable,7,4,3,40.79,0.0,163.15,Medium,9
18-02-2025,18,2,1,0,Weekday,0,STORE_003,Supermarket,Rural,Milk,Perishable,45,29,16,33.6,0.0,974.53,Medium,36
18-02-2025,18,2,1,0,Weekday,0,STORE_003,Supermarket,Rural,Curd,Perishable,28,17,11,49.16,0.0,835.66,Medium,23
18-02-2025,18,2,1,0,Weekday,0,STORE_003,Supermarket,Rural,Paneer,Perishable,25,17,8,246.82,0.0,4195.99,Medium,23
18-02-2025,18,2,1,0,Weekday,0,STORE_003,Supermarket,Rural,Rice,Non-Perishable,122,108,14,60.86,0.102,5904.54,Medium,123
18-02-2025,18,2,1,0,Weekday,0,STORE_003,Supermarket,Rural,Toor Dal,Non-Perishable,157,118,39,133.45,0.0,15746.81,Medium,134
18-02-2025,18,2,1,0,Weekday,0,STORE_003,Supermarket,Rural,Wheat Flour,Non-Perishable,79,35,44,28.65,0.0,1002.82,Low,43
18-02-2025,18,2,1,0,Weekday,0,STORE_003,Supermarket,Rural,Cooking Oil,Non-Perishable,149,128,21,150.01,0.0,19201.81,Medium,145
18-02-2025,18,2,1,0,Weekday,0,STORE_003,Supermarket,Rural,Biscuits,Non-Perishable,205,182,23,28.4,0.0,5169.47,Medium,205
18-02-2025,18,2,1,0,Weekday,0,STORE_003,Supermarket,Rural,Snacks,Non-Perishable,155,151,4,62.98,0.0,9509.96,High,171
18-02-2025,18,2,1,0,Weekday,0,STORE_003,Supermarket,Rural,Masala,Non-Perishable,170,106,64,66.07,0.0,7003.09,Medium,121
18-02-2025,18,2,1,0,Weekday,0,STORE_003,Supermarket,Rural,Sugar,Non-Perishable,264,161,103,53.08,0.11,7602.29,Medium,182
18-02-2025,18,2,1,0,Weekday,0,STORE_003,Supermarket,Rural,Salt,Non-Perishable,60,57,3,21.99,0.0,1253.27,High,67
18-02-2025,18,2,1,0,Weekday,0,STORE_003,Supermarket,Rural,Bread,Perishable,21,21,0,52.38,0.139,946.89,High,28
18-02-2025,18,2,1,0,Weekday,0,STORE_003,Supermarket,Rural,Eggs,Perishable,22,18,4,49.52,0.0,891.44,Medium,24
19-02-2025,19,2,2,0,Weekday,0,STORE_001,Small,Urban,Milk,Perishable,4,4,0,22.43,0.0,89.72,High,9
19-02-2025,19,2,2,0,Weekday,0,STORE_001,Small,Urban,Curd,Perishable,9,9,0,45.45,0.122,359.18,High,14
19-02-2025,19,2,2,0,Weekday,0,STORE_001,Small,Urban,Paneer,Perishable,9,6,3,214.21,0.0,1285.23,Medium,11
19-02-2025,19,2,2,0,Weekday,0,STORE_001,Small,Urban,Rice,Non-Perishable,43,25,18,87.08,0.0,2177.01,Medium,32
19-02-2025,19,2,2,0,Weekday,0,STORE_001,Small,Urban,Toor Dal,Non-Perishable,51,45,6,120.08,0.0,5403.7,Medium,54
19-02-2025,19,2,2,0,Weekday,0,STORE_001,Small,Urban,Wheat Flour,Non-Perishable,60,38,22,38.12,0.0,1448.66,Medium,46
19-02-2025,19,2,2,0,Weekday,0,STORE_001,Small,Urban,Cooking Oil,Non-Perishable,38,28,10,187.47,0.0,5249.2,Medium,35
19-02-2025,19,2,2,0,Weekday,0,STORE_001,Small,Urban,Biscuits,Non-Perishable,40,26,14,27.45,0.133,618.97,Medium,33
19-02-2025,19,2,2,0,Weekday,0,STORE_001,Small,Urban,Snacks,Non-Perishable,35,26,9,51.77,0.0,1345.99,Medium,33
19-02-2025,19,2,2,0,Weekday,0,STORE_001,Small,Urban,Masala,Non-Perishable,42,34,8,114.58,0.0,3895.81,Medium,42
19-02-2025,19,2,2,0,Weekday,0,STORE_001,Small,Urban,Sugar,Non-Perishable,56,31,25,57.66,0.0,1787.43,Medium,39
19-02-2025,19,2,2,0,Weekday,0,STORE_001,Small,Urban,Salt,Non-Perishable,38,26,12,19.83,0.0,515.53,Medium,33
19-02-2025,19,2,2,0,Weekday,0,STORE_001,Small,Urban,Bread,Perishable,7,6,1,48.34,0.136,250.48,Medium,11
19-02-2025,19,2,2,0,Weekday,0,STORE_001,Small,Urban,Eggs,Perishable,6,3,3,44.49,0.0,133.48,Medium,8
19-02-2025,19,2,2,0,Weekday,0,STORE_002,Medium,Semi-Urban,Milk,Perishable,13,9,4,29.76,0.0,267.87,Medium,14
19-02-2025,19,2,2,0,Weekday,0,STORE_002,Medium,Semi-Urban,Curd,Perishable,17,12,5,47.18,0.0,566.14,Medium,18
19-02-2025,19,2,2,0,Weekday,0,STORE_002,Medium,Semi-Urban,Paneer,Perishable,10,7,3,181.53,0.0,1270.69,Medium,12
19-02-2025,19,2,2,0,Weekday,0,STORE_002,Medium,Semi-Urban,Rice,Non-Perishable,117,106,11,61.75,0.0,6545.72,High,121
19-02-2025,19,2,2,0,Weekday,0,STORE_002,Medium,Semi-Urban,Toor Dal,Non-Perishable,50,33,17,138.8,0.0,4580.48,Medium,41
19-02-2025,19,2,2,0,Weekday,0,STORE_002,Medium,Semi-Urban,Wheat Flour,Non-Perishable,62,51,11,35.93,0.0,1832.43,Medium,61
19-02-2025,19,2,2,0,Weekday,0,STORE_002,Medium,Semi-Urban,Cooking Oil,Non-Perishable,45,42,3,185.21,0.0,7778.65,High,51
19-02-2025,19,2,2,0,Weekday,0,STORE_002,Medium,Semi-Urban,Biscuits,Non-Perishable,70,58,12,9.77,0.0,566.48,Medium,68
19-02-2025,19,2,2,0,Weekday,0,STORE_002,Medium,Semi-Urban,Snacks,Non-Perishable,87,79,8,71.37,0.0,5638.6,High,91
19-02-2025,19,2,2,0,Weekday,0,STORE_002,Medium,Semi-Urban,Masala,Non-Perishable,72,54,18,107.55,0.0,5807.52,Medium,64
19-02-2025,19,2,2,0,Weekday,0,STORE_002,Medium,Semi-Urban,Sugar,Non-Perishable,36,23,13,54.49,0.0,1253.25,Medium,30
19-02-2025,19,2,2,0,Weekday,0,STORE_002,Medium,Semi-Urban,Salt,Non-Perishable,89,73,16,21.09,0.149,1310.29,Medium,85
19-02-2025,19,2,2,0,Weekday,0,STORE_002,Medium,Semi-Urban,Bread,Perishable,11,9,2,45.82,0.0,412.41,Medium,14
19-02-2025,19,2,2,0,Weekday,0,STORE_002,Medium,Semi-Urban,Eggs,Perishable,14,8,6,35.27,0.0,282.16,Medium,13
19-02-2025,19,2,2,0,Weekday,0,STORE_003,Supermarket,Rural,Milk,Perishable,41,41,0,22.63,0.0,927.87,High,50
19-02-2025,19,2,2,0,Weekday,0,STORE_003,Supermarket,Rural,Curd,Perishable,22,13,9,40.45,0.0,525.81,Medium,19
19-02-2025,19,2,2,0,Weekday,0,STORE_003,Supermarket,Rural,Paneer,Perishable,57,41,16,244.31,0.0,10016.74,Medium,50
19-02-2025,19,2,2,0,Weekday,0,STORE_003,Supermarket,Rural,Rice,Non-Perishable,94,63,31,81.92,0.0,5161.08,Medium,74
19-02-2025,19,2,2,0,Weekday,0,STORE_003,Supermarket,Rural,Toor Dal,Non-Perishable,164,100,64,143.7,0.0,14369.54,Medium,115
19-02-2025,19,2,2,0,Weekday,0,STORE_003,Supermarket,Rural,Wheat Flour,Non-Perishable,226,169,57,34.27,0.0,5791.05,Medium,190
19-02-2025,19,2,2,0,Weekday,0,STORE_003,Supermarket,Rural,Cooking Oil,Non-Perishable,98,58,40,128.86,0.0,7473.85,Medium,68
19-02-2025,19,2,2,0,Weekday,0,STORE_003,Supermarket,Rural,Biscuits,Non-Perishable,200,114,86,21.42,0.0,2441.86,Medium,130
19-02-2025,19,2,2,0,Weekday,0,STORE_003,Supermarket,Rural,Snacks,Non-Perishable,165,125,40,64.81,0.0,8101.78,Medium,142
19-02-2025,19,2,2,0,Weekday,0,STORE_003,Supermarket,Rural,Masala,Non-Perishable,216,216,0,61.17,0.0,13212.13,High,242
19-02-2025,19,2,2,0,Weekday,0,STORE_003,Supermarket,Rural,Sugar,Non-Perishable,179,177,2,45.4,0.0,8035.81,High,199
19-02-2025,19,2,2,0,Weekday,0,STORE_003,Supermarket,Rural,Salt,Non-Perishable,171,144,27,25.0,0.0,3599.89,Medium,163
19-02-2025,19,2,2,0,Weekday,0,STORE_003,Supermarket,Rural,Bread,Perishable,24,22,2,48.26,0.0,1061.76,High,29
19-02-2025,19,2,2,0,Weekday,0,STORE_003,Supermarket,Rural,Eggs,Perishable,13,9,4,49.55,0.0,445.97,Medium,14
20-02-2025,20,2,3,0,Weekday,0,STORE_001,Small,Urban,Milk,Perishable,8,8,0,33.67,0.0,269.32,High,13
20-02-2025,20,2,3,0,Weekday,0,STORE_001,Small,Urban,Curd,Perishable,7,4,3,43.9,0.053,166.38,Medium,9
20-02-2025,20,2,3,0,Weekday,0,STORE_001,Small,Urban,Paneer,Perishable,5,3,2,248.82,0.0,746.46,Medium,8
20-02-2025,20,2,3,0,Weekday,0,STORE_001,Small,Urban,Rice,Non-Perishable,54,30,24,65.15,0.0,1954.43,Medium,38
20-02-2025,20,2,3,0,Weekday,0,STORE_001,Small,Urban,Toor Dal,Non-Perishable,67,60,7,134.25,0.0,8055.09,Medium,71
20-02-2025,20,2,3,0,Weekday,0,STORE_001,Small,Urban,Wheat Flour,Non-Perishable,41,27,14,36.73,0.0,991.79,Medium,34
20-02-2025,20,2,3,0,Weekday,0,STORE_001,Small,Urban,Cooking Oil,Non-Perishable,44,40,4,129.43,0.0,5177.3,High,49
20-02-2025,20,2,3,0,Weekday,0,STORE_001,Small,Urban,Biscuits,Non-Perishable,51,42,9,7.08,0.0,297.35,Medium,51
20-02-2025,20,2,3,0,Weekday,0,STORE_001,Small,Urban,Snacks,Non-Perishable,19,19,0,27.15,0.0,515.94,High,25
20-02-2025,20,2,3,0,Weekday,0,STORE_001,Small,Urban,Masala,Non-Perishable,30,30,0,43.54,0.0,1306.31,High,38
20-02-2025,20,2,3,0,Weekday,0,STORE_001,Small,Urban,Sugar,Non-Perishable,32,17,15,41.42,0.0,704.11,Medium,23
20-02-2025,20,2,3,0,Weekday,0,STORE_001,Small,Urban,Salt,Non-Perishable,35,29,6,22.23,0.0,644.68,Medium,36
20-02-2025,20,2,3,0,Weekday,0,STORE_001,Small,Urban,Bread,Perishable,8,6,2,40.89,0.0,245.36,Medium,11
20-02-2025,20,2,3,0,Weekday,0,STORE_001,Small,Urban,Eggs,Perishable,8,8,0,44.25,0.0,354.03,High,13
20-02-2025,20,2,3,0,Weekday,0,STORE_002,Medium,Semi-Urban,Milk,Perishable,16,12,4,22.49,0.0,269.92,Medium,18
20-02-2025,20,2,3,0,Weekday,0,STORE_002,Medium,Semi-Urban,Curd,Perishable,7,4,3,56.74,0.0,226.95,Medium,9
20-02-2025,20,2,3,0,Weekday,0,STORE_002,Medium,Semi-Urban,Paneer,Perishable,19,13,6,184.48,0.068,2234.9,Medium,19
20-02-2025,20,2,3,0,Weekday,0,STORE_002,Medium,Semi-Urban,Rice,Non-Perishable,148,126,22,64.84,0.073,7576.89,Medium,143
20-02-2025,20,2,3,0,Weekday,0,STORE_002,Medium,Semi-Urban,Toor Dal,Non-Perishable,59,53,6,149.84,0.118,7002.24,Medium,63
20-02-2025,20,2,3,0,Weekday,0,STORE_002,Medium,Semi-Urban,Wheat Flour,Non-Perishable,92,63,29,30.01,0.0,1890.69,Medium,74
20-02-2025,20,2,3,0,Weekday,0,STORE_002,Medium,Semi-Urban,Cooking Oil,Non-Perishable,90,56,34,132.57,0.0,7424.18,Medium,66
20-02-2025,20,2,3,0,Weekday,0,STORE_002,Medium,Semi-Urban,Biscuits,Non-Perishable,84,59,25,17.35,0.0,1023.61,Medium,69
20-02-2025,20,2,3,0,Weekday,0,STORE_002,Medium,Semi-Urban,Snacks,Non-Perishable,81,65,16,56.5,0.0,3672.36,Medium,76
20-02-2025,20,2,3,0,Weekday,0,STORE_002,Medium,Semi-Urban,Masala,Non-Perishable,62,47,15,45.19,0.0,2123.92,Medium,56
20-02-2025,20,2,3,0,Weekday,0,STORE_002,Medium,Semi-Urban,Sugar,Non-Perishable,46,40,6,45.95,0.0,1838.18,Medium,49
20-02-2025,20,2,3,0,Weekday,0,STORE_002,Medium,Semi-Urban,Salt,Non-Perishable,110,94,16,19.52,0.13,1596.18,Medium,108
20-02-2025,20,2,3,0,Weekday,0,STORE_002,Medium,Semi-Urban,Bread,Perishable,24,15,9,40.97,0.109,547.6,Medium,21
20-02-2025,20,2,3,0,Weekday,0,STORE_002,Medium,Semi-Urban,Eggs,Perishable,15,11,4,33.54,0.0,368.91,Medium,17
20-02-2025,20,2,3,0,Weekday,0,STORE_003,Supermarket,Rural,Milk,Perishable,24,18,6,22.31,0.0,401.62,Medium,24
20-02-2025,20,2,3,0,Weekday,0,STORE_003,Supermarket,Rural,Curd,Perishable,55,38,17,51.27,0.13,1695.15,Medium,46
20-02-2025,20,2,3,0,Weekday,0,STORE_003,Supermarket,Rural,Paneer,Perishable,26,15,11,217.44,0.0,3261.65,Medium,21
20-02-2025,20,2,3,0,Weekday,0,STORE_003,Supermarket,Rural,Rice,Non-Perishable,96,90,6,58.93,0.1,4772.22,High,104
20-02-2025,20,2,3,0,Weekday,0,STORE_003,Supermarket,Rural,Toor Dal,Non-Perishable,80,61,19,125.59,0.0,7661.07,Medium,72
20-02-2025,20,2,3,0,Weekday,0,STORE_003,Supermarket,Rural,Wheat Flour,Non-Perishable,223,132,91,30.54,0.0,4030.94,Medium,150
20-02-2025,20,2,3,0,Weekday,0,STORE_003,Supermarket,Rural,Cooking Oil,Non-Perishable,78,66,12,141.19,0.0,9318.84,Medium,77
20-02-2025,20,2,3,0,Weekday,0,STORE_003,Supermarket,Rural,Biscuits,Non-Perishable,251,169,82,10.11,0.0,1708.61,Medium,190
20-02-2025,20,2,3,0,Weekday,0,STORE_003,Supermarket,Rural,Snacks,Non-Perishable,268,166,102,69.33,0.0,11508.94,Medium,187
20-02-2025,20,2,3,0,Weekday,0,STORE_003,Supermarket,Rural,Masala,Non-Perishable,121,81,40,41.17,0.0,3334.79,Medium,94
20-02-2025,20,2,3,0,Weekday,0,STORE_003,Supermarket,Rural,Sugar,Non-Perishable,72,46,26,57.77,0.091,2416.46,Medium,55
20-02-2025,20,2,3,0,Weekday,0,STORE_003,Supermarket,Rural,Salt,Non-Perishable,122,83,39,23.78,0.0,1973.41,Medium,96
20-02-2025,20,2,3,0,Weekday,0,STORE_003,Supermarket,Rural,Bread,Perishable,52,25,27,50.37,0.0,1259.35,Low,32
20-02-2025,20,2,3,0,Weekday,0,STORE_003,Supermarket,Rural,Eggs,Perishable,47,32,15,36.39,0.0,1164.51,Medium,40
21-02-2025,21,2,4,0,Weekday,0,STORE_001,Small,Urban,Milk,Perishable,7,5,2,32.29,0.0,161.44,Medium,10
21-02-2025,21,2,4,0,Weekday,0,STORE_001,Small,Urban,Curd,Perishable,13,7,6,49.75,0.0,348.26,Medium,12
21-02-2025,21,2,4,0,Weekday,0,STORE_001,Small,Urban,Paneer,Perishable,6,4,2,239.89,0.0,959.57,Medium,9
21-02-2025,21,2,4,0,Weekday,0,STORE_001,Small,Urban,Rice,Non-Perishable,47,34,13,84.81,0.0,2883.39,Medium,42
21-02-2025,21,2,4,0,Weekday,0,STORE_001,Small,Urban,Toor Dal,Non-Perishable,56,42,14,119.67,0.0,5026.31,Medium,51
21-02-2025,21,2,4,0,Weekday,0,STORE_001,Small,Urban,Wheat Flour,Non-Perishable,37,20,17,39.34,0.0,786.87,Medium,27
21-02-2025,21,2,4,0,Weekday,0,STORE_001,Small,Urban,Cooking Oil,Non-Perishable,25,18,7,137.77,0.0,2479.77,Medium,24
21-02-2025,21,2,4,0,Weekday,0,STORE_001,Small,Urban,Biscuits,Non-Perishable,48,48,0,13.38,0.0,642.15,High,57
21-02-2025,21,2,4,0,Weekday,0,STORE_001,Small,Urban,Snacks,Non-Perishable,47,39,8,46.47,0.0,1812.29,Medium,47
21-02-2025,21,2,4,0,Weekday,0,STORE_001,Small,Urban,Masala,Non-Perishable,37,28,9,110.06,0.0,3081.57,Medium,35
21-02-2025,21,2,4,0,Weekday,0,STORE_001,Small,Urban,Sugar,Non-Perishable,27,27,0,56.2,0.0,1517.33,High,34
21-02-2025,21,2,4,0,Weekday,0,STORE_001,Small,Urban,Salt,Non-Perishable,59,47,12,23.63,0.0,1110.7,Medium,56
21-02-2025,21,2,4,0,Weekday,0,STORE_001,Small,Urban,Bread,Perishable,13,11,2,45.77,0.0,503.46,Medium,17
21-02-2025,21,2,4,0,Weekday,0,STORE_001,Small,Urban,Eggs,Perishable,3,3,0,49.93,0.0,149.8,High,8
21-02-2025,21,2,4,0,Weekday,0,STORE_002,Medium,Semi-Urban,Milk,Perishable,5,3,2,30.95,0.07,86.32,Medium,8
21-02-2025,21,2,4,0,Weekday,0,STORE_002,Medium,Semi-Urban,Curd,Perishable,14,9,5,59.29,0.0,533.64,Medium,14
21-02-2025,21,2,4,0,Weekday,0,STORE_002,Medium,Semi-Urban,Paneer,Perishable,25,17,8,197.04,0.0,3349.7,Medium,23
21-02-2025,21,2,4,0,Weekday,0,STORE_002,Medium,Semi-Urban,Rice,Non-Perishable,70,67,3,75.82,0.0,5079.91,High,78
21-02-2025,21,2,4,0,Weekday,0,STORE_002,Medium,Semi-Urban,Toor Dal,Non-Perishable,99,78,21,124.69,0.0,9725.7,Medium,90
21-02-2025,21,2,4,0,Weekday,0,STORE_002,Medium,Semi-Urban,Wheat Flour,Non-Perishable,68,47,21,35.84,0.128,1469.25,Medium,56
21-02-2025,21,2,4,0,Weekday,0,STORE_002,Medium,Semi-Urban,Cooking Oil,Non-Perishable,143,94,49,199.85,0.0,18786.27,Medium,108
21-02-2025,21,2,4,0,Weekday,0,STORE_002,Medium,Semi-Urban,Biscuits,Non-Perishable,79,79,0,10.85,0.0,857.27,High,91
21-02-2025,21,2,4,0,Weekday,0,STORE_002,Medium,Semi-Urban,Snacks,Non-Perishable,90,90,0,42.83,0.0,3855.06,High,104
21-02-2025,21,2,4,0,Weekday,0,STORE_002,Medium,Semi-Urban,Masala,Non-Perishable,77,50,27,44.56,0.0,2227.81,Medium,60
21-02-2025,21,2,4,0,Weekday,0,STORE_002,Medium,Semi-Urban,Sugar,Non-Perishable,62,50,12,59.29,0.0,2964.58,Medium,60
21-02-2025,21,2,4,0,Weekday,0,STORE_002,Medium,Semi-Urban,Salt,Non-Perishable,90,49,41,23.87,0.0,1169.83,Medium,58
21-02-2025,21,2,4,0,Weekday,0,STORE_002,Medium,Semi-Urban,Bread,Perishable,11,11,0,32.02,0.0,352.17,High,17
21-02-2025,21,2,4,0,Weekday,0,STORE_002,Medium,Semi-Urban,Eggs,Perishable,20,20,0,37.76,0.0,755.27,High,27
21-02-2025,21,2,4,0,Weekday,0,STORE_003,Supermarket,Rural,Milk,Perishable,61,37,24,30.49,0.0,1128.26,Medium,45
21-02-2025,21,2,4,0,Weekday,0,STORE_003,Supermarket,Rural,Curd,Perishable,25,16,9,49.01,0.0,784.23,Medium,22
21-02-2025,21,2,4,0,Weekday,0,STORE_003,Supermarket,Rural,Paneer,Perishable,47,36,11,227.86,0.0,8203.09,Medium,44
21-02-2025,21,2,4,0,Weekday,0,STORE_003,Supermarket,Rural,Rice,Non-Perishable,224,170,54,51.83,0.0,8811.28,Medium,192
21-02-2025,21,2,4,0,Weekday,0,STORE_003,Supermarket,Rural,Toor Dal,Non-Perishable,155,148,7,138.23,0.0,20458.41,High,167
21-02-2025,21,2,4,0,Weekday,0,STORE_003,Supermarket,Rural,Wheat Flour,Non-Perishable,133,55,78,26.51,0.0,1458.16,Low,65
21-02-2025,21,2,4,0,Weekday,0,STORE_003,Supermarket,Rural,Cooking Oil,Non-Perishable,267,237,30,171.64,0.122,35730.02,Medium,265
21-02-2025,21,2,4,0,Weekday,0,STORE_003,Supermarket,Rural,Biscuits,Non-Perishable,106,65,41,13.12,0.0,852.94,Medium,76
21-02-2025,21,2,4,0,Weekday,0,STORE_003,Supermarket,Rural,Snacks,Non-Perishable,188,125,63,63.17,0.0,7896.17,Medium,142
21-02-2025,21,2,4,0,Weekday,0,STORE_003,Supermarket,Rural,Masala,Non-Perishable,160,116,44,76.19,0.0,8837.48,Medium,132
21-02-2025,21,2,4,0,Weekday,0,STORE_003,Supermarket,Rural,Sugar,Non-Perishable,124,70,54,47.8,0.0,3346.16,Medium,82
21-02-2025,21,2,4,0,Weekday,0,STORE_003,Supermarket,Rural,Salt,Non-Perishable,110,87,23,15.97,0.0,1389.3,Medium,100
21-02-2025,21,2,4,0,Weekday,0,STORE_003,Supermarket,Rural,Bread,Perishable,25,25,0,57.7,0.0,1442.61,High,32
21-02-2025,21,2,4,0,Weekday,0,STORE_003,Supermarket,Rural,Eggs,Perishable,31,31,0,43.64,0.0,1352.84,High,39
22-02-2025,22,2,5,1,Weekend,0,STORE_001,Small,Urban,Milk,Perishable,6,5,1,24.76,0.0,123.78,Medium,10
22-02-2025,22,2,5,1,Weekend,0,STORE_001,Small,Urban,Curd,Perishable,6,6,0,56.16,0.0,336.97,High,11
22-02-2025,22,2,5,1,Weekend,0,STORE_001,Small,Urban,Paneer,Perishable,13,11,2,202.43,0.0,2226.68,Medium,17
22-02-2025,22,2,5,1,Weekend,0,STORE_001,Small,Urban,Rice,Non-Perishable,45,33,12,59.45,0.0,1961.85,Medium,41
22-02-2025,22,2,5,1,Weekend,0,STORE_001,Small,Urban,Toor Dal,Non-Perishable,25,25,0,131.72,0.0,3293.1,High,32
22-02-2025,22,2,5,1,Weekend,0,STORE_001,Small,Urban,Wheat Flour,Non-Perishable,19,9,10,37.57,0.0,338.16,Low,14
22-02-2025,22,2,5,1,Weekend,0,STORE_001,Small,Urban,Cooking Oil,Non-Perishable,70,70,0,139.39,0.0,9757.53,High,82
22-02-2025,22,2,5,1,Weekend,0,STORE_001,Small,Urban,Biscuits,Non-Perishable,20,20,0,27.65,0.0,552.99,High,27
22-02-2025,22,2,5,1,Weekend,0,STORE_001,Small,Urban,Snacks,Non-Perishable,31,31,0,58.81,0.0,1823.16,High,39
22-02-2025,22,2,5,1,Weekend,0,STORE_001,Small,Urban,Masala,Non-Perishable,59,35,24,40.11,0.0,1403.99,Medium,43
22-02-2025,22,2,5,1,Weekend,0,STORE_001,Small,Urban,Sugar,Non-Perishable,34,34,0,51.25,0.058,1641.4,High,42
22-02-2025,22,2,5,1,Weekend,0,STORE_001,Small,Urban,Salt,Non-Perishable,43,42,1,24.83,0.108,929.87,High,51
22-02-2025,22,2,5,1,Weekend,0,STORE_001,Small,Urban,Bread,Perishable,6,6,0,30.5,0.0,183.03,High,11
22-02-2025,22,2,5,1,Weekend,0,STORE_001,Small,Urban,Eggs,Perishable,6,4,2,41.76,0.0,167.05,Medium,9
22-02-2025,22,2,5,1,Weekend,0,STORE_002,Medium,Semi-Urban,Milk,Perishable,10,9,1,28.88,0.0,259.92,High,14
22-02-2025,22,2,5,1,Weekend,0,STORE_002,Medium,Semi-Urban,Curd,Perishable,10,10,0,57.46,0.0,574.63,High,16
22-02-2025,22,2,5,1,Weekend,0,STORE_002,Medium,Semi-Urban,Paneer,Perishable,22,13,9,208.91,0.0,2715.88,Medium,19
22-02-2025,22,2,5,1,Weekend,0,STORE_002,Medium,Semi-Urban,Rice,Non-Perishable,74,74,0,73.28,0.0,5422.53,High,86
22-02-2025,22,2,5,1,Weekend,0,STORE_002,Medium,Semi-Urban,Toor Dal,Non-Perishable,76,76,0,124.81,0.0,9485.69,High,88
22-02-2025,22,2,5,1,Weekend,0,STORE_002,Medium,Semi-Urban,Wheat Flour,Non-Perishable,126,126,0,36.28,0.0,4571.09,High,143
22-02-2025,22,2,5,1,Weekend,0,STORE_002,Medium,Semi-Urban,Cooking Oil,Non-Perishable,94,67,27,139.61,0.0,9353.72,Medium,78
22-02-2025,22,2,5,1,Weekend,0,STORE_002,Medium,Semi-Urban,Biscuits,Non-Perishable,76,72,4,16.1,0.0,1159.08,High,84
22-02-2025,22,2,5,1,Weekend,0,STORE_002,Medium,Semi-Urban,Snacks,Non-Perishable,89,69,20,61.74,0.0,4259.72,Medium,80
22-02-2025,22,2,5,1,Weekend,0,STORE_002,Medium,Semi-Urban,Masala,Non-Perishable,67,67,0,52.55,0.0,3520.63,High,78
22-02-2025,22,2,5,1,Weekend,0,STORE_002,Medium,Semi-Urban,Sugar,Non-Perishable,67,66,1,40.43,0.0,2668.57,High,77
22-02-2025,22,2,5,1,Weekend,0,STORE_002,Medium,Semi-Urban,Salt,Non-Perishable,59,41,18,17.46,0.0,715.78,Medium,50
22-02-2025,22,2,5,1,Weekend,0,STORE_002,Medium,Semi-Urban,Bread,Perishable,14,13,1,44.44,0.0,577.78,High,19
22-02-2025,22,2,5,1,Weekend,0,STORE_002,Medium,Semi-Urban,Eggs,Perishable,13,8,5,35.7,0.0,285.59,Medium,13
22-02-2025,22,2,5,1,Weekend,0,STORE_003,Supermarket,Rural,Milk,Perishable,14,9,5,26.84,0.0,241.57,Medium,14
22-02-2025,22,2,5,1,Weekend,0,STORE_003,Supermarket,Rural,Curd,Perishable,34,24,10,59.33,0.0,1423.81,Medium,31
22-02-2025,22,2,5,1,Weekend,0,STORE_003,Supermarket,Rural,Paneer,Perishable,14,10,4,186.79,0.0,1867.94,Medium,16
22-02-2025,22,2,5,1,Weekend,0,STORE_003,Supermarket,Rural,Rice,Non-Perishable,158,158,0,62.08,0.0,9808.95,High,178
22-02-2025,22,2,5,1,Weekend,0,STORE_003,Supermarket,Rural,Toor Dal,Non-Perishable,152,108,44,110.74,0.138,10310.18,Medium,123
22-02-2025,22,2,5,1,Weekend,0,STORE_003,Supermarket,Rural,Wheat Flour,Non-Perishable,244,209,35,35.94,0.0,7511.19,Medium,234
22-02-2025,22,2,5,1,Weekend,0,STORE_003,Supermarket,Rural,Cooking Oil,Non-Perishable,162,155,7,163.62,0.0,25360.37,High,175
22-02-2025,22,2,5,1,Weekend,0,STORE_003,Supermarket,Rural,Biscuits,Non-Perishable,148,148,0,29.03,0.0,4296.73,High,167
22-02-2025,22,2,5,1,Weekend,0,STORE_003,Supermarket,Rural,Snacks,Non-Perishable,134,108,26,42.96,0.0,4639.51,Medium,123
22-02-2025,22,2,5,1,Weekend,0,STORE_003,Supermarket,Rural,Masala,Non-Perishable,202,135,67,83.69,0.0,11298.36,Medium,153
22-02-2025,22,2,5,1,Weekend,0,STORE_003,Supermarket,Rural,Sugar,Non-Perishable,284,254,30,47.66,0.0,12105.83,Medium,284
22-02-2025,22,2,5,1,Weekend,0,STORE_003,Supermarket,Rural,Salt,Non-Perishable,112,112,0,20.34,0.0,2277.8,High,128
22-02-2025,22,2,5,1,Weekend,0,STORE_003,Supermarket,Rural,Bread,Perishable,47,47,0,57.25,0.0,2690.91,High,56
22-02-2025,22,2,5,1,Weekend,0,STORE_003,Supermarket,Rural,Eggs,Perishable,21,21,0,33.66,0.0,706.77,High,28
23-02-2025,23,2,6,1,Weekend,0,STORE_001,Small,Urban,Milk,Perishable,9,9,0,28.56,0.0,257.08,High,14
23-02-2025,23,2,6,1,Weekend,0,STORE_001,Small,Urban,Curd,Perishable,3,3,0,56.97,0.0,170.92,High,8
23-02-2025,23,2,6,1,Weekend,0,STORE_001,Small,Urban,Paneer,Perishable,3,2,1,210.57,0.0,421.14,Medium,7
23-02-2025,23,2,6,1,Weekend,0,STORE_001,Small,Urban,Rice,Non-Perishable,55,55,0,80.97,0.0,4453.1,High,65
23-02-2025,23,2,6,1,Weekend,0,STORE_001,Small,Urban,Toor Dal,Non-Perishable,37,28,9,149.93,0.0,4198.11,Medium,35
23-02-2025,23,2,6,1,Weekend,0,STORE_001,Small,Urban,Wheat Flour,Non-Perishable,27,27,0,25.95,0.0,700.71,High,34
23-02-2025,23,2,6,1,Weekend,0,STORE_001,Small,Urban,Cooking Oil,Non-Perishable,43,43,0,192.27,0.0,8267.4,High,52
23-02-2025,23,2,6,1,Weekend,0,STORE_001,Small,Urban,Biscuits,Non-Perishable,29,29,0,11.79,0.111,304.09,High,36
23-02-2025,23,2,6,1,Weekend,0,STORE_001,Small,Urban,Snacks,Non-Perishable,40,40,0,40.91,0.0,1636.39,High,49
23-02-2025,23,2,6,1,Weekend,0,STORE_001,Small,Urban,Masala,Non-Perishable,52,41,11,79.87,0.0,3274.59,Medium,50
23-02-2025,23,2,6,1,Weekend,0,STORE_001,Small,Urban,Sugar,Non-Perishable,29,23,6,57.43,0.0,1320.82,Medium,30
23-02-2025,23,2,6,1,Weekend,0,STORE_001,Small,Urban,Salt,Non-Perishable,38,34,4,22.55,0.137,661.6,Medium,42
23-02-2025,23,2,6,1,Weekend,0,STORE_001,Small,Urban,Bread,Perishable,9,9,0,40.46,0.0,364.11,High,14
23-02-2025,23,2,6,1,Weekend,0,STORE_001,Small,Urban,Eggs,Perishable,3,3,0,38.47,0.0,115.4,High,8
23-02-2025,23,2,6,1,Weekend,0,STORE_002,Medium,Semi-Urban,Milk,Perishable,9,9,0,33.5,0.0,301.54,High,14
23-02-2025,23,2,6,1,Weekend,0,STORE_002,Medium,Semi-Urban,Curd,Perishable,16,14,2,49.83,0.0,697.6,Medium,20
23-02-2025,23,2,6,1,Weekend,0,STORE_002,Medium,Semi-Urban,Paneer,Perishable,13,11,2,213.71,0.0,2350.8,Medium,17
23-02-2025,23,2,6,1,Weekend,0,STORE_002,Medium,Semi-Urban,Rice,Non-Perishable,64,64,0,73.07,0.0,4676.58,High,75
23-02-2025,23,2,6,1,Weekend,0,STORE_002,Medium,Semi-Urban,Toor Dal,Non-Perishable,148,148,0,116.42,0.0,17229.84,High,167
23-02-2025,23,2,6,1,Weekend,0,STORE_002,Medium,Semi-Urban,Wheat Flour,Non-Perishable,68,68,0,29.65,0.0,2016.16,High,79
23-02-2025,23,2,6,1,Weekend,0,STORE_002,Medium,Semi-Urban,Cooking Oil,Non-Perishable,106,106,0,185.15,0.055,18551.31,High,121
23-02-2025,23,2,6,1,Weekend,0,STORE_002,Medium,Semi-Urban,Biscuits,Non-Perishable,139,139,0,11.38,0.0,1582.22,High,157
23-02-2025,23,2,6,1,Weekend,0,STORE_002,Medium,Semi-Urban,Snacks,Non-Perishable,132,114,18,51.01,0.0,5815.31,Medium,130
23-02-2025,23,2,6,1,Weekend,0,STORE_002,Medium,Semi-Urban,Masala,Non-Perishable,70,69,1,107.4,0.129,6451.04,High,80
23-02-2025,23,2,6,1,Weekend,0,STORE_002,Medium,Semi-Urban,Sugar,Non-Perishable,113,86,27,52.68,0.0,4530.23,Medium,99
23-02-2025,23,2,6,1,Weekend,0,STORE_002,Medium,Semi-Urban,Salt,Non-Perishable,101,64,37,24.22,0.0,1550.16,Medium,75
23-02-2025,23,2,6,1,Weekend,0,STORE_002,Medium,Semi-Urban,Bread,Perishable,24,24,0,46.93,0.0,1126.33,High,31
23-02-2025,23,2,6,1,Weekend,0,STORE_002,Medium,Semi-Urban,Eggs,Perishable,19,19,0,37.69,0.0,716.08,High,25
23-02-2025,23,2,6,1,Weekend,0,STORE_003,Supermarket,Rural,Milk,Perishable,26,18,8,28.48,0.0,512.64,Medium,24
23-02-2025,23,2,6,1,Weekend,0,STORE_003,Supermarket,Rural,Curd,Perishable,22,20,2,59.11,0.0,1182.19,High,27
23-02-2025,23,2,6,1,Weekend,0,STORE_003,Supermarket,Rural,Paneer,Perishable,35,35,0,191.74,0.14,5769.99,High,43
23-02-2025,23,2,6,1,Weekend,0,STORE_003,Supermarket,Rural,Rice,Non-Perishable,183,183,0,85.3,0.0,15610.67,High,206
23-02-2025,23,2,6,1,Weekend,0,STORE_003,Supermarket,Rural,Toor Dal,Non-Perishable,109,90,19,145.29,0.0,13076.37,Medium,104
23-02-2025,23,2,6,1,Weekend,0,STORE_003,Supermarket,Rural,Wheat Flour,Non-Perishable,107,90,17,35.44,0.0,3189.37,Medium,104
23-02-2025,23,2,6,1,Weekend,0,STORE_003,Supermarket,Rural,Cooking Oil,Non-Perishable,167,107,60,166.99,0.061,16783.69,Medium,122
23-02-2025,23,2,6,1,Weekend,0,STORE_003,Supermarket,Rural,Biscuits,Non-Perishable,100,100,0,25.96,0.0,2596.26,High,115
23-02-2025,23,2,6,1,Weekend,0,STORE_003,Supermarket,Rural,Snacks,Non-Perishable,154,154,0,60.72,0.0,9350.51,High,174
23-02-2025,23,2,6,1,Weekend,0,STORE_003,Supermarket,Rural,Masala,Non-Perishable,248,248,0,41.37,0.0,10259.7,High,277
23-02-2025,23,2,6,1,Weekend,0,STORE_003,Supermarket,Rural,Sugar,Non-Perishable,128,128,0,46.24,0.0,5918.96,High,145
23-02-2025,23,2,6,1,Weekend,0,STORE_003,Supermarket,Rural,Salt,Non-Perishable,194,194,0,17.97,0.0,3486.35,High,218
23-02-2025,23,2,6,1,Weekend,0,STORE_003,Supermarket,Rural,Bread,Perishable,21,21,0,42.98,0.0,902.55,High,28
23-02-2025,23,2,6,1,Weekend,0,STORE_003,Supermarket,Rural,Eggs,Perishable,39,33,6,41.82,0.0,1380.06,Medium,41
24-02-2025,24,2,0,0,Weekday,0,STORE_001,Small,Urban,Milk,Perishable,10,5,5,28.8,0.133,124.83,Medium,10
24-02-2025,24,2,0,0,Weekday,0,STORE_001,Small,Urban,Curd,Perishable,4,3,1,58.71,0.0,176.12,Medium,8
24-02-2025,24,2,0,0,Weekday,0,STORE_001,Small,Urban,Paneer,Perishable,6,4,2,205.41,0.14,706.81,Medium,9
24-02-2025,24,2,0,0,Weekday,0,STORE_001,Small,Urban,Rice,Non-Perishable,34,34,0,57.99,0.099,1776.71,High,42
24-02-2025,24,2,0,0,Weekday,0,STORE_001,Small,Urban,Toor Dal,Non-Perishable,49,37,12,136.72,0.0,5058.5,Medium,45
24-02-2025,24,2,0,0,Weekday,0,STORE_001,Small,Urban,Wheat Flour,Non-Perishable,40,19,21,26.26,0.0,499.03,Low,25
24-02-2025,24,2,0,0,Weekday,0,STORE_001,Small,Urban,Cooking Oil,Non-Perishable,34,23,11,190.05,0.0,4371.06,Medium,30
24-02-2025,24,2,0,0,Weekday,0,STORE_001,Small,Urban,Biscuits,Non-Perishable,41,30,11,9.66,0.137,250.1,Medium,38
24-02-2025,24,2,0,0,Weekday,0,STORE_001,Small,Urban,Snacks,Non-Perishable,37,34,3,48.27,0.0,1641.3,High,42
24-02-2025,24,2,0,0,Weekday,0,STORE_001,Small,Urban,Masala,Non-Perishable,57,36,21,101.29,0.0,3646.59,Medium,44
24-02-2025,24,2,0,0,Weekday,0,STORE_001,Small,Urban,Sugar,Non-Perishable,59,56,3,49.47,0.0,2770.25,High,66
24-02-2025,24,2,0,0,Weekday,0,STORE_001,Small,Urban,Salt,Non-Perishable,41,31,10,21.49,0.0,666.25,Medium,39
24-02-2025,24,2,0,0,Weekday,0,STORE_001,Small,Urban,Bread,Perishable,3,2,1,55.52,0.0,111.04,Medium,7
24-02-2025,24,2,0,0,Weekday,0,STORE_001,Small,Urban,Eggs,Perishable,4,3,1,49.34,0.097,133.65,Medium,8
24-02-2025,24,2,0,0,Weekday,0,STORE_002,Medium,Semi-Urban,Milk,Perishable,25,13,12,31.15,0.131,351.73,Medium,19
24-02-2025,24,2,0,0,Weekday,0,STORE_002,Medium,Semi-Urban,Curd,Perishable,20,14,6,57.32,0.0,802.42,Medium,20
24-02-2025,24,2,0,0,Weekday,0,STORE_002,Medium,Semi-Urban,Paneer,Perishable,11,9,2,247.82,0.0,2230.37,Medium,14
24-02-2025,24,2,0,0,Weekday,0,STORE_002,Medium,Semi-Urban,Rice,Non-Perishable,55,41,14,61.91,0.0,2538.18,Medium,50
24-02-2025,24,2,0,0,Weekday,0,STORE_002,Medium,Semi-Urban,Toor Dal,Non-Perishable,69,65,4,116.24,0.0,7555.84,High,76
24-02-2025,24,2,0,0,Weekday,0,STORE_002,Medium,Semi-Urban,Wheat Flour,Non-Perishable,125,75,50,41.65,0.064,2923.82,Medium,87
24-02-2025,24,2,0,0,Weekday,0,STORE_002,Medium,Semi-Urban,Cooking Oil,Non-Perishable,112,89,23,126.78,0.0,11283.64,Medium,102
24-02-2025,24,2,0,0,Weekday,0,STORE_002,Medium,Semi-Urban,Biscuits,Non-Perishable,47,32,15,19.32,0.07,574.69,Medium,40
24-02-2025,24,2,0,0,Weekday,0,STORE_002,Medium,Semi-Urban,Snacks,Non-Perishable,120,72,48,24.64,0.0,1774.42,Medium,84
24-02-2025,24,2,0,0,Weekday,0,STORE_002,Medium,Semi-Urban,Masala,Non-Perishable,136,135,1,84.95,0.0,11467.59,High,153
24-02-2025,24,2,0,0,Weekday,0,STORE_002,Medium,Semi-Urban,Sugar,Non-Perishable,47,23,24,46.43,0.0,1067.93,Low,30
24-02-2025,24,2,0,0,Weekday,0,STORE_002,Medium,Semi-Urban,Salt,Non-Perishable,68,68,0,24.16,0.0,1643.01,High,79
24-02-2025,24,2,0,0,Weekday,0,STORE_002,Medium,Semi-Urban,Bread,Perishable,13,11,2,37.69,0.0,414.64,Medium,17
24-02-2025,24,2,0,0,Weekday,0,STORE_002,Medium,Semi-Urban,Eggs,Perishable,27,17,10,36.01,0.0,612.2,Medium,23
24-02-2025,24,2,0,0,Weekday,0,STORE_003,Supermarket,Rural,Milk,Perishable,14,11,3,33.04,0.0,363.49,Medium,17
24-02-2025,24,2,0,0,Weekday,0,STORE_003,Supermarket,Rural,Curd,Perishable,47,43,4,58.25,0.0,2504.84,High,52
24-02-2025,24,2,0,0,Weekday,0,STORE_003,Supermarket,Rural,Paneer,Perishable,23,15,8,207.88,0.079,2871.71,Medium,21
24-02-2025,24,2,0,0,Weekday,0,STORE_003,Supermarket,Rural,Rice,Non-Perishable,154,87,67,56.79,0.0,4940.97,Medium,100
24-02-2025,24,2,0,0,Weekday,0,STORE_003,Supermarket,Rural,Toor Dal,Non-Perishable,138,96,42,138.51,0.0,13296.77,Medium,110
24-02-2025,24,2,0,0,Weekday,0,STORE_003,Supermarket,Rural,Wheat Flour,Non-Perishable,223,191,32,36.27,0.0,6926.67,Medium,215
24-02-2025,24,2,0,0,Weekday,0,STORE_003,Supermarket,Rural,Cooking Oil,Non-Perishable,152,119,33,187.94,0.0,22365.04,Medium,135
24-02-2025,24,2,0,0,Weekday,0,STORE_003,Supermarket,Rural,Biscuits,Non-Perishable,241,241,0,17.64,0.0,4252.24,High,270
24-02-2025,24,2,0,0,Weekday,0,STORE_003,Supermarket,Rural,Snacks,Non-Perishable,171,127,44,61.82,0.0,7851.08,Medium,144
24-02-2025,24,2,0,0,Weekday,0,STORE_003,Supermarket,Rural,Masala,Non-Perishable,230,189,41,111.86,0.0,21141.88,Medium,212
24-02-2025,24,2,0,0,Weekday,0,STORE_003,Supermarket,Rural,Sugar,Non-Perishable,86,48,38,40.08,0.0,1924.03,Medium,57
24-02-2025,24,2,0,0,Weekday,0,STORE_003,Supermarket,Rural,Salt,Non-Perishable,242,156,86,22.62,0.0,3528.28,Medium,176
24-02-2025,24,2,0,0,Weekday,0,STORE_003,Supermarket,Rural,Bread,Perishable,9,5,4,42.28,0.0,211.38,Medium,10
24-02-2025,24,2,0,0,Weekday,0,STORE_003,Supermarket,Rural,Eggs,Perishable,16,8,8,37.05,0.0,296.4,Medium,13
25-02-2025,25,2,1,0,Weekday,0,STORE_001,Small,Urban,Milk,Perishable,6,3,3,29.37,0.0,88.1,Medium,8
25-02-2025,25,2,1,0,Weekday,0,STORE_001,Small,Urban,Curd,Perishable,12,12,0,50.29,0.0,603.48,High,18
25-02-2025,25,2,1,0,Weekday,0,STORE_001,Small,Urban,Paneer,Perishable,7,4,3,228.62,0.0,914.49,Medium,9
25-02-2025,25,2,1,0,Weekday,0,STORE_001,Small,Urban,Rice,Non-Perishable,60,58,2,51.23,0.0,2971.29,High,68
25-02-2025,25,2,1,0,Weekday,0,STORE_001,Small,Urban,Toor Dal,Non-Perishable,52,37,15,126.28,0.108,4166.3,Medium,45
25-02-2025,25,2,1,0,Weekday,0,STORE_001,Small,Urban,Wheat Flour,Non-Perishable,44,41,3,38.27,0.0,1569.02,High,50
25-02-2025,25,2,1,0,Weekday,0,STORE_001,Small,Urban,Cooking Oil,Non-Perishable,30,22,8,138.03,0.0,3036.69,Medium,29
25-02-2025,25,2,1,0,Weekday,0,STORE_001,Small,Urban,Biscuits,Non-Perishable,42,36,6,29.14,0.0,1048.96,Medium,44
25-02-2025,25,2,1,0,Weekday,0,STORE_001,Small,Urban,Snacks,Non-Perishable,59,45,14,78.16,0.0,3517.38,Medium,54
25-02-2025,25,2,1,0,Weekday,0,STORE_001,Small,Urban,Masala,Non-Perishable,25,17,8,70.94,0.0,1206.01,Medium,23
25-02-2025,25,2,1,0,Weekday,0,STORE_001,Small,Urban,Sugar,Non-Perishable,30,16,14,57.13,0.0,914.03,Medium,22
25-02-2025,25,2,1,0,Weekday,0,STORE_001,Small,Urban,Salt,Non-Perishable,33,22,11,22.46,0.072,458.49,Medium,29
25-02-2025,25,2,1,0,Weekday,0,STORE_001,Small,Urban,Bread,Perishable,9,7,2,48.72,0.0,341.02,Medium,12
25-02-2025,25,2,1,0,Weekday,0,STORE_001,Small,Urban,Eggs,Perishable,9,8,1,34.87,0.0,278.96,Medium,13
25-02-2025,25,2,1,0,Weekday,0,STORE_002,Medium,Semi-Urban,Milk,Perishable,5,5,0,27.63,0.0,138.17,High,10
25-02-2025,25,2,1,0,Weekday,0,STORE_002,Medium,Semi-Urban,Curd,Perishable,6,5,1,43.39,0.0,216.94,Medium,10
25-02-2025,25,2,1,0,Weekday,0,STORE_002,Medium,Semi-Urban,Paneer,Perishable,17,16,1,215.66,0.0,3450.53,High,22
25-02-2025,25,2,1,0,Weekday,0,STORE_002,Medium,Semi-Urban,Rice,Non-Perishable,47,30,17,65.41,0.111,1743.68,Medium,38
25-02-2025,25,2,1,0,Weekday,0,STORE_002,Medium,Semi-Urban,Toor Dal,Non-Perishable,70,67,3,113.49,0.0,7603.55,High,78
25-02-2025,25,2,1,0,Weekday,0,STORE_002,Medium,Semi-Urban,Wheat Flour,Non-Perishable,40,39,1,44.79,0.076,1613.51,High,47
25-02-2025,25,2,1,0,Weekday,0,STORE_002,Medium,Semi-Urban,Cooking Oil,Non-Perishable,88,79,9,155.55,0.0,12288.2,Medium,91
25-02-2025,25,2,1,0,Weekday,0,STORE_002,Medium,Semi-Urban,Biscuits,Non-Perishable,72,38,34,24.53,0.0,931.99,Medium,46
25-02-2025,25,2,1,0,Weekday,0,STORE_002,Medium,Semi-Urban,Snacks,Non-Perishable,71,58,13,68.32,0.0,3962.64,Medium,68
25-02-2025,25,2,1,0,Weekday,0,STORE_002,Medium,Semi-Urban,Masala,Non-Perishable,132,98,34,103.6,0.0,10152.42,Medium,112
25-02-2025,25,2,1,0,Weekday,0,STORE_002,Medium,Semi-Urban,Sugar,Non-Perishable,78,51,27,40.14,0.0,2047.27,Medium,61
25-02-2025,25,2,1,0,Weekday,0,STORE_002,Medium,Semi-Urban,Salt,Non-Perishable,115,52,63,24.66,0.0,1282.16,Low,62
25-02-2025,25,2,1,0,Weekday,0,STORE_002,Medium,Semi-Urban,Bread,Perishable,14,12,2,48.67,0.0,584.09,Medium,18
25-02-2025,25,2,1,0,Weekday,0,STORE_002,Medium,Semi-Urban,Eggs,Perishable,21,13,8,47.57,0.0,618.44,Medium,19
25-02-2025,25,2,1,0,Weekday,0,STORE_003,Supermarket,Rural,Milk,Perishable,20,18,2,31.15,0.0,560.73,High,24
25-02-2025,25,2,1,0,Weekday,0,STORE_003,Supermarket,Rural,Curd,Perishable,16,9,7,45.84,0.0,412.54,Medium,14
25-02-2025,25,2,1,0,Weekday,0,STORE_003,Supermarket,Rural,Paneer,Perishable,26,19,7,185.36,0.0,3521.84,Medium,25
25-02-2025,25,2,1,0,Weekday,0,STORE_003,Supermarket,Rural,Rice,Non-Perishable,157,121,36,86.88,0.0,10511.89,Medium,138
25-02-2025,25,2,1,0,Weekday,0,STORE_003,Supermarket,Rural,Toor Dal,Non-Perishable,138,108,30,129.99,0.058,13222.64,Medium,123
25-02-2025,25,2,1,0,Weekday,0,STORE_003,Supermarket,Rural,Wheat Flour,Non-Perishable,226,139,87,43.68,0.0,6071.73,Medium,157
25-02-2025,25,2,1,0,Weekday,0,STORE_003,Supermarket,Rural,Cooking Oil,Non-Perishable,183,115,68,161.01,0.0,18515.77,Medium,131
25-02-2025,25,2,1,0,Weekday,0,STORE_003,Supermarket,Rural,Biscuits,Non-Perishable,200,143,57,7.47,0.0,1068.46,Medium,162
25-02-2025,25,2,1,0,Weekday,0,STORE_003,Supermarket,Rural,Snacks,Non-Perishable,83,61,22,33.8,0.0,2061.76,Medium,72
25-02-2025,25,2,1,0,Weekday,0,STORE_003,Supermarket,Rural,Masala,Non-Perishable,154,70,84,41.53,0.0,2907.11,Low,82
25-02-2025,25,2,1,0,Weekday,0,STORE_003,Supermarket,Rural,Sugar,Non-Perishable,234,140,94,40.44,0.0,5661.18,Medium,159
25-02-2025,25,2,1,0,Weekday,0,STORE_003,Supermarket,Rural,Salt,Non-Perishable,121,104,17,23.92,0.0,2487.92,Medium,119
25-02-2025,25,2,1,0,Weekday,0,STORE_003,Supermarket,Rural,Bread,Perishable,20,7,13,57.95,0.0,405.64,Low,12
25-02-2025,25,2,1,0,Weekday,0,STORE_003,Supermarket,Rural,Eggs,Perishable,30,24,6,40.3,0.0,967.19,Medium,31
26-02-2025,26,2,2,0,Weekday,0,STORE_001,Small,Urban,Milk,Perishable,9,6,3,23.0,0.0,137.99,Medium,11
26-02-2025,26,2,2,0,Weekday,0,STORE_001,Small,Urban,Curd,Perishable,5,4,1,57.05,0.09,207.65,Medium,9
26-02-2025,26,2,2,0,Weekday,0,STORE_001,Small,Urban,Paneer,Perishable,9,6,3,219.28,0.0,1315.71,Medium,11
26-02-2025,26,2,2,0,Weekday,0,STORE_001,Small,Urban,Rice,Non-Perishable,55,40,15,78.89,0.0,3155.57,Medium,49
26-02-2025,26,2,2,0,Weekday,0,STORE_001,Small,Urban,Toor Dal,Non-Perishable,34,20,14,146.54,0.0,2930.7,Medium,27
26-02-2025,26,2,2,0,Weekday,0,STORE_001,Small,Urban,Wheat Flour,Non-Perishable,57,49,8,35.37,0.0,1733.27,Medium,58
26-02-2025,26,2,2,0,Weekday,0,STORE_001,Small,Urban,Cooking Oil,Non-Perishable,28,22,6,188.56,0.0,4148.29,Medium,29
26-02-2025,26,2,2,0,Weekday,0,STORE_001,Small,Urban,Biscuits,Non-Perishable,27,23,4,28.03,0.0,644.74,Medium,30
26-02-2025,26,2,2,0,Weekday,0,STORE_001,Small,Urban,Snacks,Non-Perishable,49,47,2,53.21,0.123,2193.36,High,56
26-02-2025,26,2,2,0,Weekday,0,STORE_001,Small,Urban,Masala,Non-Perishable,62,48,14,102.47,0.0,4918.71,Medium,57
26-02-2025,26,2,2,0,Weekday,0,STORE_001,Small,Urban,Sugar,Non-Perishable,37,22,15,41.14,0.123,793.62,Medium,29
26-02-2025,26,2,2,0,Weekday,0,STORE_001,Small,Urban,Salt,Non-Perishable,48,27,21,18.21,0.0,491.68,Medium,34
26-02-2025,26,2,2,0,Weekday,0,STORE_001,Small,Urban,Bread,Perishable,11,11,0,36.88,0.0,405.68,High,17
26-02-2025,26,2,2,0,Weekday,0,STORE_001,Small,Urban,Eggs,Perishable,7,4,3,46.77,0.0,187.07,Medium,9
26-02-2025,26,2,2,0,Weekday,0,STORE_002,Medium,Semi-Urban,Milk,Perishable,13,8,5,22.97,0.0,183.78,Medium,13
26-02-2025,26,2,2,0,Weekday,0,STORE_002,Medium,Semi-Urban,Curd,Perishable,16,13,3,55.13,0.0,716.69,Medium,19
26-02-2025,26,2,2,0,Weekday,0,STORE_002,Medium,Semi-Urban,Paneer,Perishable,32,24,8,182.3,0.0,4375.3,Medium,31
26-02-2025,26,2,2,0,Weekday,0,STORE_002,Medium,Semi-Urban,Rice,Non-Perishable,115,51,64,75.8,0.0,3865.73,Low,61
26-02-2025,26,2,2,0,Weekday,0,STORE_002,Medium,Semi-Urban,Toor Dal,Non-Perishable,36,26,10,122.79,0.0,3192.42,Medium,33
26-02-2025,26,2,2,0,Weekday,0,STORE_002,Medium,Semi-Urban,Wheat Flour,Non-Perishable,52,42,10,30.57,0.0,1284.13,Medium,51
26-02-2025,26,2,2,0,Weekday,0,STORE_002,Medium,Semi-Urban,Cooking Oil,Non-Perishable,107,85,22,144.19,0.0,12256.31,Medium,98
26-02-2025,26,2,2,0,Weekday,0,STORE_002,Medium,Semi-Urban,Biscuits,Non-Perishable,65,53,12,6.54,0.0,346.36,Medium,63
26-02-2025,26,2,2,0,Weekday,0,STORE_002,Medium,Semi-Urban,Snacks,Non-Perishable,85,67,18,59.01,0.101,3555.9,Medium,78
26-02-2025,26,2,2,0,Weekday,0,STORE_002,Medium,Semi-Urban,Masala,Non-Perishable,56,40,16,96.9,0.0,3875.93,Medium,49
26-02-2025,26,2,2,0,Weekday,0,STORE_002,Medium,Semi-Urban,Sugar,Non-Perishable,117,77,40,45.62,0.0,3512.36,Medium,89
26-02-2025,26,2,2,0,Weekday,0,STORE_002,Medium,Semi-Urban,Salt,Non-Perishable,123,91,32,24.69,0.0,2246.9,Medium,105
26-02-2025,26,2,2,0,Weekday,0,STORE_002,Medium,Semi-Urban,Bread,Perishable,13,9,4,40.79,0.11,326.75,Medium,14
26-02-2025,26,2,2,0,Weekday,0,STORE_002,Medium,Semi-Urban,Eggs,Perishable,18,18,0,45.7,0.088,750.07,High,24
26-02-2025,26,2,2,0,Weekday,0,STORE_003,Supermarket,Rural,Milk,Perishable,20,12,8,28.97,0.0,347.67,Medium,18
26-02-2025,26,2,2,0,Weekday,0,STORE_003,Supermarket,Rural,Curd,Perishable,15,13,2,52.18,0.0,678.31,Medium,19
26-02-2025,26,2,2,0,Weekday,0,STORE_003,Supermarket,Rural,Paneer,Perishable,31,25,6,190.1,0.0,4752.44,Medium,32
26-02-2025,26,2,2,0,Weekday,0,STORE_003,Supermarket,Rural,Rice,Non-Perishable,156,96,60,69.18,0.0,6641.72,Medium,110
26-02-2025,26,2,2,0,Weekday,0,STORE_003,Supermarket,Rural,Toor Dal,Non-Perishable,182,94,88,101.15,0.0,9508.52,Medium,108
26-02-2025,26,2,2,0,Weekday,0,STORE_003,Supermarket,Rural,Wheat Flour,Non-Perishable,160,109,51,30.27,0.087,3012.86,Medium,124
26-02-2025,26,2,2,0,Weekday,0,STORE_003,Supermarket,Rural,Cooking Oil,Non-Perishable,72,57,15,177.99,0.0,10145.41,Medium,67
26-02-2025,26,2,2,0,Weekday,0,STORE_003,Supermarket,Rural,Biscuits,Non-Perishable,87,48,39,13.74,0.0,659.37,Medium,57
26-02-2025,26,2,2,0,Weekday,0,STORE_003,Supermarket,Rural,Snacks,Non-Perishable,93,93,0,62.5,0.0,5812.72,High,107
26-02-2025,26,2,2,0,Weekday,0,STORE_003,Supermarket,Rural,Masala,Non-Perishable,133,101,32,106.72,0.085,9858.03,Medium,116
26-02-2025,26,2,2,0,Weekday,0,STORE_003,Supermarket,Rural,Sugar,Non-Perishable,94,85,9,45.7,0.113,3444.64,High,98
26-02-2025,26,2,2,0,Weekday,0,STORE_003,Supermarket,Rural,Salt,Non-Perishable,144,83,61,18.92,0.0,1570.47,Medium,96
26-02-2025,26,2,2,0,Weekday,0,STORE_003,Supermarket,Rural,Bread,Perishable,15,15,0,59.14,0.0,887.16,High,21
26-02-2025,26,2,2,0,Weekday,0,STORE_003,Supermarket,Rural,Eggs,Perishable,17,17,0,34.17,0.0,580.82,High,23
27-02-2025,27,2,3,0,Weekday,0,STORE_001,Small,Urban,Milk,Perishable,7,4,3,28.13,0.0,112.52,Medium,9
27-02-2025,27,2,3,0,Weekday,0,STORE_001,Small,Urban,Curd,Perishable,6,3,3,53.54,0.0,160.61,Medium,8
27-02-2025,27,2,3,0,Weekday,0,STORE_001,Small,Urban,Paneer,Perishable,4,2,2,196.38,0.0,392.76,Medium,7
27-02-2025,27,2,3,0,Weekday,0,STORE_001,Small,Urban,Rice,Non-Perishable,59,51,8,52.15,0.0,2659.45,Medium,61
27-02-2025,27,2,3,0,Weekday,0,STORE_001,Small,Urban,Toor Dal,Non-Perishable,67,41,26,117.79,0.0,4829.31,Medium,50
27-02-2025,27,2,3,0,Weekday,0,STORE_001,Small,Urban,Wheat Flour,Non-Perishable,48,39,9,26.8,0.0,1045.26,Medium,47
27-02-2025,27,2,3,0,Weekday,0,STORE_001,Small,Urban,Cooking Oil,Non-Perishable,36,22,14,143.39,0.0,3154.58,Medium,29
27-02-2025,27,2,3,0,Weekday,0,STORE_001,Small,Urban,Biscuits,Non-Perishable,31,31,0,17.85,0.0,553.5,High,39
27-02-2025,27,2,3,0,Weekday,0,STORE_001,Small,Urban,Snacks,Non-Perishable,38,22,16,34.25,0.0,753.47,Medium,29
27-02-2025,27,2,3,0,Weekday,0,STORE_001,Small,Urban,Masala,Non-Perishable,30,26,4,78.52,0.0,2041.44,Medium,33
27-02-2025,27,2,3,0,Weekday,0,STORE_001,Small,Urban,Sugar,Non-Perishable,62,41,21,47.08,0.0,1930.46,Medium,50
27-02-2025,27,2,3,0,Weekday,0,STORE_001,Small,Urban,Salt,Non-Perishable,38,26,12,16.05,0.0,417.28,Medium,33
27-02-2025,27,2,3,0,Weekday,0,STORE_001,Small,Urban,Bread,Perishable,6,4,2,44.24,0.0,176.96,Medium,9
27-02-2025,27,2,3,0,Weekday,0,STORE_001,Small,Urban,Eggs,Perishable,6,4,2,33.37,0.111,118.67,Medium,9
27-02-2025,27,2,3,0,Weekday,0,STORE_002,Medium,Semi-Urban,Milk,Perishable,19,12,7,33.47,0.144,343.73,Medium,18
27-02-2025,27,2,3,0,Weekday,0,STORE_002,Medium,Semi-Urban,Curd,Perishable,26,17,9,43.33,0.09,670.67,Medium,23
27-02-2025,27,2,3,0,Weekday,0,STORE_002,Medium,Semi-Urban,Paneer,Perishable,22,20,2,235.09,0.0,4701.74,High,27
27-02-2025,27,2,3,0,Weekday,0,STORE_002,Medium,Semi-Urban,Rice,Non-Perishable,81,70,11,64.87,0.0,4541.04,Medium,82
27-02-2025,27,2,3,0,Weekday,0,STORE_002,Medium,Semi-Urban,Toor Dal,Non-Perishable,60,31,29,113.18,0.0,3508.54,Medium,39
27-02-2025,27,2,3,0,Weekday,0,STORE_002,Medium,Semi-Urban,Wheat Flour,Non-Perishable,82,54,28,40.1,0.0,2165.66,Medium,64
27-02-2025,27,2,3,0,Weekday,0,STORE_002,Medium,Semi-Urban,Cooking Oil,Non-Perishable,71,39,32,183.74,0.0,7165.93,Medium,47
27-02-2025,27,2,3,0,Weekday,0,STORE_002,Medium,Semi-Urban,Biscuits,Non-Perishable,68,51,17,21.03,0.123,940.21,Medium,61
27-02-2025,27,2,3,0,Weekday,0,STORE_002,Medium,Semi-Urban,Snacks,Non-Perishable,68,42,26,47.72,0.122,1758.78,Medium,51
27-02-2025,27,2,3,0,Weekday,0,STORE_002,Medium,Semi-Urban,Masala,Non-Perishable,41,37,4,108.11,0.0,4000.25,High,45
27-02-2025,27,2,3,0,Weekday,0,STORE_002,Medium,Semi-Urban,Sugar,Non-Perishable,112,94,18,52.44,0.0,4929.09,Medium,108
27-02-2025,27,2,3,0,Weekday,0,STORE_002,Medium,Semi-Urban,Salt,Non-Perishable,123,92,31,19.02,0.0,1750.23,Medium,106
27-02-2025,27,2,3,0,Weekday,0,STORE_002,Medium,Semi-Urban,Bread,Perishable,30,25,5,35.37,0.0,884.22,Medium,32
27-02-2025,27,2,3,0,Weekday,0,STORE_002,Medium,Semi-Urban,Eggs,Perishable,17,7,10,47.52,0.0,332.66,Low,12
27-02-2025,27,2,3,0,Weekday,0,STORE_003,Supermarket,Rural,Milk,Perishable,37,31,6,34.44,0.0,1067.71,Medium,39
27-02-2025,27,2,3,0,Weekday,0,STORE_003,Supermarket,Rural,Curd,Perishable,38,33,5,54.22,0.0,1789.18,Medium,41
27-02-2025,27,2,3,0,Weekday,0,STORE_003,Supermarket,Rural,Paneer,Perishable,37,21,16,226.36,0.0,4753.5,Medium,28
27-02-2025,27,2,3,0,Weekday,0,STORE_003,Supermarket,Rural,Rice,Non-Perishable,65,63,2,76.96,0.0,4848.43,High,74
27-02-2025,27,2,3,0,Weekday,0,STORE_003,Supermarket,Rural,Toor Dal,Non-Perishable,198,139,59,135.44,0.117,16627.81,Medium,157
27-02-2025,27,2,3,0,Weekday,0,STORE_003,Supermarket,Rural,Wheat Flour,Non-Perishable,273,194,79,26.65,0.0,5169.21,Medium,218
27-02-2025,27,2,3,0,Weekday,0,STORE_003,Supermarket,Rural,Cooking Oil,Non-Perishable,257,254,3,171.98,0.0,43682.57,High,284
27-02-2025,27,2,3,0,Weekday,0,STORE_003,Supermarket,Rural,Biscuits,Non-Perishable,152,77,75,6.59,0.0,507.67,Medium,89
27-02-2025,27,2,3,0,Weekday,0,STORE_003,Supermarket,Rural,Snacks,Non-Perishable,192,166,26,60.9,0.0,10110.02,Medium,187
27-02-2025,27,2,3,0,Weekday,0,STORE_003,Supermarket,Rural,Masala,Non-Perishable,121,109,12,69.79,0.147,6488.41,High,124
27-02-2025,27,2,3,0,Weekday,0,STORE_003,Supermarket,Rural,Sugar,Non-Perishable,55,55,0,59.02,0.0,3245.93,High,65
27-02-2025,27,2,3,0,Weekday,0,STORE_003,Supermarket,Rural,Salt,Non-Perishable,124,72,52,15.42,0.0,1110.04,Medium,84
27-02-2025,27,2,3,0,Weekday,0,STORE_003,Supermarket,Rural,Bread,Perishable,12,8,4,32.56,0.102,233.89,Medium,13
27-02-2025,27,2,3,0,Weekday,0,STORE_003,Supermarket,Rural,Eggs,Perishable,57,37,20,44.48,0.0,1645.9,Medium,45
28-02-2025,28,2,4,0,Weekday,0,STORE_001,Small,Urban,Milk,Perishable,9,8,1,30.93,0.0,247.41,Medium,13
28-02-2025,28,2,4,0,Weekday,0,STORE_001,Small,Urban,Curd,Perishable,8,6,2,48.21,0.0,289.24,Medium,11
28-02-2025,28,2,4,0,Weekday,0,STORE_001,Small,Urban,Paneer,Perishable,7,4,3,203.91,0.0,815.63,Medium,9
28-02-2025,28,2,4,0,Weekday,0,STORE_001,Small,Urban,Rice,Non-Perishable,51,42,9,78.86,0.0,3312.06,Medium,51
28-02-2025,28,2,4,0,Weekday,0,STORE_001,Small,Urban,Toor Dal,Non-Perishable,33,26,7,115.95,0.0,3014.6,Medium,33
28-02-2025,28,2,4,0,Weekday,0,STORE_001,Small,Urban,Wheat Flour,Non-Perishable,62,54,8,38.42,0.0,2074.53,Medium,64
28-02-2025,28,2,4,0,Weekday,0,STORE_001,Small,Urban,Cooking Oil,Non-Perishable,62,40,22,136.22,0.0,5448.86,Medium,49
28-02-2025,28,2,4,0,Weekday,0,STORE_001,Small,Urban,Biscuits,Non-Perishable,30,27,3,27.04,0.0,730.03,High,34
28-02-2025,28,2,4,0,Weekday,0,STORE_001,Small,Urban,Snacks,Non-Perishable,24,14,10,22.28,0.0,311.91,Medium,20
28-02-2025,28,2,4,0,Weekday,0,STORE_001,Small,Urban,Masala,Non-Perishable,40,28,12,53.14,0.0,1487.98,Medium,35
28-02-2025,28,2,4,0,Weekday,0,STORE_001,Small,Urban,Sugar,Non-Perishable,46,32,14,55.37,0.0,1771.99,Medium,40
28-02-2025,28,2,4,0,Weekday,0,STORE_001,Small,Urban,Salt,Non-Perishable,21,17,4,24.9,0.0,423.33,Medium,23
28-02-2025,28,2,4,0,Weekday,0,STORE_001,Small,Urban,Bread,Perishable,5,5,0,38.48,0.0,192.4,High,10
28-02-2025,28,2,4,0,Weekday,0,STORE_001,Small,Urban,Eggs,Perishable,8,6,2,42.27,0.06,238.43,Medium,11
28-02-2025,28,2,4,0,Weekday,0,STORE_002,Medium,Semi-Urban,Milk,Perishable,25,17,8,28.32,0.0,481.47,Medium,23
28-02-2025,28,2,4,0,Weekday,0,STORE_002,Medium,Semi-Urban,Curd,Perishable,7,5,2,51.8,0.0,259.0,Medium,10
28-02-2025,28,2,4,0,Weekday,0,STORE_002,Medium,Semi-Urban,Paneer,Perishable,7,4,3,202.04,0.0,808.17,Medium,9
28-02-2025,28,2,4,0,Weekday,0,STORE_002,Medium,Semi-Urban,Rice,Non-Perishable,43,29,14,76.39,0.106,1980.29,Medium,36
28-02-2025,28,2,4,0,Weekday,0,STORE_002,Medium,Semi-Urban,Toor Dal,Non-Perishable,80,52,28,141.55,0.064,6886.17,Medium,62
28-02-2025,28,2,4,0,Weekday,0,STORE_002,Medium,Semi-Urban,Wheat Flour,Non-Perishable,102,73,29,31.03,0.144,1939.26,Medium,85
28-02-2025,28,2,4,0,Weekday,0,STORE_002,Medium,Semi-Urban,Cooking Oil,Non-Perishable,109,91,18,132.43,0.0,12051.1,Medium,105
28-02-2025,28,2,4,0,Weekday,0,STORE_002,Medium,Semi-Urban,Biscuits,Non-Perishable,55,48,7,8.73,0.0,418.85,Medium,57
28-02-2025,28,2,4,0,Weekday,0,STORE_002,Medium,Semi-Urban,Snacks,Non-Perishable,63,54,9,71.4,0.0,3855.7,Medium,64
28-02-2025,28,2,4,0,Weekday,0,STORE_002,Medium,Semi-Urban,Masala,Non-Perishable,70,57,13,113.74,0.0,6483.4,Medium,67
28-02-2025,28,2,4,0,Weekday,0,STORE_002,Medium,Semi-Urban,Sugar,Non-Perishable,73,49,24,42.96,0.0,2104.83,Medium,58
28-02-2025,28,2,4,0,Weekday,0,STORE_002,Medium,Semi-Urban,Salt,Non-Perishable,95,63,32,19.2,0.0,1209.41,Medium,74
28-02-2025,28,2,4,0,Weekday,0,STORE_002,Medium,Semi-Urban,Bread,Perishable,28,13,15,44.04,0.0,572.53,Low,19
28-02-2025,28,2,4,0,Weekday,0,STORE_002,Medium,Semi-Urban,Eggs,Perishable,14,10,4,43.9,0.0,438.99,Medium,16
28-02-2025,28,2,4,0,Weekday,0,STORE_003,Supermarket,Rural,Milk,Perishable,20,15,5,29.77,0.0,446.61,Medium,21
28-02-2025,28,2,4,0,Weekday,0,STORE_003,Supermarket,Rural,Curd,Perishable,37,29,8,47.28,0.0,1371.02,Medium,36
28-02-2025,28,2,4,0,Weekday,0,STORE_003,Supermarket,Rural,Paneer,Perishable,47,29,18,222.91,0.0,6464.36,Medium,36
28-02-2025,28,2,4,0,Weekday,0,STORE_003,Supermarket,Rural,Rice,Non-Perishable,184,132,52,80.04,0.0,10565.75,Medium,150
28-02-2025,28,2,4,0,Weekday,0,STORE_003,Supermarket,Rural,Toor Dal,Non-Perishable,96,66,30,103.16,0.0,6808.33,Medium,77
28-02-2025,28,2,4,0,Weekday,0,STORE_003,Supermarket,Rural,Wheat Flour,Non-Perishable,94,55,39,25.24,0.0,1388.39,Medium,65
28-02-2025,28,2,4,0,Weekday,0,STORE_003,Supermarket,Rural,Cooking Oil,Non-Perishable,221,120,101,171.82,0.0,20618.46,Medium,137
28-02-2025,28,2,4,0,Weekday,0,STORE_003,Supermarket,Rural,Biscuits,Non-Perishable,191,78,113,25.77,0.0,2010.36,Low,90
28-02-2025,28,2,4,0,Weekday,0,STORE_003,Supermarket,Rural,Snacks,Non-Perishable,143,143,0,51.47,0.124,6450.46,High,162
28-02-2025,28,2,4,0,Weekday,0,STORE_003,Supermarket,Rural,Masala,Non-Perishable,118,109,9,76.62,0.11,7430.16,High,124
28-02-2025,28,2,4,0,Weekday,0,STORE_003,Supermarket,Rural,Sugar,Non-Perishable,180,147,33,41.11,0.138,5207.0,Medium,166
28-02-2025,28,2,4,0,Weekday,0,STORE_003,Supermarket,Rural,Salt,Non-Perishable,276,274,2,24.67,0.0,6760.03,High,306
28-02-2025,28,2,4,0,Weekday,0,STORE_003,Supermarket,Rural,Bread,Perishable,18,14,4,58.88,0.0,824.37,Medium,20
28-02-2025,28,2,4,0,Weekday,0,STORE_003,Supermarket,Rural,Eggs,Perishable,21,16,5,37.88,0.0,606.12,Medium,22
01-03-2025,1,3,5,1,Weekend,0,STORE_001,Small,Urban,Milk,Perishable,7,4,3,32.11,0.0,128.46,Medium,9
01-03-2025,1,3,5,1,Weekend,0,STORE_001,Small,Urban,Curd,Perishable,5,4,1,42.86,0.0,171.45,Medium,9
01-03-2025,1,3,5,1,Weekend,0,STORE_001,Small,Urban,Paneer,Perishable,4,3,1,184.37,0.0,553.11,Medium,8
01-03-2025,1,3,5,1,Weekend,0,STORE_001,Small,Urban,Rice,Non-Perishable,34,32,2,69.98,0.131,1946.84,High,40
01-03-2025,1,3,5,1,Weekend,0,STORE_001,Small,Urban,Toor Dal,Non-Perishable,51,51,0,118.64,0.0,6050.58,High,61
01-03-2025,1,3,5,1,Weekend,0,STORE_001,Small,Urban,Wheat Flour,Non-Perishable,36,26,10,43.11,0.0,1120.78,Medium,33
01-03-2025,1,3,5,1,Weekend,0,STORE_001,Small,Urban,Cooking Oil,Non-Perishable,41,41,0,190.55,0.0,7812.6,High,50
01-03-2025,1,3,5,1,Weekend,0,STORE_001,Small,Urban,Biscuits,Non-Perishable,42,42,0,24.35,0.0,1022.66,High,51
01-03-2025,1,3,5,1,Weekend,0,STORE_001,Small,Urban,Snacks,Non-Perishable,30,30,0,79.37,0.063,2231.21,High,38
01-03-2025,1,3,5,1,Weekend,0,STORE_001,Small,Urban,Masala,Non-Perishable,53,50,3,72.44,0.0,3621.89,High,60
01-03-2025,1,3,5,1,Weekend,0,STORE_001,Small,Urban,Sugar,Non-Perishable,68,54,14,49.24,0.0,2658.94,Medium,64
01-03-2025,1,3,5,1,Weekend,0,STORE_001,Small,Urban,Salt,Non-Perishable,25,24,1,18.95,0.0,454.87,High,31
01-03-2025,1,3,5,1,Weekend,0,STORE_001,Small,Urban,Bread,Perishable,5,5,0,57.07,0.0,285.37,High,10
01-03-2025,1,3,5,1,Weekend,0,STORE_001,Small,Urban,Eggs,Perishable,8,8,0,34.42,0.0,275.37,High,13
01-03-2025,1,3,5,1,Weekend,0,STORE_002,Medium,Semi-Urban,Milk,Perishable,14,12,2,34.52,0.0,414.25,Medium,18
01-03-2025,1,3,5,1,Weekend,0,STORE_002,Medium,Semi-Urban,Curd,Perishable,12,6,6,48.75,0.0,292.52,Medium,11
01-03-2025,1,3,5,1,Weekend,0,STORE_002,Medium,Semi-Urban,Paneer,Perishable,26,26,0,249.59,0.109,5781.91,High,33
01-03-2025,1,3,5,1,Weekend,0,STORE_002,Medium,Semi-Urban,Rice,Non-Perishable,69,69,0,54.67,0.0,3772.4,High,80
01-03-2025,1,3,5,1,Weekend,0,STORE_002,Medium,Semi-Urban,Toor Dal,Non-Perishable,63,61,2,107.5,0.0,6557.41,High,72
01-03-2025,1,3,5,1,Weekend,0,STORE_002,Medium,Semi-Urban,Wheat Flour,Non-Perishable,48,38,10,38.85,0.0,1476.11,Medium,46
01-03-2025,1,3,5,1,Weekend,0,STORE_002,Medium,Semi-Urban,Cooking Oil,Non-Perishable,110,110,0,180.88,0.0,19896.86,High,126
01-03-2025,1,3,5,1,Weekend,0,STORE_002,Medium,Semi-Urban,Biscuits,Non-Perishable,86,79,7,8.94,0.0,706.24,High,91
01-03-2025,1,3,5,1,Weekend,0,STORE_002,Medium,Semi-Urban,Snacks,Non-Perishable,75,68,7,26.14,0.0,1777.85,High,79
01-03-2025,1,3,5,1,Weekend,0,STORE_002,Medium,Semi-Urban,Masala,Non-Perishable,91,91,0,114.47,0.0,10416.76,High,105
01-03-2025,1,3,5,1,Weekend,0,STORE_002,Medium,Semi-Urban,Sugar,Non-Perishable,59,55,4,49.89,0.0,2743.97,High,65
01-03-2025,1,3,5,1,Weekend,0,STORE_002,Medium,Semi-Urban,Salt,Non-Perishable,135,114,21,19.39,0.0,2210.57,Medium,130
01-03-2025,1,3,5,1,Weekend,0,STORE_002,Medium,Semi-Urban,Bread,Perishable,13,13,0,52.26,0.0,679.33,High,19
01-03-2025,1,3,5,1,Weekend,0,STORE_002,Medium,Semi-Urban,Eggs,Perishable,27,27,0,46.54,0.0,1256.68,High,34
01-03-2025,1,3,5,1,Weekend,0,STORE_003,Supermarket,Rural,Milk,Perishable,21,17,4,25.2,0.0,428.45,Medium,23
01-03-2025,1,3,5,1,Weekend,0,STORE_003,Supermarket,Rural,Curd,Perishable,41,41,0,59.13,0.0,2424.34,High,50
01-03-2025,1,3,5,1,Weekend,0,STORE_003,Supermarket,Rural,Paneer,Perishable,26,25,1,193.41,0.0,4835.29,High,32
01-03-2025,1,3,5,1,Weekend,0,STORE_003,Supermarket,Rural,Rice,Non-Perishable,290,260,30,74.45,0.0,19356.55,Medium,291
01-03-2025,1,3,5,1,Weekend,0,STORE_003,Supermarket,Rural,Toor Dal,Non-Perishable,285,285,0,110.82,0.0,31582.56,High,318
01-03-2025,1,3,5,1,Weekend,0,STORE_003,Supermarket,Rural,Wheat Flour,Non-Perishable,122,102,20,28.53,0.0,2909.91,Medium,117
01-03-2025,1,3,5,1,Weekend,0,STORE_003,Supermarket,Rural,Cooking Oil,Non-Perishable,179,172,7,157.42,0.0,27076.0,High,194
01-03-2025,1,3,5,1,Weekend,0,STORE_003,Supermarket,Rural,Biscuits,Non-Perishable,181,138,43,16.61,0.0,2291.96,Medium,156
01-03-2025,1,3,5,1,Weekend,0,STORE_003,Supermarket,Rural,Snacks,Non-Perishable,75,75,0,39.67,0.0,2975.5,High,87
01-03-2025,1,3,5,1,Weekend,0,STORE_003,Supermarket,Rural,Masala,Non-Perishable,225,225,0,117.36,0.0,26407.0,High,252
01-03-2025,1,3,5,1,Weekend,0,STORE_003,Supermarket,Rural,Sugar,Non-Perishable,256,256,0,45.03,0.0,11526.72,High,286
01-03-2025,1,3,5,1,Weekend,0,STORE_003,Supermarket,Rural,Salt,Non-Perishable,58,57,1,15.1,0.0,860.82,High,67
01-03-2025,1,3,5,1,Weekend,0,STORE_003,Supermarket,Rural,Bread,Perishable,39,37,2,48.49,0.0,1793.98,High,45
01-03-2025,1,3,5,1,Weekend,0,STORE_003,Supermarket,Rural,Eggs,Perishable,23,20,3,48.33,0.0,966.57,Medium,27
02-03-2025,2,3,6,1,Weekend,0,STORE_001,Small,Urban,Milk,Perishable,4,4,0,22.66,0.0,90.63,High,9
02-03-2025,2,3,6,1,Weekend,0,STORE_001,Small,Urban,Curd,Perishable,9,6,3,44.47,0.0,266.84,Medium,11
02-03-2025,2,3,6,1,Weekend,0,STORE_001,Small,Urban,Paneer,Perishable,7,5,2,241.89,0.0,1209.46,Medium,10
02-03-2025,2,3,6,1,Weekend,0,STORE_001,Small,Urban,Rice,Non-Perishable,53,41,12,73.79,0.0,3025.52,Medium,50
02-03-2025,2,3,6,1,Weekend,0,STORE_001,Small,Urban,Toor Dal,Non-Perishable,31,27,4,140.23,0.0,3786.14,Medium,34
02-03-2025,2,3,6,1,Weekend,0,STORE_001,Small,Urban,Wheat Flour,Non-Perishable,35,35,0,42.73,0.0,1495.38,High,43
02-03-2025,2,3,6,1,Weekend,0,STORE_001,Small,Urban,Cooking Oil,Non-Perishable,28,23,5,178.91,0.0,4114.96,Medium,30
02-03-2025,2,3,6,1,Weekend,0,STORE_001,Small,Urban,Biscuits,Non-Perishable,50,35,15,26.85,0.0,939.85,Medium,43
02-03-2025,2,3,6,1,Weekend,0,STORE_001,Small,Urban,Snacks,Non-Perishable,29,27,2,79.15,0.0,2137.02,High,34
02-03-2025,2,3,6,1,Weekend,0,STORE_001,Small,Urban,Masala,Non-Perishable,21,16,5,60.18,0.099,867.31,Medium,22
02-03-2025,2,3,6,1,Weekend,0,STORE_001,Small,Urban,Sugar,Non-Perishable,62,61,1,45.57,0.0,2779.85,High,72
02-03-2025,2,3,6,1,Weekend,0,STORE_001,Small,Urban,Salt,Non-Perishable,58,58,0,23.29,0.0,1350.72,High,68
02-03-2025,2,3,6,1,Weekend,0,STORE_001,Small,Urban,Bread,Perishable,8,8,0,57.18,0.09,416.41,High,13
02-03-2025,2,3,6,1,Weekend,0,STORE_001,Small,Urban,Eggs,Perishable,12,12,0,47.64,0.0,571.71,High,18
02-03-2025,2,3,6,1,Weekend,0,STORE_002,Medium,Semi-Urban,Milk,Perishable,13,13,0,34.68,0.064,422.05,High,19
02-03-2025,2,3,6,1,Weekend,0,STORE_002,Medium,Semi-Urban,Curd,Perishable,11,9,2,59.52,0.0,535.7,Medium,14
02-03-2025,2,3,6,1,Weekend,0,STORE_002,Medium,Semi-Urban,Paneer,Perishable,7,7,0,235.51,0.094,1494.01,High,12
02-03-2025,2,3,6,1,Weekend,0,STORE_002,Medium,Semi-Urban,Rice,Non-Perishable,70,70,0,85.53,0.0,5987.34,High,82
02-03-2025,2,3,6,1,Weekend,0,STORE_002,Medium,Semi-Urban,Toor Dal,Non-Perishable,82,77,5,141.84,0.0,10921.36,High,89
02-03-2025,2,3,6,1,Weekend,0,STORE_002,Medium,Semi-Urban,Wheat Flour,Non-Perishable,84,84,0,31.12,0.0,2614.25,High,97
02-03-2025,2,3,6,1,Weekend,0,STORE_002,Medium,Semi-Urban,Cooking Oil,Non-Perishable,71,71,0,129.1,0.0,9166.17,High,83
02-03-2025,2,3,6,1,Weekend,0,STORE_002,Medium,Semi-Urban,Biscuits,Non-Perishable,126,118,8,5.35,0.0,631.24,High,134
02-03-2025,2,3,6,1,Weekend,0,STORE_002,Medium,Semi-Urban,Snacks,Non-Perishable,96,65,31,79.99,0.0,5199.5,Medium,76
02-03-2025,2,3,6,1,Weekend,0,STORE_002,Medium,Semi-Urban,Masala,Non-Perishable,56,56,0,79.59,0.0,4457.3,High,66
02-03-2025,2,3,6,1,Weekend,0,STORE_002,Medium,Semi-Urban,Sugar,Non-Perishable,97,82,15,40.57,0.0,3326.98,Medium,95
02-03-2025,2,3,6,1,Weekend,0,STORE_002,Medium,Semi-Urban,Salt,Non-Perishable,125,122,3,17.19,0.0,2097.02,High,139
02-03-2025,2,3,6,1,Weekend,0,STORE_002,Medium,Semi-Urban,Bread,Perishable,21,14,7,42.32,0.0,592.45,Medium,20
02-03-2025,2,3,6,1,Weekend,0,STORE_002,Medium,Semi-Urban,Eggs,Perishable,14,13,1,41.62,0.0,541.06,High,19
02-03-2025,2,3,6,1,Weekend,0,STORE_003,Supermarket,Rural,Milk,Perishable,34,34,0,27.58,0.0,937.75,High,42
02-03-2025,2,3,6,1,Weekend,0,STORE_003,Supermarket,Rural,Curd,Perishable,17,13,4,52.99,0.0,688.91,Medium,19
02-03-2025,2,3,6,1,Weekend,0,STORE_003,Supermarket,Rural,Paneer,Perishable,40,28,12,215.1,0.0,6022.93,Medium,35
02-03-2025,2,3,6,1,Weekend,0,STORE_003,Supermarket,Rural,Rice,Non-Perishable,77,77,0,75.76,0.0,5833.59,High,89
02-03-2025,2,3,6,1,Weekend,0,STORE_003,Supermarket,Rural,Toor Dal,Non-Perishable,155,147,8,133.07,0.0,19560.84,High,166
02-03-2025,2,3,6,1,Weekend,0,STORE_003,Supermarket,Rural,Wheat Flour,Non-Perishable,189,130,59,32.79,0.14,3666.87,Medium,148
02-03-2025,2,3,6,1,Weekend,0,STORE_003,Supermarket,Rural,Cooking Oil,Non-Perishable,75,51,24,184.23,0.0,9395.69,Medium,61
02-03-2025,2,3,6,1,Weekend,0,STORE_003,Supermarket,Rural,Biscuits,Non-Perishable,134,122,12,16.12,0.0,1966.65,High,139
02-03-2025,2,3,6,1,Weekend,0,STORE_003,Supermarket,Rural,Snacks,Non-Perishable,62,62,0,24.65,0.079,1407.58,High,73
02-03-2025,2,3,6,1,Weekend,0,STORE_003,Supermarket,Rural,Masala,Non-Perishable,209,158,51,48.34,0.0,7638.07,Medium,178
02-03-2025,2,3,6,1,Weekend,0,STORE_003,Supermarket,Rural,Sugar,Non-Perishable,203,199,4,42.59,0.143,7262.42,High,223
02-03-2025,2,3,6,1,Weekend,0,STORE_003,Supermarket,Rural,Salt,Non-Perishable,205,132,73,19.01,0.0,2508.86,Medium,150
02-03-2025,2,3,6,1,Weekend,0,STORE_003,Supermarket,Rural,Bread,Perishable,12,12,0,45.31,0.0,543.74,High,18
02-03-2025,2,3,6,1,Weekend,0,STORE_003,Supermarket,Rural,Eggs,Perishable,60,59,1,36.35,0.05,2036.54,High,69
03-03-2025,3,3,0,0,Weekday,0,STORE_001,Small,Urban,Milk,Perishable,3,2,1,33.68,0.0,67.36,Medium,7
03-03-2025,3,3,0,0,Weekday,0,STORE_001,Small,Urban,Curd,Perishable,6,5,1,48.21,0.067,224.98,Medium,10
03-03-2025,3,3,0,0,Weekday,0,STORE_001,Small,Urban,Paneer,Perishable,10,5,5,187.55,0.135,810.89,Medium,10
03-03-2025,3,3,0,0,Weekday,0,STORE_001,Small,Urban,Rice,Non-Perishable,33,27,6,86.95,0.0,2347.75,Medium,34
03-03-2025,3,3,0,0,Weekday,0,STORE_001,Small,Urban,Toor Dal,Non-Perishable,50,33,17,128.86,0.0,4252.27,Medium,41
03-03-2025,3,3,0,0,Weekday,0,STORE_001,Small,Urban,Wheat Flour,Non-Perishable,40,26,14,43.48,0.0,1130.46,Medium,33
03-03-2025,3,3,0,0,Weekday,0,STORE_001,Small,Urban,Cooking Oil,Non-Perishable,38,23,15,198.52,0.0,4566.06,Medium,30
03-03-2025,3,3,0,0,Weekday,0,STORE_001,Small,Urban,Biscuits,Non-Perishable,25,19,6,14.0,0.0,265.96,Medium,25
03-03-2025,3,3,0,0,Weekday,0,STORE_001,Small,Urban,Snacks,Non-Perishable,57,54,3,34.81,0.0,1879.67,High,64
03-03-2025,3,3,0,0,Weekday,0,STORE_001,Small,Urban,Masala,Non-Perishable,34,19,15,118.66,0.0,2254.59,Medium,25
03-03-2025,3,3,0,0,Weekday,0,STORE_001,Small,Urban,Sugar,Non-Perishable,73,70,3,45.51,0.141,2736.13,High,82
03-03-2025,3,3,0,0,Weekday,0,STORE_001,Small,Urban,Salt,Non-Perishable,42,27,15,20.59,0.069,517.61,Medium,34
03-03-2025,3,3,0,0,Weekday,0,STORE_001,Small,Urban,Bread,Perishable,8,6,2,33.31,0.0,199.84,Medium,11
03-03-2025,3,3,0,0,Weekday,0,STORE_001,Small,Urban,Eggs,Perishable,8,6,2,32.58,0.0,195.49,Medium,11
03-03-2025,3,3,0,0,Weekday,0,STORE_002,Medium,Semi-Urban,Milk,Perishable,12,9,3,22.28,0.0,200.53,Medium,14
03-03-2025,3,3,0,0,Weekday,0,STORE_002,Medium,Semi-Urban,Curd,Perishable,9,7,2,44.73,0.0,313.1,Medium,12
03-03-2025,3,3,0,0,Weekday,0,STORE_002,Medium,Semi-Urban,Paneer,Perishable,32,28,4,238.03,0.0,6664.76,Medium,35
03-03-2025,3,3,0,0,Weekday,0,STORE_002,Medium,Semi-Urban,Rice,Non-Perishable,66,56,10,82.49,0.0,4619.71,Medium,66
03-03-2025,3,3,0,0,Weekday,0,STORE_002,Medium,Semi-Urban,Toor Dal,Non-Perishable,51,42,9,134.18,0.0,5635.71,Medium,51
03-03-2025,3,3,0,0,Weekday,0,STORE_002,Medium,Semi-Urban,Wheat Flour,Non-Perishable,76,56,20,25.44,0.0,1424.89,Medium,66
03-03-2025,3,3,0,0,Weekday,0,STORE_002,Medium,Semi-Urban,Cooking Oil,Non-Perishable,77,62,15,122.83,0.0,7615.68,Medium,73
03-03-2025,3,3,0,0,Weekday,0,STORE_002,Medium,Semi-Urban,Biscuits,Non-Perishable,71,47,24,26.79,0.0,1259.13,Medium,56
03-03-2025,3,3,0,0,Weekday,0,STORE_002,Medium,Semi-Urban,Snacks,Non-Perishable,57,33,24,30.5,0.0,1006.39,Medium,41
03-03-2025,3,3,0,0,Weekday,0,STORE_002,Medium,Semi-Urban,Masala,Non-Perishable,64,60,4,98.12,0.0,5887.06,High,71
03-03-2025,3,3,0,0,Weekday,0,STORE_002,Medium,Semi-Urban,Sugar,Non-Perishable,159,153,6,50.74,0.0,7763.45,High,173
03-03-2025,3,3,0,0,Weekday,0,STORE_002,Medium,Semi-Urban,Salt,Non-Perishable,98,57,41,24.53,0.0,1398.37,Medium,67
03-03-2025,3,3,0,0,Weekday,0,STORE_002,Medium,Semi-Urban,Bread,Perishable,9,8,1,55.73,0.065,416.81,Medium,13
03-03-2025,3,3,0,0,Weekday,0,STORE_002,Medium,Semi-Urban,Eggs,Perishable,11,11,0,32.91,0.0,362.01,High,17
03-03-2025,3,3,0,0,Weekday,0,STORE_003,Supermarket,Rural,Milk,Perishable,24,24,0,34.89,0.073,775.82,High,31
03-03-2025,3,3,0,0,Weekday,0,STORE_003,Supermarket,Rural,Curd,Perishable,38,37,1,40.9,0.0,1513.38,High,45
03-03-2025,3,3,0,0,Weekday,0,STORE_003,Supermarket,Rural,Paneer,Perishable,48,46,2,224.45,0.0,10324.86,High,55
03-03-2025,3,3,0,0,Weekday,0,STORE_003,Supermarket,Rural,Rice,Non-Perishable,167,94,73,82.1,0.0,7717.5,Medium,108
03-03-2025,3,3,0,0,Weekday,0,STORE_003,Supermarket,Rural,Toor Dal,Non-Perishable,188,181,7,138.12,0.0,24999.9,High,204
03-03-2025,3,3,0,0,Weekday,0,STORE_003,Supermarket,Rural,Wheat Flour,Non-Perishable,222,153,69,31.26,0.0,4782.75,Medium,173
03-03-2025,3,3,0,0,Weekday,0,STORE_003,Supermarket,Rural,Cooking Oil,Non-Perishable,100,97,3,150.52,0.0,14600.74,High,111
03-03-2025,3,3,0,0,Weekday,0,STORE_003,Supermarket,Rural,Biscuits,Non-Perishable,91,54,37,16.91,0.0,913.39,Medium,64
03-03-2025,3,3,0,0,Weekday,0,STORE_003,Supermarket,Rural,Snacks,Non-Perishable,207,176,31,25.29,0.0,4450.26,Medium,198
03-03-2025,3,3,0,0,Weekday,0,STORE_003,Supermarket,Rural,Masala,Non-Perishable,159,159,0,80.79,0.0,12845.64,High,179
03-03-2025,3,3,0,0,Weekday,0,STORE_003,Supermarket,Rural,Sugar,Non-Perishable,110,99,11,43.82,0.0,4338.27,High,113
03-03-2025,3,3,0,0,Weekday,0,STORE_003,Supermarket,Rural,Salt,Non-Perishable,163,156,7,15.31,0.058,2249.87,High,176
03-03-2025,3,3,0,0,Weekday,0,STORE_003,Supermarket,Rural,Bread,Perishable,42,31,11,32.64,0.135,875.15,Medium,39
03-03-2025,3,3,0,0,Weekday,0,STORE_003,Supermarket,Rural,Eggs,Perishable,12,12,0,49.16,0.127,514.8,High,18
04-03-2025,4,3,1,0,Weekday,0,STORE_001,Small,Urban,Milk,Perishable,6,4,2,28.95,0.0,115.81,Medium,9
04-03-2025,4,3,1,0,Weekday,0,STORE_001,Small,Urban,Curd,Perishable,11,10,1,40.25,0.0,402.55,High,16
04-03-2025,4,3,1,0,Weekday,0,STORE_001,Small,Urban,Paneer,Perishable,6,2,4,211.46,0.0,422.92,Low,7
04-03-2025,4,3,1,0,Weekday,0,STORE_001,Small,Urban,Rice,Non-Perishable,46,33,13,73.82,0.0,2436.13,Medium,41
04-03-2025,4,3,1,0,Weekday,0,STORE_001,Small,Urban,Toor Dal,Non-Perishable,24,21,3,135.65,0.0,2848.55,Medium,28
04-03-2025,4,3,1,0,Weekday,0,STORE_001,Small,Urban,Wheat Flour,Non-Perishable,24,11,13,31.84,0.0,350.27,Low,17
04-03-2025,4,3,1,0,Weekday,0,STORE_001,Small,Urban,Cooking Oil,Non-Perishable,61,55,6,192.33,0.0,10578.07,High,65
04-03-2025,4,3,1,0,Weekday,0,STORE_001,Small,Urban,Biscuits,Non-Perishable,26,23,3,8.12,0.0,186.79,Medium,30
04-03-2025,4,3,1,0,Weekday,0,STORE_001,Small,Urban,Snacks,Non-Perishable,37,26,11,25.15,0.0,653.83,Medium,33
04-03-2025,4,3,1,0,Weekday,0,STORE_001,Small,Urban,Masala,Non-Perishable,56,41,15,42.17,0.0,1729.09,Medium,50
04-03-2025,4,3,1,0,Weekday,0,STORE_001,Small,Urban,Sugar,Non-Perishable,33,20,13,48.61,0.0,972.3,Medium,27
04-03-2025,4,3,1,0,Weekday,0,STORE_001,Small,Urban,Salt,Non-Perishable,38,24,14,21.23,0.0,509.58,Medium,31
04-03-2025,4,3,1,0,Weekday,0,STORE_001,Small,Urban,Bread,Perishable,11,7,4,53.19,0.0,372.32,Medium,12
04-03-2025,4,3,1,0,Weekday,0,STORE_001,Small,Urban,Eggs,Perishable,4,3,1,37.98,0.0,113.95,Medium,8
04-03-2025,4,3,1,0,Weekday,0,STORE_002,Medium,Semi-Urban,Milk,Perishable,7,5,2,22.97,0.0,114.85,Medium,10
04-03-2025,4,3,1,0,Weekday,0,STORE_002,Medium,Semi-Urban,Curd,Perishable,16,8,8,42.47,0.0,339.79,Medium,13
04-03-2025,4,3,1,0,Weekday,0,STORE_002,Medium,Semi-Urban,Paneer,Perishable,11,7,4,248.71,0.0,1740.95,Medium,12
04-03-2025,4,3,1,0,Weekday,0,STORE_002,Medium,Semi-Urban,Rice,Non-Perishable,73,43,30,86.58,0.0,3723.04,Medium,52
04-03-2025,4,3,1,0,Weekday,0,STORE_002,Medium,Semi-Urban,Toor Dal,Non-Perishable,146,146,0,100.05,0.0,14607.29,High,165
04-03-2025,4,3,1,0,Weekday,0,STORE_002,Medium,Semi-Urban,Wheat Flour,Non-Perishable,100,92,8,30.39,0.0,2795.48,High,106
04-03-2025,4,3,1,0,Weekday,0,STORE_002,Medium,Semi-Urban,Cooking Oil,Non-Perishable,83,59,24,174.83,0.0,10314.8,Medium,69
04-03-2025,4,3,1,0,Weekday,0,STORE_002,Medium,Semi-Urban,Biscuits,Non-Perishable,103,78,25,12.29,0.0,958.36,Medium,90
04-03-2025,4,3,1,0,Weekday,0,STORE_002,Medium,Semi-Urban,Snacks,Non-Perishable,86,55,31,50.74,0.0,2790.64,Medium,65
04-03-2025,4,3,1,0,Weekday,0,STORE_002,Medium,Semi-Urban,Masala,Non-Perishable,95,88,7,85.74,0.069,7021.95,High,101
04-03-2025,4,3,1,0,Weekday,0,STORE_002,Medium,Semi-Urban,Sugar,Non-Perishable,100,75,25,51.94,0.138,3357.94,Medium,87
04-03-2025,4,3,1,0,Weekday,0,STORE_002,Medium,Semi-Urban,Salt,Non-Perishable,63,38,25,15.69,0.0,596.33,Medium,46
04-03-2025,4,3,1,0,Weekday,0,STORE_002,Medium,Semi-Urban,Bread,Perishable,11,8,3,56.76,0.0,454.07,Medium,13
04-03-2025,4,3,1,0,Weekday,0,STORE_002,Medium,Semi-Urban,Eggs,Perishable,19,11,8,49.56,0.0,545.15,Medium,17
04-03-2025,4,3,1,0,Weekday,0,STORE_003,Supermarket,Rural,Milk,Perishable,35,27,8,24.94,0.0,673.28,Medium,34
04-03-2025,4,3,1,0,Weekday,0,STORE_003,Supermarket,Rural,Curd,Perishable,42,32,10,54.71,0.0,1750.64,Medium,40
04-03-2025,4,3,1,0,Weekday,0,STORE_003,Supermarket,Rural,Paneer,Perishable,41,32,9,184.96,0.0,5918.78,Medium,40
04-03-2025,4,3,1,0,Weekday,0,STORE_003,Supermarket,Rural,Rice,Non-Perishable,86,69,17,77.74,0.0,5363.78,Medium,80
04-03-2025,4,3,1,0,Weekday,0,STORE_003,Supermarket,Rural,Toor Dal,Non-Perishable,71,68,3,129.91,0.058,8323.11,High,79
04-03-2025,4,3,1,0,Weekday,0,STORE_003,Supermarket,Rural,Wheat Flour,Non-Perishable,233,147,86,37.12,0.0,5456.21,Medium,166
04-03-2025,4,3,1,0,Weekday,0,STORE_003,Supermarket,Rural,Cooking Oil,Non-Perishable,114,98,16,134.89,0.0,13219.03,Medium,112
04-03-2025,4,3,1,0,Weekday,0,STORE_003,Supermarket,Rural,Biscuits,Non-Perishable,141,108,33,15.39,0.141,1427.57,Medium,123
04-03-2025,4,3,1,0,Weekday,0,STORE_003,Supermarket,Rural,Snacks,Non-Perishable,213,157,56,33.63,0.0,5280.42,Medium,177
04-03-2025,4,3,1,0,Weekday,0,STORE_003,Supermarket,Rural,Masala,Non-Perishable,124,112,12,116.12,0.133,11271.49,High,128
04-03-2025,4,3,1,0,Weekday,0,STORE_003,Supermarket,Rural,Sugar,Non-Perishable,176,154,22,50.7,0.0,7807.43,Medium,174
04-03-2025,4,3,1,0,Weekday,0,STORE_003,Supermarket,Rural,Salt,Non-Perishable,141,97,44,24.73,0.05,2277.99,Medium,111
04-03-2025,4,3,1,0,Weekday,0,STORE_003,Supermarket,Rural,Bread,Perishable,39,31,8,55.56,0.0,1722.5,Medium,39
04-03-2025,4,3,1,0,Weekday,0,STORE_003,Supermarket,Rural,Eggs,Perishable,15,13,2,38.57,0.0,501.35,Medium,19
05-03-2025,5,3,2,0,Weekday,0,STORE_001,Small,Urban,Milk,Perishable,6,5,1,34.0,0.1,152.96,Medium,10
05-03-2025,5,3,2,0,Weekday,0,STORE_001,Small,Urban,Curd,Perishable,8,6,2,41.27,0.054,234.2,Medium,11
05-03-2025,5,3,2,0,Weekday,0,STORE_001,Small,Urban,Paneer,Perishable,6,5,1,222.04,0.0,1110.2,Medium,10
05-03-2025,5,3,2,0,Weekday,0,STORE_001,Small,Urban,Rice,Non-Perishable,28,19,9,67.07,0.0,1274.4,Medium,25
05-03-2025,5,3,2,0,Weekday,0,STORE_001,Small,Urban,Toor Dal,Non-Perishable,18,15,3,100.17,0.0,1502.54,Medium,21
05-03-2025,5,3,2,0,Weekday,0,STORE_001,Small,Urban,Wheat Flour,Non-Perishable,32,27,5,29.15,0.0,787.14,Medium,34
05-03-2025,5,3,2,0,Weekday,0,STORE_001,Small,Urban,Cooking Oil,Non-Perishable,47,30,17,124.25,0.0,3727.37,Medium,38
05-03-2025,5,3,2,0,Weekday,0,STORE_001,Small,Urban,Biscuits,Non-Perishable,42,30,12,15.93,0.0,477.77,Medium,38
05-03-2025,5,3,2,0,Weekday,0,STORE_001,Small,Urban,Snacks,Non-Perishable,49,49,0,42.42,0.0,2078.67,High,58
05-03-2025,5,3,2,0,Weekday,0,STORE_001,Small,Urban,Masala,Non-Perishable,60,39,21,96.73,0.0,3772.51,Medium,47
05-03-2025,5,3,2,0,Weekday,0,STORE_001,Small,Urban,Sugar,Non-Perishable,46,29,17,48.35,0.0,1402.21,Medium,36
05-03-2025,5,3,2,0,Weekday,0,STORE_001,Small,Urban,Salt,Non-Perishable,29,18,11,24.75,0.0,445.52,Medium,24
05-03-2025,5,3,2,0,Weekday,0,STORE_001,Small,Urban,Bread,Perishable,5,4,1,40.96,0.0,163.84,Medium,9
05-03-2025,5,3,2,0,Weekday,0,STORE_001,Small,Urban,Eggs,Perishable,6,5,1,40.41,0.0,202.04,Medium,10
05-03-2025,5,3,2,0,Weekday,0,STORE_002,Medium,Semi-Urban,Milk,Perishable,15,8,7,22.23,0.0,177.83,Medium,13
05-03-2025,5,3,2,0,Weekday,0,STORE_002,Medium,Semi-Urban,Curd,Perishable,8,7,1,52.23,0.101,328.64,Medium,12
05-03-2025,5,3,2,0,Weekday,0,STORE_002,Medium,Semi-Urban,Paneer,Perishable,12,10,2,240.36,0.0,2403.6,Medium,16
05-03-2025,5,3,2,0,Weekday,0,STORE_002,Medium,Semi-Urban,Rice,Non-Perishable,62,39,23,59.91,0.0,2336.33,Medium,47
05-03-2025,5,3,2,0,Weekday,0,STORE_002,Medium,Semi-Urban,Toor Dal,Non-Perishable,75,64,11,144.86,0.0,9270.92,Medium,75
05-03-2025,5,3,2,0,Weekday,0,STORE_002,Medium,Semi-Urban,Wheat Flour,Non-Perishable,76,37,39,32.18,0.0,1190.53,Low,45
05-03-2025,5,3,2,0,Weekday,0,STORE_002,Medium,Semi-Urban,Cooking Oil,Non-Perishable,128,128,0,140.9,0.0,18035.04,High,145
05-03-2025,5,3,2,0,Weekday,0,STORE_002,Medium,Semi-Urban,Biscuits,Non-Perishable,53,34,19,18.59,0.0,632.22,Medium,42
05-03-2025,5,3,2,0,Weekday,0,STORE_002,Medium,Semi-Urban,Snacks,Non-Perishable,127,101,26,79.44,0.0,8023.79,Medium,116
05-03-2025,5,3,2,0,Weekday,0,STORE_002,Medium,Semi-Urban,Masala,Non-Perishable,63,43,20,52.61,0.051,2146.91,Medium,52
05-03-2025,5,3,2,0,Weekday,0,STORE_002,Medium,Semi-Urban,Sugar,Non-Perishable,133,101,32,55.92,0.134,4889.74,Medium,116
05-03-2025,5,3,2,0,Weekday,0,STORE_002,Medium,Semi-Urban,Salt,Non-Perishable,118,111,7,17.09,0.0,1897.07,High,127
05-03-2025,5,3,2,0,Weekday,0,STORE_002,Medium,Semi-Urban,Bread,Perishable,11,7,4,51.15,0.086,327.41,Medium,12
05-03-2025,5,3,2,0,Weekday,0,STORE_002,Medium,Semi-Urban,Eggs,Perishable,13,9,4,37.33,0.0,335.95,Medium,14
05-03-2025,5,3,2,0,Weekday,0,STORE_003,Supermarket,Rural,Milk,Perishable,38,36,2,28.89,0.0,1039.91,High,44
05-03-2025,5,3,2,0,Weekday,0,STORE_003,Supermarket,Rural,Curd,Perishable,10,9,1,40.3,0.0,362.74,High,14
05-03-2025,5,3,2,0,Weekday,0,STORE_003,Supermarket,Rural,Paneer,Perishable,10,4,6,202.15,0.0,808.61,Low,9
05-03-2025,5,3,2,0,Weekday,0,STORE_003,Supermarket,Rural,Rice,Non-Perishable,225,168,57,67.28,0.0,11303.07,Medium,189
05-03-2025,5,3,2,0,Weekday,0,STORE_003,Supermarket,Rural,Toor Dal,Non-Perishable,102,93,9,118.14,0.134,9512.17,High,107
05-03-2025,5,3,2,0,Weekday,0,STORE_003,Supermarket,Rural,Wheat Flour,Non-Perishable,187,125,62,31.78,0.0,3972.43,Medium,142
05-03-2025,5,3,2,0,Weekday,0,STORE_003,Supermarket,Rural,Cooking Oil,Non-Perishable,134,93,41,192.71,0.0,17921.67,Medium,107
05-03-2025,5,3,2,0,Weekday,0,STORE_003,Supermarket,Rural,Biscuits,Non-Perishable,220,168,52,24.94,0.0,4189.16,Medium,189
05-03-2025,5,3,2,0,Weekday,0,STORE_003,Supermarket,Rural,Snacks,Non-Perishable,90,69,21,46.15,0.0,3184.38,Medium,80
05-03-2025,5,3,2,0,Weekday,0,STORE_003,Supermarket,Rural,Masala,Non-Perishable,177,110,67,81.75,0.0,8992.98,Medium,126
05-03-2025,5,3,2,0,Weekday,0,STORE_003,Supermarket,Rural,Sugar,Non-Perishable,226,170,56,50.44,0.0,8575.08,Medium,192
05-03-2025,5,3,2,0,Weekday,0,STORE_003,Supermarket,Rural,Salt,Non-Perishable,190,139,51,22.38,0.0,3111.12,Medium,157
05-03-2025,5,3,2,0,Weekday,0,STORE_003,Supermarket,Rural,Bread,Perishable,11,8,3,52.9,0.0,423.19,Medium,13
05-03-2025,5,3,2,0,Weekday,0,STORE_003,Supermarket,Rural,Eggs,Perishable,31,21,10,47.8,0.0,1003.78,Medium,28
06-03-2025,6,3,3,0,Weekday,0,STORE_001,Small,Urban,Milk,Perishable,10,7,3,25.08,0.0,175.53,Medium,12
06-03-2025,6,3,3,0,Weekday,0,STORE_001,Small,Urban,Curd,Perishable,3,2,1,58.02,0.0,116.04,Medium,7
06-03-2025,6,3,3,0,Weekday,0,STORE_001,Small,Urban,Paneer,Perishable,9,9,0,204.26,0.0,1838.38,High,14
06-03-2025,6,3,3,0,Weekday,0,STORE_001,Small,Urban,Rice,Non-Perishable,26,13,13,78.38,0.0,1018.98,Medium,19
06-03-2025,6,3,3,0,Weekday,0,STORE_001,Small,Urban,Toor Dal,Non-Perishable,37,21,16,137.09,0.0,2878.9,Medium,28
06-03-2025,6,3,3,0,Weekday,0,STORE_001,Small,Urban,Wheat Flour,Non-Perishable,39,26,13,31.53,0.0,819.78,Medium,33
06-03-2025,6,3,3,0,Weekday,0,STORE_001,Small,Urban,Cooking Oil,Non-Perishable,30,23,7,177.94,0.0,4092.58,Medium,30
06-03-2025,6,3,3,0,Weekday,0,STORE_001,Small,Urban,Biscuits,Non-Perishable,57,34,23,27.37,0.07,865.18,Medium,42
06-03-2025,6,3,3,0,Weekday,0,STORE_001,Small,Urban,Snacks,Non-Perishable,41,32,9,74.61,0.127,2085.41,Medium,40
06-03-2025,6,3,3,0,Weekday,0,STORE_001,Small,Urban,Masala,Non-Perishable,45,40,5,58.34,0.141,2003.77,Medium,49
06-03-2025,6,3,3,0,Weekday,0,STORE_001,Small,Urban,Sugar,Non-Perishable,43,38,5,48.54,0.0,1844.4,Medium,46
06-03-2025,6,3,3,0,Weekday,0,STORE_001,Small,Urban,Salt,Non-Perishable,58,42,16,16.53,0.0,694.26,Medium,51
06-03-2025,6,3,3,0,Weekday,0,STORE_001,Small,Urban,Bread,Perishable,5,5,0,42.39,0.0,211.93,High,10
06-03-2025,6,3,3,0,Weekday,0,STORE_001,Small,Urban,Eggs,Perishable,4,3,1,40.5,0.0,121.49,Medium,8
06-03-2025,6,3,3,0,Weekday,0,STORE_002,Medium,Semi-Urban,Milk,Perishable,15,13,2,27.32,0.0,355.22,Medium,19
06-03-2025,6,3,3,0,Weekday,0,STORE_002,Medium,Semi-Urban,Curd,Perishable,7,4,3,43.86,0.0,175.43,Medium,9
06-03-2025,6,3,3,0,Weekday,0,STORE_002,Medium,Semi-Urban,Paneer,Perishable,21,19,2,238.0,0.0,4521.97,High,25
06-03-2025,6,3,3,0,Weekday,0,STORE_002,Medium,Semi-Urban,Rice,Non-Perishable,79,58,21,78.07,0.0,4528.35,Medium,68
06-03-2025,6,3,3,0,Weekday,0,STORE_002,Medium,Semi-Urban,Toor Dal,Non-Perishable,92,55,37,147.66,0.0,8121.34,Medium,65
06-03-2025,6,3,3,0,Weekday,0,STORE_002,Medium,Semi-Urban,Wheat Flour,Non-Perishable,83,47,36,26.41,0.0,1241.42,Medium,56
06-03-2025,6,3,3,0,Weekday,0,STORE_002,Medium,Semi-Urban,Cooking Oil,Non-Perishable,69,55,14,125.98,0.0,6929.07,Medium,65
06-03-2025,6,3,3,0,Weekday,0,STORE_002,Medium,Semi-Urban,Biscuits,Non-Perishable,106,99,7,9.35,0.0,925.27,High,113
06-03-2025,6,3,3,0,Weekday,0,STORE_002,Medium,Semi-Urban,Snacks,Non-Perishable,77,51,26,23.35,0.0,1191.02,Medium,61
06-03-2025,6,3,3,0,Weekday,0,STORE_002,Medium,Semi-Urban,Masala,Non-Perishable,72,72,0,89.09,0.0,6414.32,High,84
06-03-2025,6,3,3,0,Weekday,0,STORE_002,Medium,Semi-Urban,Sugar,Non-Perishable,102,100,2,45.45,0.0,4544.51,High,115
06-03-2025,6,3,3,0,Weekday,0,STORE_002,Medium,Semi-Urban,Salt,Non-Perishable,55,54,1,15.72,0.065,793.75,High,64
06-03-2025,6,3,3,0,Weekday,0,STORE_002,Medium,Semi-Urban,Bread,Perishable,8,8,0,44.91,0.0,359.3,High,13
06-03-2025,6,3,3,0,Weekday,0,STORE_002,Medium,Semi-Urban,Eggs,Perishable,20,14,6,31.03,0.0,434.38,Medium,20
06-03-2025,6,3,3,0,Weekday,0,STORE_003,Supermarket,Rural,Milk,Perishable,14,13,1,32.36,0.0,420.71,High,19
06-03-2025,6,3,3,0,Weekday,0,STORE_003,Supermarket,Rural,Curd,Perishable,42,31,11,57.35,0.0,1777.98,Medium,39
06-03-2025,6,3,3,0,Weekday,0,STORE_003,Supermarket,Rural,Paneer,Perishable,33,25,8,196.85,0.0,4921.25,Medium,32
06-03-2025,6,3,3,0,Weekday,0,STORE_003,Supermarket,Rural,Rice,Non-Perishable,137,120,17,81.39,0.0,9767.37,Medium,137
06-03-2025,6,3,3,0,Weekday,0,STORE_003,Supermarket,Rural,Toor Dal,Non-Perishable,259,214,45,111.4,0.104,21371.68,Medium,240
06-03-2025,6,3,3,0,Weekday,0,STORE_003,Supermarket,Rural,Wheat Flour,Non-Perishable,57,47,10,40.38,0.0,1897.84,Medium,56
06-03-2025,6,3,3,0,Weekday,0,STORE_003,Supermarket,Rural,Cooking Oil,Non-Perishable,205,157,48,183.43,0.0,28798.38,Medium,177
06-03-2025,6,3,3,0,Weekday,0,STORE_003,Supermarket,Rural,Biscuits,Non-Perishable,162,109,53,10.84,0.0,1181.32,Medium,124
06-03-2025,6,3,3,0,Weekday,0,STORE_003,Supermarket,Rural,Snacks,Non-Perishable,161,161,0,56.93,0.145,7838.25,High,182
06-03-2025,6,3,3,0,Weekday,0,STORE_003,Supermarket,Rural,Masala,Non-Perishable,62,46,16,81.78,0.0,3761.92,Medium,55
06-03-2025,6,3,3,0,Weekday,0,STORE_003,Supermarket,Rural,Sugar,Non-Perishable,218,129,89,48.09,0.0,6204.19,Medium,146
06-03-2025,6,3,3,0,Weekday,0,STORE_003,Supermarket,Rural,Salt,Non-Perishable,137,96,41,17.64,0.0,1693.77,Medium,110
06-03-2025,6,3,3,0,Weekday,0,STORE_003,Supermarket,Rural,Bread,Perishable,30,24,6,36.57,0.0,877.78,Medium,31
06-03-2025,6,3,3,0,Weekday,0,STORE_003,Supermarket,Rural,Eggs,Perishable,41,31,10,45.42,0.0,1408.02,Medium,39
07-03-2025,7,3,4,0,Weekday,0,STORE_001,Small,Urban,Milk,Perishable,7,3,4,33.11,0.134,85.98,Low,8
07-03-2025,7,3,4,0,Weekday,0,STORE_001,Small,Urban,Curd,Perishable,6,4,2,54.35,0.0,217.38,Medium,9
07-03-2025,7,3,4,0,Weekday,0,STORE_001,Small,Urban,Paneer,Perishable,5,5,0,246.44,0.0,1232.2,High,10
07-03-2025,7,3,4,0,Weekday,0,STORE_001,Small,Urban,Rice,Non-Perishable,38,30,8,89.4,0.0,2681.89,Medium,38
07-03-2025,7,3,4,0,Weekday,0,STORE_001,Small,Urban,Toor Dal,Non-Perishable,36,25,11,137.96,0.0,3448.9,Medium,32
07-03-2025,7,3,4,0,Weekday,0,STORE_001,Small,Urban,Wheat Flour,Non-Perishable,41,26,15,32.16,0.0,836.1,Medium,33
07-03-2025,7,3,4,0,Weekday,0,STORE_001,Small,Urban,Cooking Oil,Non-Perishable,31,24,7,142.54,0.0,3420.96,Medium,31
07-03-2025,7,3,4,0,Weekday,0,STORE_001,Small,Urban,Biscuits,Non-Perishable,36,28,8,7.82,0.0,218.94,Medium,35
07-03-2025,7,3,4,0,Weekday,0,STORE_001,Small,Urban,Snacks,Non-Perishable,50,26,24,71.4,0.0,1856.44,Medium,33
07-03-2025,7,3,4,0,Weekday,0,STORE_001,Small,Urban,Masala,Non-Perishable,45,39,6,64.31,0.0,2508.13,Medium,47
07-03-2025,7,3,4,0,Weekday,0,STORE_001,Small,Urban,Sugar,Non-Perishable,49,40,9,47.5,0.092,1725.97,Medium,49
07-03-2025,7,3,4,0,Weekday,0,STORE_001,Small,Urban,Salt,Non-Perishable,41,27,14,20.82,0.0,562.06,Medium,34
07-03-2025,7,3,4,0,Weekday,0,STORE_001,Small,Urban,Bread,Perishable,11,11,0,48.68,0.0,535.49,High,17
07-03-2025,7,3,4,0,Weekday,0,STORE_001,Small,Urban,Eggs,Perishable,5,3,2,36.85,0.077,102.02,Medium,8
07-03-2025,7,3,4,0,Weekday,0,STORE_002,Medium,Semi-Urban,Milk,Perishable,19,13,6,30.1,0.0,391.3,Medium,19
07-03-2025,7,3,4,0,Weekday,0,STORE_002,Medium,Semi-Urban,Curd,Perishable,20,16,4,48.53,0.0,776.47,Medium,22
07-03-2025,7,3,4,0,Weekday,0,STORE_002,Medium,Semi-Urban,Paneer,Perishable,14,11,3,215.09,0.0,2366.03,Medium,17
07-03-2025,7,3,4,0,Weekday,0,STORE_002,Medium,Semi-Urban,Rice,Non-Perishable,112,89,23,62.86,0.0,5594.31,Medium,102
07-03-2025,7,3,4,0,Weekday,0,STORE_002,Medium,Semi-Urban,Toor Dal,Non-Perishable,106,90,16,102.1,0.051,8722.81,Medium,104
07-03-2025,7,3,4,0,Weekday,0,STORE_002,Medium,Semi-Urban,Wheat Flour,Non-Perishable,82,46,36,37.18,0.0,1710.51,Medium,55
07-03-2025,7,3,4,0,Weekday,0,STORE_002,Medium,Semi-Urban,Cooking Oil,Non-Perishable,39,25,14,137.43,0.0,3435.65,Medium,32
07-03-2025,7,3,4,0,Weekday,0,STORE_002,Medium,Semi-Urban,Biscuits,Non-Perishable,104,72,32,26.49,0.0,1907.22,Medium,84
07-03-2025,7,3,4,0,Weekday,0,STORE_002,Medium,Semi-Urban,Snacks,Non-Perishable,63,48,15,43.16,0.0,2071.88,Medium,57
07-03-2025,7,3,4,0,Weekday,0,STORE_002,Medium,Semi-Urban,Masala,Non-Perishable,110,61,49,118.37,0.076,6673.07,Medium,72
07-03-2025,7,3,4,0,Weekday,0,STORE_002,Medium,Semi-Urban,Sugar,Non-Perishable,111,86,25,41.04,0.0,3529.49,Medium,99
07-03-2025,7,3,4,0,Weekday,0,STORE_002,Medium,Semi-Urban,Salt,Non-Perishable,63,44,19,18.44,0.0,811.31,Medium,53
07-03-2025,7,3,4,0,Weekday,0,STORE_002,Medium,Semi-Urban,Bread,Perishable,17,17,0,52.55,0.0,893.32,High,23
07-03-2025,7,3,4,0,Weekday,0,STORE_002,Medium,Semi-Urban,Eggs,Perishable,20,9,11,41.91,0.0,377.19,Low,14
07-03-2025,7,3,4,0,Weekday,0,STORE_003,Supermarket,Rural,Milk,Perishable,32,29,3,28.35,0.099,741.09,High,36
07-03-2025,7,3,4,0,Weekday,0,STORE_003,Supermarket,Rural,Curd,Perishable,22,22,0,44.12,0.0,970.7,High,29
07-03-2025,7,3,4,0,Weekday,0,STORE_003,Supermarket,Rural,Paneer,Perishable,41,35,6,201.88,0.0,7065.82,Medium,43
07-03-2025,7,3,4,0,Weekday,0,STORE_003,Supermarket,Rural,Rice,Non-Perishable,148,104,44,55.3,0.0,5751.02,Medium,119
07-03-2025,7,3,4,0,Weekday,0,STORE_003,Supermarket,Rural,Toor Dal,Non-Perishable,153,95,58,121.0,0.0,11494.69,Medium,109
07-03-2025,7,3,4,0,Weekday,0,STORE_003,Supermarket,Rural,Wheat Flour,Non-Perishable,121,114,7,25.36,0.0,2890.57,High,130
07-03-2025,7,3,4,0,Weekday,0,STORE_003,Supermarket,Rural,Cooking Oil,Non-Perishable,221,161,60,183.03,0.141,25323.67,Medium,182
07-03-2025,7,3,4,0,Weekday,0,STORE_003,Supermarket,Rural,Biscuits,Non-Perishable,178,178,0,19.05,0.0,3390.7,High,200
07-03-2025,7,3,4,0,Weekday,0,STORE_003,Supermarket,Rural,Snacks,Non-Perishable,114,83,31,54.5,0.0,4523.28,Medium,96
07-03-2025,7,3,4,0,Weekday,0,STORE_003,Supermarket,Rural,Masala,Non-Perishable,232,201,31,52.93,0.11,9472.91,Medium,226
07-03-2025,7,3,4,0,Weekday,0,STORE_003,Supermarket,Rural,Sugar,Non-Perishable,102,101,1,56.48,0.0,5704.69,High,116
07-03-2025,7,3,4,0,Weekday,0,STORE_003,Supermarket,Rural,Salt,Non-Perishable,206,161,45,18.45,0.0,2970.78,Medium,182
07-03-2025,7,3,4,0,Weekday,0,STORE_003,Supermarket,Rural,Bread,Perishable,25,25,0,32.57,0.0,814.23,High,32
07-03-2025,7,3,4,0,Weekday,0,STORE_003,Supermarket,Rural,Eggs,Perishable,49,37,12,47.02,0.0,1739.89,Medium,45
08-03-2025,8,3,5,1,Weekend,0,STORE_001,Small,Urban,Milk,Perishable,12,12,0,26.73,0.0,320.81,High,18
08-03-2025,8,3,5,1,Weekend,0,STORE_001,Small,Urban,Curd,Perishable,7,7,0,45.87,0.0,321.12,High,12
08-03-2025,8,3,5,1,Weekend,0,STORE_001,Small,Urban,Paneer,Perishable,16,16,0,207.26,0.143,2841.61,High,22
08-03-2025,8,3,5,1,Weekend,0,STORE_001,Small,Urban,Rice,Non-Perishable,34,31,3,77.38,0.0,2398.9,High,39
08-03-2025,8,3,5,1,Weekend,0,STORE_001,Small,Urban,Toor Dal,Non-Perishable,25,20,5,104.66,0.0,2093.21,Medium,27
08-03-2025,8,3,5,1,Weekend,0,STORE_001,Small,Urban,Wheat Flour,Non-Perishable,25,20,5,41.76,0.08,768.42,Medium,27
08-03-2025,8,3,5,1,Weekend,0,STORE_001,Small,Urban,Cooking Oil,Non-Perishable,27,27,0,177.63,0.0,4795.89,High,34
08-03-2025,8,3,5,1,Weekend,0,STORE_001,Small,Urban,Biscuits,Non-Perishable,26,26,0,23.36,0.0,607.31,High,33
08-03-2025,8,3,5,1,Weekend,0,STORE_001,Small,Urban,Snacks,Non-Perishable,38,38,0,24.66,0.0,937.18,High,46
08-03-2025,8,3,5,1,Weekend,0,STORE_001,Small,Urban,Masala,Non-Perishable,20,20,0,69.37,0.09,1261.87,High,27
08-03-2025,8,3,5,1,Weekend,0,STORE_001,Small,Urban,Sugar,Non-Perishable,41,32,9,50.46,0.0,1614.75,Medium,40
08-03-2025,8,3,5,1,Weekend,0,STORE_001,Small,Urban,Salt,Non-Perishable,66,66,0,24.47,0.0,1615.24,High,77
08-03-2025,8,3,5,1,Weekend,0,STORE_001,Small,Urban,Bread,Perishable,6,5,1,48.8,0.0,244.01,Medium,10
08-03-2025,8,3,5,1,Weekend,0,STORE_001,Small,Urban,Eggs,Perishable,7,6,1,49.63,0.0,297.77,Medium,11
08-03-2025,8,3,5,1,Weekend,0,STORE_002,Medium,Semi-Urban,Milk,Perishable,9,9,0,28.71,0.124,226.27,High,14
08-03-2025,8,3,5,1,Weekend,0,STORE_002,Medium,Semi-Urban,Curd,Perishable,15,12,3,56.84,0.0,682.08,Medium,18
08-03-2025,8,3,5,1,Weekend,0,STORE_002,Medium,Semi-Urban,Paneer,Perishable,22,22,0,248.93,0.0,5476.5,High,29
08-03-2025,8,3,5,1,Weekend,0,STORE_002,Medium,Semi-Urban,Rice,Non-Perishable,54,49,5,63.4,0.0,3106.36,High,58
08-03-2025,8,3,5,1,Weekend,0,STORE_002,Medium,Semi-Urban,Toor Dal,Non-Perishable,123,103,20,138.18,0.0,14232.97,Medium,118
08-03-2025,8,3,5,1,Weekend,0,STORE_002,Medium,Semi-Urban,Wheat Flour,Non-Perishable,116,102,14,33.07,0.0,3372.75,Medium,117
08-03-2025,8,3,5,1,Weekend,0,STORE_002,Medium,Semi-Urban,Cooking Oil,Non-Perishable,114,114,0,166.15,0.0,18940.6,High,130
08-03-2025,8,3,5,1,Weekend,0,STORE_002,Medium,Semi-Urban,Biscuits,Non-Perishable,59,59,0,16.74,0.0,987.73,High,69
08-03-2025,8,3,5,1,Weekend,0,STORE_002,Medium,Semi-Urban,Snacks,Non-Perishable,65,65,0,28.69,0.112,1656.94,High,76
08-03-2025,8,3,5,1,Weekend,0,STORE_002,Medium,Semi-Urban,Masala,Non-Perishable,145,121,24,76.29,0.0,9231.52,Medium,138
08-03-2025,8,3,5,1,Weekend,0,STORE_002,Medium,Semi-Urban,Sugar,Non-Perishable,84,84,0,42.66,0.0,3583.81,High,97
08-03-2025,8,3,5,1,Weekend,0,STORE_002,Medium,Semi-Urban,Salt,Non-Perishable,78,78,0,22.82,0.0,1780.11,High,90
08-03-2025,8,3,5,1,Weekend,0,STORE_002,Medium,Semi-Urban,Bread,Perishable,10,9,1,48.08,0.0,432.71,High,14
08-03-2025,8,3,5,1,Weekend,0,STORE_002,Medium,Semi-Urban,Eggs,Perishable,17,17,0,33.57,0.0,570.62,High,23
08-03-2025,8,3,5,1,Weekend,0,STORE_003,Supermarket,Rural,Milk,Perishable,22,15,7,26.75,0.119,353.57,Medium,21
08-03-2025,8,3,5,1,Weekend,0,STORE_003,Supermarket,Rural,Curd,Perishable,32,28,4,58.5,0.137,1414.39,Medium,35
08-03-2025,8,3,5,1,Weekend,0,STORE_003,Supermarket,Rural,Paneer,Perishable,21,21,0,229.1,0.0,4811.01,High,28
08-03-2025,8,3,5,1,Weekend,0,STORE_003,Supermarket,Rural,Rice,Non-Perishable,159,159,0,73.37,0.138,10058.99,High,179
08-03-2025,8,3,5,1,Weekend,0,STORE_003,Supermarket,Rural,Toor Dal,Non-Perishable,106,94,12,112.98,0.0,10620.47,Medium,108
08-03-2025,8,3,5,1,Weekend,0,STORE_003,Supermarket,Rural,Wheat Flour,Non-Perishable,233,138,95,35.31,0.0,4872.57,Medium,156
08-03-2025,8,3,5,1,Weekend,0,STORE_003,Supermarket,Rural,Cooking Oil,Non-Perishable,261,194,67,134.02,0.138,22411.1,Medium,218
08-03-2025,8,3,5,1,Weekend,0,STORE_003,Supermarket,Rural,Biscuits,Non-Perishable,68,68,0,19.08,0.11,1155.51,High,79
08-03-2025,8,3,5,1,Weekend,0,STORE_003,Supermarket,Rural,Snacks,Non-Perishable,189,189,0,38.87,0.0,7347.14,High,212
08-03-2025,8,3,5,1,Weekend,0,STORE_003,Supermarket,Rural,Masala,Non-Perishable,193,183,10,113.78,0.0,20820.93,High,206
08-03-2025,8,3,5,1,Weekend,0,STORE_003,Supermarket,Rural,Sugar,Non-Perishable,145,132,13,44.91,0.0,5928.17,High,150
08-03-2025,8,3,5,1,Weekend,0,STORE_003,Supermarket,Rural,Salt,Non-Perishable,225,225,0,23.3,0.105,4694.22,High,252
08-03-2025,8,3,5,1,Weekend,0,STORE_003,Supermarket,Rural,Bread,Perishable,52,46,6,33.36,0.0,1534.71,Medium,55
08-03-2025,8,3,5,1,Weekend,0,STORE_003,Supermarket,Rural,Eggs,Perishable,36,31,5,42.29,0.0,1311.08,Medium,39
09-03-2025,9,3,6,1,Weekend,0,STORE_001,Small,Urban,Milk,Perishable,9,9,0,26.19,0.0,235.71,High,14
09-03-2025,9,3,6,1,Weekend,0,STORE_001,Small,Urban,Curd,Perishable,9,9,0,45.68,0.0,411.11,High,14
09-03-2025,9,3,6,1,Weekend,0,STORE_001,Small,Urban,Paneer,Perishable,12,11,1,224.87,0.0,2473.54,High,17
09-03-2025,9,3,6,1,Weekend,0,STORE_001,Small,Urban,Rice,Non-Perishable,23,21,2,60.87,0.0,1278.29,High,28
09-03-2025,9,3,6,1,Weekend,0,STORE_001,Small,Urban,Toor Dal,Non-Perishable,50,50,0,148.53,0.0,7426.55,High,60
09-03-2025,9,3,6,1,Weekend,0,STORE_001,Small,Urban,Wheat Flour,Non-Perishable,53,46,7,28.0,0.0,1287.87,Medium,55
09-03-2025,9,3,6,1,Weekend,0,STORE_001,Small,Urban,Cooking Oil,Non-Perishable,40,40,0,160.35,0.0,6413.99,High,49
09-03-2025,9,3,6,1,Weekend,0,STORE_001,Small,Urban,Biscuits,Non-Perishable,27,27,0,14.29,0.14,331.82,High,34
09-03-2025,9,3,6,1,Weekend,0,STORE_001,Small,Urban,Snacks,Non-Perishable,47,47,0,74.78,0.133,3048.97,High,56
09-03-2025,9,3,6,1,Weekend,0,STORE_001,Small,Urban,Masala,Non-Perishable,23,17,6,42.73,0.0,726.37,Medium,23
09-03-2025,9,3,6,1,Weekend,0,STORE_001,Small,Urban,Sugar,Non-Perishable,48,42,6,48.58,0.0,2040.15,Medium,51
09-03-2025,9,3,6,1,Weekend,0,STORE_001,Small,Urban,Salt,Non-Perishable,17,11,6,20.52,0.0,225.67,Medium,17
09-03-2025,9,3,6,1,Weekend,0,STORE_001,Small,Urban,Bread,Perishable,7,7,0,32.16,0.0,225.11,High,12
09-03-2025,9,3,6,1,Weekend,0,STORE_001,Small,Urban,Eggs,Perishable,9,8,1,48.88,0.0,391.01,Medium,13
09-03-2025,9,3,6,1,Weekend,0,STORE_002,Medium,Semi-Urban,Milk,Perishable,14,14,0,29.65,0.0,415.13,High,20
09-03-2025,9,3,6,1,Weekend,0,STORE_002,Medium,Semi-Urban,Curd,Perishable,11,8,3,40.3,0.0,322.37,Medium,13
09-03-2025,9,3,6,1,Weekend,0,STORE_002,Medium,Semi-Urban,Paneer,Perishable,31,31,0,220.49,0.0,6835.28,High,39
09-03-2025,9,3,6,1,Weekend,0,STORE_002,Medium,Semi-Urban,Rice,Non-Perishable,47,31,16,80.13,0.0,2484.06,Medium,39
09-03-2025,9,3,6,1,Weekend,0,STORE_002,Medium,Semi-Urban,Toor Dal,Non-Perishable,106,106,0,127.55,0.0,13520.1,High,121
09-03-2025,9,3,6,1,Weekend,0,STORE_002,Medium,Semi-Urban,Wheat Flour,Non-Perishable,78,61,17,34.41,0.0,2098.9,Medium,72
09-03-2025,9,3,6,1,Weekend,0,STORE_002,Medium,Semi-Urban,Cooking Oil,Non-Perishable,34,34,0,168.93,0.075,5311.09,High,42
09-03-2025,9,3,6,1,Weekend,0,STORE_002,Medium,Semi-Urban,Biscuits,Non-Perishable,47,47,0,11.14,0.0,523.36,High,56
09-03-2025,9,3,6,1,Weekend,0,STORE_002,Medium,Semi-Urban,Snacks,Non-Perishable,107,107,0,39.78,0.149,3620.41,High,122
09-03-2025,9,3,6,1,Weekend,0,STORE_002,Medium,Semi-Urban,Masala,Non-Perishable,102,102,0,55.56,0.0,5666.98,High,117
09-03-2025,9,3,6,1,Weekend,0,STORE_002,Medium,Semi-Urban,Sugar,Non-Perishable,63,48,15,41.17,0.0,1976.14,Medium,57
09-03-2025,9,3,6,1,Weekend,0,STORE_002,Medium,Semi-Urban,Salt,Non-Perishable,108,74,34,20.22,0.0,1496.01,Medium,86
09-03-2025,9,3,6,1,Weekend,0,STORE_002,Medium,Semi-Urban,Bread,Perishable,15,15,0,34.52,0.0,517.79,High,21
09-03-2025,9,3,6,1,Weekend,0,STORE_002,Medium,Semi-Urban,Eggs,Perishable,26,26,0,34.69,0.0,901.85,High,33
09-03-2025,9,3,6,1,Weekend,0,STORE_003,Supermarket,Rural,Milk,Perishable,13,12,1,31.6,0.0,379.19,High,18
09-03-2025,9,3,6,1,Weekend,0,STORE_003,Supermarket,Rural,Curd,Perishable,21,16,5,43.52,0.0,696.35,Medium,22
09-03-2025,9,3,6,1,Weekend,0,STORE_003,Supermarket,Rural,Paneer,Perishable,53,38,15,228.08,0.0,8667.12,Medium,46
09-03-2025,9,3,6,1,Weekend,0,STORE_003,Supermarket,Rural,Rice,Non-Perishable,144,144,0,87.14,0.0,12547.98,High,163
09-03-2025,9,3,6,1,Weekend,0,STORE_003,Supermarket,Rural,Toor Dal,Non-Perishable,141,141,0,101.68,0.058,13508.57,High,160
09-03-2025,9,3,6,1,Weekend,0,STORE_003,Supermarket,Rural,Wheat Flour,Non-Perishable,216,213,3,34.15,0.0,7273.18,High,239
09-03-2025,9,3,6,1,Weekend,0,STORE_003,Supermarket,Rural,Cooking Oil,Non-Perishable,93,89,4,199.13,0.0,17722.21,High,102
09-03-2025,9,3,6,1,Weekend,0,STORE_003,Supermarket,Rural,Biscuits,Non-Perishable,72,63,9,8.85,0.0,557.65,Medium,74
09-03-2025,9,3,6,1,Weekend,0,STORE_003,Supermarket,Rural,Snacks,Non-Perishable,110,85,25,38.06,0.0,3234.98,Medium,98
09-03-2025,9,3,6,1,Weekend,0,STORE_003,Supermarket,Rural,Masala,Non-Perishable,241,241,0,104.7,0.0,25231.9,High,270
09-03-2025,9,3,6,1,Weekend,0,STORE_003,Supermarket,Rural,Sugar,Non-Perishable,143,113,30,44.26,0.12,4401.88,Medium,129
09-03-2025,9,3,6,1,Weekend,0,STORE_003,Supermarket,Rural,Salt,Non-Perishable,210,194,16,20.83,0.0,4040.47,High,218
09-03-2025,9,3,6,1,Weekend,0,STORE_003,Supermarket,Rural,Bread,Perishable,39,27,12,50.35,0.0,1359.44,Medium,34
09-03-2025,9,3,6,1,Weekend,0,STORE_003,Supermarket,Rural,Eggs,Perishable,21,20,1,42.95,0.0,859.01,High,27
10-03-2025,10,3,0,0,Weekday,0,STORE_001,Small,Urban,Milk,Perishable,9,9,0,22.14,0.0,199.25,High,14
10-03-2025,10,3,0,0,Weekday,0,STORE_001,Small,Urban,Curd,Perishable,15,9,6,47.05,0.0,423.42,Medium,14
10-03-2025,10,3,0,0,Weekday,0,STORE_001,Small,Urban,Paneer,Perishable,3,2,1,180.42,0.104,323.39,Medium,7
10-03-2025,10,3,0,0,Weekday,0,STORE_001,Small,Urban,Rice,Non-Perishable,24,21,3,70.44,0.0,1479.33,Medium,28
10-03-2025,10,3,0,0,Weekday,0,STORE_001,Small,Urban,Toor Dal,Non-Perishable,60,53,7,104.39,0.0,5532.82,Medium,63
10-03-2025,10,3,0,0,Weekday,0,STORE_001,Small,Urban,Wheat Flour,Non-Perishable,32,20,12,37.68,0.0,753.52,Medium,27
10-03-2025,10,3,0,0,Weekday,0,STORE_001,Small,Urban,Cooking Oil,Non-Perishable,55,41,14,142.1,0.0,5826.0,Medium,50
10-03-2025,10,3,0,0,Weekday,0,STORE_001,Small,Urban,Biscuits,Non-Perishable,21,16,5,23.59,0.0,377.48,Medium,22
10-03-2025,10,3,0,0,Weekday,0,STORE_001,Small,Urban,Snacks,Non-Perishable,32,19,13,68.41,0.0,1299.81,Medium,25
10-03-2025,10,3,0,0,Weekday,0,STORE_001,Small,Urban,Masala,Non-Perishable,63,38,25,80.3,0.0,3051.38,Medium,46
10-03-2025,10,3,0,0,Weekday,0,STORE_001,Small,Urban,Sugar,Non-Perishable,54,52,2,58.96,0.0,3065.78,High,62
10-03-2025,10,3,0,0,Weekday,0,STORE_001,Small,Urban,Salt,Non-Perishable,24,18,6,21.13,0.0,380.32,Medium,24
10-03-2025,10,3,0,0,Weekday,0,STORE_001,Small,Urban,Bread,Perishable,9,7,2,40.76,0.0,285.31,Medium,12
10-03-2025,10,3,0,0,Weekday,0,STORE_001,Small,Urban,Eggs,Perishable,5,3,2,40.24,0.0,120.72,Medium,8
10-03-2025,10,3,0,0,Weekday,0,STORE_002,Medium,Semi-Urban,Milk,Perishable,11,11,0,30.92,0.055,321.27,High,17
10-03-2025,10,3,0,0,Weekday,0,STORE_002,Medium,Semi-Urban,Curd,Perishable,23,22,1,51.72,0.0,1137.73,High,29
10-03-2025,10,3,0,0,Weekday,0,STORE_002,Medium,Semi-Urban,Paneer,Perishable,8,6,2,227.7,0.0,1366.21,Medium,11
10-03-2025,10,3,0,0,Weekday,0,STORE_002,Medium,Semi-Urban,Rice,Non-Perishable,77,52,25,66.26,0.137,2971.89,Medium,62
10-03-2025,10,3,0,0,Weekday,0,STORE_002,Medium,Semi-Urban,Toor Dal,Non-Perishable,82,46,36,127.4,0.0,5860.28,Medium,55
10-03-2025,10,3,0,0,Weekday,0,STORE_002,Medium,Semi-Urban,Wheat Flour,Non-Perishable,75,70,5,26.36,0.106,1650.57,High,82
10-03-2025,10,3,0,0,Weekday,0,STORE_002,Medium,Semi-Urban,Cooking Oil,Non-Perishable,79,73,6,180.11,0.107,11747.38,High,85
10-03-2025,10,3,0,0,Weekday,0,STORE_002,Medium,Semi-Urban,Biscuits,Non-Perishable,70,65,5,18.0,0.0,1170.29,High,76
10-03-2025,10,3,0,0,Weekday,0,STORE_002,Medium,Semi-Urban,Snacks,Non-Perishable,101,90,11,57.82,0.135,4502.69,Medium,104
10-03-2025,10,3,0,0,Weekday,0,STORE_002,Medium,Semi-Urban,Masala,Non-Perishable,146,121,25,82.29,0.0,9957.39,Medium,138
10-03-2025,10,3,0,0,Weekday,0,STORE_002,Medium,Semi-Urban,Sugar,Non-Perishable,68,53,15,46.5,0.0,2464.75,Medium,63
10-03-2025,10,3,0,0,Weekday,0,STORE_002,Medium,Semi-Urban,Salt,Non-Perishable,83,53,30,24.97,0.104,1185.45,Medium,63
10-03-2025,10,3,0,0,Weekday,0,STORE_002,Medium,Semi-Urban,Bread,Perishable,15,14,1,38.98,0.0,545.72,High,20
10-03-2025,10,3,0,0,Weekday,0,STORE_002,Medium,Semi-Urban,Eggs,Perishable,10,7,3,39.67,0.0,277.67,Medium,12
10-03-2025,10,3,0,0,Weekday,0,STORE_003,Supermarket,Rural,Milk,Perishable,28,22,6,28.18,0.12,545.51,Medium,29
10-03-2025,10,3,0,0,Weekday,0,STORE_003,Supermarket,Rural,Curd,Perishable,34,30,4,41.81,0.0,1254.29,Medium,38
10-03-2025,10,3,0,0,Weekday,0,STORE_003,Supermarket,Rural,Paneer,Perishable,41,28,13,232.27,0.0,6503.44,Medium,35
10-03-2025,10,3,0,0,Weekday,0,STORE_003,Supermarket,Rural,Rice,Non-Perishable,175,109,66,86.5,0.087,8610.97,Medium,124
10-03-2025,10,3,0,0,Weekday,0,STORE_003,Supermarket,Rural,Toor Dal,Non-Perishable,102,56,46,127.59,0.0,7145.22,Medium,66
10-03-2025,10,3,0,0,Weekday,0,STORE_003,Supermarket,Rural,Wheat Flour,Non-Perishable,100,93,7,33.98,0.0,3160.35,High,107
10-03-2025,10,3,0,0,Weekday,0,STORE_003,Supermarket,Rural,Cooking Oil,Non-Perishable,220,220,0,179.27,0.117,34825.79,High,247
10-03-2025,10,3,0,0,Weekday,0,STORE_003,Supermarket,Rural,Biscuits,Non-Perishable,168,136,32,22.33,0.0,3036.91,Medium,154
10-03-2025,10,3,0,0,Weekday,0,STORE_003,Supermarket,Rural,Snacks,Non-Perishable,143,113,30,20.15,0.0,2276.92,Medium,129
10-03-2025,10,3,0,0,Weekday,0,STORE_003,Supermarket,Rural,Masala,Non-Perishable,92,58,34,69.23,0.133,3481.05,Medium,68
10-03-2025,10,3,0,0,Weekday,0,STORE_003,Supermarket,Rural,Sugar,Non-Perishable,105,69,36,42.46,0.0,2930.08,Medium,80
10-03-2025,10,3,0,0,Weekday,0,STORE_003,Supermarket,Rural,Salt,Non-Perishable,141,103,38,20.77,0.11,1903.44,Medium,118
10-03-2025,10,3,0,0,Weekday,0,STORE_003,Supermarket,Rural,Bread,Perishable,16,11,5,57.56,0.137,546.65,Medium,17
10-03-2025,10,3,0,0,Weekday,0,STORE_003,Supermarket,Rural,Eggs,Perishable,24,23,1,44.52,0.0,1024.05,High,30
11-03-2025,11,3,1,0,Weekday,0,STORE_001,Small,Urban,Milk,Perishable,7,6,1,29.07,0.0,174.42,Medium,11
11-03-2025,11,3,1,0,Weekday,0,STORE_001,Small,Urban,Curd,Perishable,4,4,0,48.81,0.0,195.22,High,9
11-03-2025,11,3,1,0,Weekday,0,STORE_001,Small,Urban,Paneer,Perishable,9,5,4,209.71,0.064,981.58,Medium,10
11-03-2025,11,3,1,0,Weekday,0,STORE_001,Small,Urban,Rice,Non-Perishable,25,15,10,84.53,0.0,1267.98,Medium,21
11-03-2025,11,3,1,0,Weekday,0,STORE_001,Small,Urban,Toor Dal,Non-Perishable,33,28,5,121.5,0.0,3401.99,Medium,35
11-03-2025,11,3,1,0,Weekday,0,STORE_001,Small,Urban,Wheat Flour,Non-Perishable,50,42,8,36.25,0.052,1443.77,Medium,51
11-03-2025,11,3,1,0,Weekday,0,STORE_001,Small,Urban,Cooking Oil,Non-Perishable,59,43,16,168.74,0.0,7255.78,Medium,52
11-03-2025,11,3,1,0,Weekday,0,STORE_001,Small,Urban,Biscuits,Non-Perishable,72,61,11,29.41,0.0,1793.77,Medium,72
11-03-2025,11,3,1,0,Weekday,0,STORE_001,Small,Urban,Snacks,Non-Perishable,62,46,16,38.78,0.0,1783.65,Medium,55
11-03-2025,11,3,1,0,Weekday,0,STORE_001,Small,Urban,Masala,Non-Perishable,24,12,12,103.44,0.0,1241.29,Medium,18
11-03-2025,11,3,1,0,Weekday,0,STORE_001,Small,Urban,Sugar,Non-Perishable,36,31,5,56.94,0.0,1765.0,Medium,39
11-03-2025,11,3,1,0,Weekday,0,STORE_001,Small,Urban,Salt,Non-Perishable,62,50,12,20.23,0.0,1011.66,Medium,60
11-03-2025,11,3,1,0,Weekday,0,STORE_001,Small,Urban,Bread,Perishable,7,6,1,30.26,0.0,181.56,Medium,11
11-03-2025,11,3,1,0,Weekday,0,STORE_001,Small,Urban,Eggs,Perishable,8,6,2,34.75,0.0,208.47,Medium,11
11-03-2025,11,3,1,0,Weekday,0,STORE_002,Medium,Semi-Urban,Milk,Perishable,11,11,0,30.41,0.0,334.51,High,17
11-03-2025,11,3,1,0,Weekday,0,STORE_002,Medium,Semi-Urban,Curd,Perishable,9,4,5,59.37,0.0,237.5,Low,9
11-03-2025,11,3,1,0,Weekday,0,STORE_002,Medium,Semi-Urban,Paneer,Perishable,19,15,4,213.41,0.0,3201.1,Medium,21
11-03-2025,11,3,1,0,Weekday,0,STORE_002,Medium,Semi-Urban,Rice,Non-Perishable,72,65,7,53.26,0.0,3461.62,High,76
11-03-2025,11,3,1,0,Weekday,0,STORE_002,Medium,Semi-Urban,Toor Dal,Non-Perishable,81,77,4,109.01,0.0,8393.53,High,89
11-03-2025,11,3,1,0,Weekday,0,STORE_002,Medium,Semi-Urban,Wheat Flour,Non-Perishable,60,40,20,43.59,0.0,1743.76,Medium,49
11-03-2025,11,3,1,0,Weekday,0,STORE_002,Medium,Semi-Urban,Cooking Oil,Non-Perishable,64,63,1,147.72,0.0,9306.36,High,74
11-03-2025,11,3,1,0,Weekday,0,STORE_002,Medium,Semi-Urban,Biscuits,Non-Perishable,98,78,20,24.37,0.0,1900.71,Medium,90
11-03-2025,11,3,1,0,Weekday,0,STORE_002,Medium,Semi-Urban,Snacks,Non-Perishable,51,42,9,70.74,0.128,2590.3,Medium,51
11-03-2025,11,3,1,0,Weekday,0,STORE_002,Medium,Semi-Urban,Masala,Non-Perishable,54,47,7,81.65,0.0,3837.34,Medium,56
11-03-2025,11,3,1,0,Weekday,0,STORE_002,Medium,Semi-Urban,Sugar,Non-Perishable,59,34,25,58.19,0.0,1978.55,Medium,42
11-03-2025,11,3,1,0,Weekday,0,STORE_002,Medium,Semi-Urban,Salt,Non-Perishable,70,55,15,24.7,0.0,1358.27,Medium,65
11-03-2025,11,3,1,0,Weekday,0,STORE_002,Medium,Semi-Urban,Bread,Perishable,13,11,2,38.77,0.0,426.49,Medium,17
11-03-2025,11,3,1,0,Weekday,0,STORE_002,Medium,Semi-Urban,Eggs,Perishable,9,9,0,38.82,0.076,322.8,High,14
11-03-2025,11,3,1,0,Weekday,0,STORE_003,Supermarket,Rural,Milk,Perishable,13,10,3,32.91,0.0,329.14,Medium,16
11-03-2025,11,3,1,0,Weekday,0,STORE_003,Supermarket,Rural,Curd,Perishable,46,40,6,50.52,0.0,2020.97,Medium,49
11-03-2025,11,3,1,0,Weekday,0,STORE_003,Supermarket,Rural,Paneer,Perishable,32,23,9,204.97,0.0,4714.34,Medium,30
11-03-2025,11,3,1,0,Weekday,0,STORE_003,Supermarket,Rural,Rice,Non-Perishable,69,65,4,89.36,0.0,5808.21,High,76
11-03-2025,11,3,1,0,Weekday,0,STORE_003,Supermarket,Rural,Toor Dal,Non-Perishable,131,108,23,135.35,0.0,14618.07,Medium,123
11-03-2025,11,3,1,0,Weekday,0,STORE_003,Supermarket,Rural,Wheat Flour,Non-Perishable,102,102,0,43.07,0.0,4393.65,High,117
11-03-2025,11,3,1,0,Weekday,0,STORE_003,Supermarket,Rural,Cooking Oil,Non-Perishable,72,33,39,157.23,0.0,5188.5,Low,41
11-03-2025,11,3,1,0,Weekday,0,STORE_003,Supermarket,Rural,Biscuits,Non-Perishable,62,45,17,8.69,0.0,390.84,Medium,54
11-03-2025,11,3,1,0,Weekday,0,STORE_003,Supermarket,Rural,Snacks,Non-Perishable,291,164,127,25.82,0.0,4234.83,Medium,185
11-03-2025,11,3,1,0,Weekday,0,STORE_003,Supermarket,Rural,Masala,Non-Perishable,125,90,35,68.29,0.08,5656.75,Medium,104
11-03-2025,11,3,1,0,Weekday,0,STORE_003,Supermarket,Rural,Sugar,Non-Perishable,266,266,0,46.17,0.0,12280.59,High,297
11-03-2025,11,3,1,0,Weekday,0,STORE_003,Supermarket,Rural,Salt,Non-Perishable,140,90,50,19.06,0.0,1715.64,Medium,104
11-03-2025,11,3,1,0,Weekday,0,STORE_003,Supermarket,Rural,Bread,Perishable,18,13,5,55.63,0.0,723.22,Medium,19
11-03-2025,11,3,1,0,Weekday,0,STORE_003,Supermarket,Rural,Eggs,Perishable,28,27,1,30.58,0.0,825.76,High,34
12-03-2025,12,3,2,0,Weekday,0,STORE_001,Small,Urban,Milk,Perishable,8,6,2,23.46,0.0,140.75,Medium,11
12-03-2025,12,3,2,0,Weekday,0,STORE_001,Small,Urban,Curd,Perishable,4,3,1,59.81,0.0,179.43,Medium,8
12-03-2025,12,3,2,0,Weekday,0,STORE_001,Small,Urban,Paneer,Perishable,5,4,1,186.84,0.0,747.36,Medium,9
12-03-2025,12,3,2,0,Weekday,0,STORE_001,Small,Urban,Rice,Non-Perishable,56,44,12,55.95,0.0,2461.89,Medium,53
12-03-2025,12,3,2,0,Weekday,0,STORE_001,Small,Urban,Toor Dal,Non-Perishable,38,19,19,135.01,0.0,2565.27,Medium,25
12-03-2025,12,3,2,0,Weekday,0,STORE_001,Small,Urban,Wheat Flour,Non-Perishable,35,16,19,42.16,0.0,674.49,Low,22
12-03-2025,12,3,2,0,Weekday,0,STORE_001,Small,Urban,Cooking Oil,Non-Perishable,41,29,12,155.66,0.0,4514.14,Medium,36
12-03-2025,12,3,2,0,Weekday,0,STORE_001,Small,Urban,Biscuits,Non-Perishable,38,21,17,24.92,0.0,523.25,Medium,28
12-03-2025,12,3,2,0,Weekday,0,STORE_001,Small,Urban,Snacks,Non-Perishable,29,29,0,75.65,0.0,2193.78,High,36
12-03-2025,12,3,2,0,Weekday,0,STORE_001,Small,Urban,Masala,Non-Perishable,23,15,8,46.02,0.0,690.37,Medium,21
12-03-2025,12,3,2,0,Weekday,0,STORE_001,Small,Urban,Sugar,Non-Perishable,41,30,11,57.72,0.119,1525.86,Medium,38
12-03-2025,12,3,2,0,Weekday,0,STORE_001,Small,Urban,Salt,Non-Perishable,32,32,0,22.47,0.0,718.96,High,40
12-03-2025,12,3,2,0,Weekday,0,STORE_001,Small,Urban,Bread,Perishable,10,6,4,57.95,0.0,347.72,Medium,11
12-03-2025,12,3,2,0,Weekday,0,STORE_001,Small,Urban,Eggs,Perishable,5,5,0,42.19,0.0,210.97,High,10
12-03-2025,12,3,2,0,Weekday,0,STORE_002,Medium,Semi-Urban,Milk,Perishable,13,13,0,22.98,0.0,298.71,High,19
12-03-2025,12,3,2,0,Weekday,0,STORE_002,Medium,Semi-Urban,Curd,Perishable,25,18,7,49.09,0.0,883.65,Medium,24
12-03-2025,12,3,2,0,Weekday,0,STORE_002,Medium,Semi-Urban,Paneer,Perishable,8,7,1,224.97,0.0,1574.76,Medium,12
12-03-2025,12,3,2,0,Weekday,0,STORE_002,Medium,Semi-Urban,Rice,Non-Perishable,95,54,41,57.64,0.0,3112.79,Medium,64
12-03-2025,12,3,2,0,Weekday,0,STORE_002,Medium,Semi-Urban,Toor Dal,Non-Perishable,68,32,36,133.15,0.0,4260.79,Low,40
12-03-2025,12,3,2,0,Weekday,0,STORE_002,Medium,Semi-Urban,Wheat Flour,Non-Perishable,94,81,13,38.73,0.0,3137.02,Medium,94
12-03-2025,12,3,2,0,Weekday,0,STORE_002,Medium,Semi-Urban,Cooking Oil,Non-Perishable,118,91,27,170.4,0.0,15506.73,Medium,105
12-03-2025,12,3,2,0,Weekday,0,STORE_002,Medium,Semi-Urban,Biscuits,Non-Perishable,60,52,8,29.52,0.0,1534.97,Medium,62
12-03-2025,12,3,2,0,Weekday,0,STORE_002,Medium,Semi-Urban,Snacks,Non-Perishable,95,76,19,77.6,0.0,5897.87,Medium,88
12-03-2025,12,3,2,0,Weekday,0,STORE_002,Medium,Semi-Urban,Masala,Non-Perishable,101,96,5,63.7,0.102,5491.05,High,110
12-03-2025,12,3,2,0,Weekday,0,STORE_002,Medium,Semi-Urban,Sugar,Non-Perishable,99,59,40,59.72,0.0,3523.25,Medium,69
12-03-2025,12,3,2,0,Weekday,0,STORE_002,Medium,Semi-Urban,Salt,Non-Perishable,105,70,35,20.85,0.0,1459.59,Medium,82
12-03-2025,12,3,2,0,Weekday,0,STORE_002,Medium,Semi-Urban,Bread,Perishable,12,8,4,34.88,0.0,279.08,Medium,13
12-03-2025,12,3,2,0,Weekday,0,STORE_002,Medium,Semi-Urban,Eggs,Perishable,9,9,0,48.32,0.0,434.87,High,14
12-03-2025,12,3,2,0,Weekday,0,STORE_003,Supermarket,Rural,Milk,Perishable,41,21,20,26.92,0.0,565.31,Medium,28
12-03-2025,12,3,2,0,Weekday,0,STORE_003,Supermarket,Rural,Curd,Perishable,15,12,3,57.09,0.0,685.09,Medium,18
12-03-2025,12,3,2,0,Weekday,0,STORE_003,Supermarket,Rural,Paneer,Perishable,33,30,3,211.24,0.0,6337.3,High,38
12-03-2025,12,3,2,0,Weekday,0,STORE_003,Supermarket,Rural,Rice,Non-Perishable,162,162,0,63.02,0.0,10209.98,High,183
12-03-2025,12,3,2,0,Weekday,0,STORE_003,Supermarket,Rural,Toor Dal,Non-Perishable,143,77,66,139.46,0.0,10738.66,Medium,89
12-03-2025,12,3,2,0,Weekday,0,STORE_003,Supermarket,Rural,Wheat Flour,Non-Perishable,84,78,6,37.22,0.0,2902.88,High,90
12-03-2025,12,3,2,0,Weekday,0,STORE_003,Supermarket,Rural,Cooking Oil,Non-Perishable,135,88,47,150.02,0.102,11852.62,Medium,101
12-03-2025,12,3,2,0,Weekday,0,STORE_003,Supermarket,Rural,Biscuits,Non-Perishable,281,262,19,16.06,0.0,4207.65,High,293
12-03-2025,12,3,2,0,Weekday,0,STORE_003,Supermarket,Rural,Snacks,Non-Perishable,225,140,85,70.23,0.145,8402.43,Medium,159
12-03-2025,12,3,2,0,Weekday,0,STORE_003,Supermarket,Rural,Masala,Non-Perishable,165,75,90,116.98,0.0,8773.57,Low,87
12-03-2025,12,3,2,0,Weekday,0,STORE_003,Supermarket,Rural,Sugar,Non-Perishable,110,82,28,46.15,0.0,3784.62,Medium,95
12-03-2025,12,3,2,0,Weekday,0,STORE_003,Supermarket,Rural,Salt,Non-Perishable,262,210,52,17.98,0.0,3775.75,Medium,236
12-03-2025,12,3,2,0,Weekday,0,STORE_003,Supermarket,Rural,Bread,Perishable,50,25,25,43.66,0.0,1091.55,Medium,32
12-03-2025,12,3,2,0,Weekday,0,STORE_003,Supermarket,Rural,Eggs,Perishable,30,21,9,37.84,0.0,794.71,Medium,28
13-03-2025,13,3,3,0,Weekday,0,STORE_001,Small,Urban,Milk,Perishable,7,4,3,28.78,0.0,115.14,Medium,9
13-03-2025,13,3,3,0,Weekday,0,STORE_001,Small,Urban,Curd,Perishable,5,3,2,50.72,0.0,152.15,Medium,8
13-03-2025,13,3,3,0,Weekday,0,STORE_001,Small,Urban,Paneer,Perishable,7,6,1,183.32,0.0,1099.95,Medium,11
13-03-2025,13,3,3,0,Weekday,0,STORE_001,Small,Urban,Rice,Non-Perishable,34,26,8,79.67,0.0,2071.43,Medium,33
13-03-2025,13,3,3,0,Weekday,0,STORE_001,Small,Urban,Toor Dal,Non-Perishable,26,23,3,109.25,0.0,2512.75,Medium,30
13-03-2025,13,3,3,0,Weekday,0,STORE_001,Small,Urban,Wheat Flour,Non-Perishable,23,13,10,32.75,0.0,425.71,Medium,19
13-03-2025,13,3,3,0,Weekday,0,STORE_001,Small,Urban,Cooking Oil,Non-Perishable,41,29,12,142.29,0.0,4126.32,Medium,36
13-03-2025,13,3,3,0,Weekday,0,STORE_001,Small,Urban,Biscuits,Non-Perishable,40,38,2,23.56,0.0,895.26,High,46
13-03-2025,13,3,3,0,Weekday,0,STORE_001,Small,Urban,Snacks,Non-Perishable,63,39,24,57.87,0.0,2257.11,Medium,47
13-03-2025,13,3,3,0,Weekday,0,STORE_001,Small,Urban,Masala,Non-Perishable,28,27,1,49.39,0.0,1333.59,High,34
13-03-2025,13,3,3,0,Weekday,0,STORE_001,Small,Urban,Sugar,Non-Perishable,35,20,15,58.24,0.0,1164.79,Medium,27
13-03-2025,13,3,3,0,Weekday,0,STORE_001,Small,Urban,Salt,Non-Perishable,27,27,0,22.09,0.0,596.45,High,34
13-03-2025,13,3,3,0,Weekday,0,STORE_001,Small,Urban,Bread,Perishable,4,3,1,31.44,0.0,94.32,Medium,8
13-03-2025,13,3,3,0,Weekday,0,STORE_001,Small,Urban,Eggs,Perishable,5,4,1,41.75,0.0,166.99,Medium,9
13-03-2025,13,3,3,0,Weekday,0,STORE_002,Medium,Semi-Urban,Milk,Perishable,18,17,1,23.62,0.0,401.52,High,23
13-03-2025,13,3,3,0,Weekday,0,STORE_002,Medium,Semi-Urban,Curd,Perishable,26,13,13,51.44,0.0,668.74,Medium,19
13-03-2025,13,3,3,0,Weekday,0,STORE_002,Medium,Semi-Urban,Paneer,Perishable,27,27,0,213.77,0.0,5771.92,High,34
13-03-2025,13,3,3,0,Weekday,0,STORE_002,Medium,Semi-Urban,Rice,Non-Perishable,61,41,20,65.49,0.134,2324.6,Medium,50
13-03-2025,13,3,3,0,Weekday,0,STORE_002,Medium,Semi-Urban,Toor Dal,Non-Perishable,79,54,25,110.19,0.0,5950.31,Medium,64
13-03-2025,13,3,3,0,Weekday,0,STORE_002,Medium,Semi-Urban,Wheat Flour,Non-Perishable,74,60,14,32.63,0.0,1957.67,Medium,71
13-03-2025,13,3,3,0,Weekday,0,STORE_002,Medium,Semi-Urban,Cooking Oil,Non-Perishable,97,97,0,129.82,0.0,12592.47,High,111
13-03-2025,13,3,3,0,Weekday,0,STORE_002,Medium,Semi-Urban,Biscuits,Non-Perishable,105,81,24,21.31,0.0,1726.23,Medium,94
13-03-2025,13,3,3,0,Weekday,0,STORE_002,Medium,Semi-Urban,Snacks,Non-Perishable,58,58,0,56.91,0.0,3300.63,High,68
13-03-2025,13,3,3,0,Weekday,0,STORE_002,Medium,Semi-Urban,Masala,Non-Perishable,154,134,20,73.06,0.0,9790.29,Medium,152
13-03-2025,13,3,3,0,Weekday,0,STORE_002,Medium,Semi-Urban,Sugar,Non-Perishable,44,32,12,49.2,0.0,1574.34,Medium,40
13-03-2025,13,3,3,0,Weekday,0,STORE_002,Medium,Semi-Urban,Salt,Non-Perishable,67,63,4,17.82,0.0,1122.66,High,74
13-03-2025,13,3,3,0,Weekday,0,STORE_002,Medium,Semi-Urban,Bread,Perishable,14,12,2,43.14,0.149,440.71,Medium,18
13-03-2025,13,3,3,0,Weekday,0,STORE_002,Medium,Semi-Urban,Eggs,Perishable,16,16,0,45.11,0.0,721.78,High,22
13-03-2025,13,3,3,0,Weekday,0,STORE_003,Supermarket,Rural,Milk,Perishable,53,53,0,33.96,0.0,1799.81,High,63
13-03-2025,13,3,3,0,Weekday,0,STORE_003,Supermarket,Rural,Curd,Perishable,38,26,12,44.94,0.0,1168.47,Medium,33
13-03-2025,13,3,3,0,Weekday,0,STORE_003,Supermarket,Rural,Paneer,Perishable,7,4,3,197.0,0.0,788.0,Medium,9
13-03-2025,13,3,3,0,Weekday,0,STORE_003,Supermarket,Rural,Rice,Non-Perishable,172,104,68,56.53,0.0,5879.59,Medium,119
13-03-2025,13,3,3,0,Weekday,0,STORE_003,Supermarket,Rural,Toor Dal,Non-Perishable,95,67,28,102.34,0.0,6856.65,Medium,78
13-03-2025,13,3,3,0,Weekday,0,STORE_003,Supermarket,Rural,Wheat Flour,Non-Perishable,139,137,2,36.07,0.103,4434.39,High,155
13-03-2025,13,3,3,0,Weekday,0,STORE_003,Supermarket,Rural,Cooking Oil,Non-Perishable,161,99,62,199.49,0.0,19749.03,Medium,113
13-03-2025,13,3,3,0,Weekday,0,STORE_003,Supermarket,Rural,Biscuits,Non-Perishable,88,50,38,21.1,0.052,1000.03,Medium,60
13-03-2025,13,3,3,0,Weekday,0,STORE_003,Supermarket,Rural,Snacks,Non-Perishable,105,89,16,50.98,0.078,4182.04,Medium,102
13-03-2025,13,3,3,0,Weekday,0,STORE_003,Supermarket,Rural,Masala,Non-Perishable,160,115,45,64.17,0.0,7379.98,Medium,131
13-03-2025,13,3,3,0,Weekday,0,STORE_003,Supermarket,Rural,Sugar,Non-Perishable,258,187,71,43.51,0.0,8135.96,Medium,210
13-03-2025,13,3,3,0,Weekday,0,STORE_003,Supermarket,Rural,Salt,Non-Perishable,202,144,58,18.84,0.0,2713.42,Medium,163
13-03-2025,13,3,3,0,Weekday,0,STORE_003,Supermarket,Rural,Bread,Perishable,31,31,0,47.4,0.0,1469.51,High,39
13-03-2025,13,3,3,0,Weekday,0,STORE_003,Supermarket,Rural,Eggs,Perishable,27,23,4,45.37,0.0,1043.61,Medium,30
14-03-2025,14,3,4,0,Weekday,0,STORE_001,Small,Urban,Milk,Perishable,5,4,1,32.61,0.0,130.43,Medium,9
14-03-2025,14,3,4,0,Weekday,0,STORE_001,Small,Urban,Curd,Perishable,5,4,1,53.61,0.0,214.43,Medium,9
14-03-2025,14,3,4,0,Weekday,0,STORE_001,Small,Urban,Paneer,Perishable,7,6,1,235.74,0.0,1414.45,Medium,11
14-03-2025,14,3,4,0,Weekday,0,STORE_001,Small,Urban,Rice,Non-Perishable,72,59,13,66.98,0.0,3951.67,Medium,69
14-03-2025,14,3,4,0,Weekday,0,STORE_001,Small,Urban,Toor Dal,Non-Perishable,38,23,15,112.38,0.0,2584.68,Medium,30
14-03-2025,14,3,4,0,Weekday,0,STORE_001,Small,Urban,Wheat Flour,Non-Perishable,35,32,3,28.66,0.0,916.99,High,40
14-03-2025,14,3,4,0,Weekday,0,STORE_001,Small,Urban,Cooking Oil,Non-Perishable,36,32,4,147.81,0.0,4729.99,Medium,40
14-03-2025,14,3,4,0,Weekday,0,STORE_001,Small,Urban,Biscuits,Non-Perishable,36,34,2,11.83,0.0,402.27,High,42
14-03-2025,14,3,4,0,Weekday,0,STORE_001,Small,Urban,Snacks,Non-Perishable,62,60,2,30.69,0.0,1841.41,High,71
14-03-2025,14,3,4,0,Weekday,0,STORE_001,Small,Urban,Masala,Non-Perishable,38,33,5,66.66,0.0,2199.66,Medium,41
14-03-2025,14,3,4,0,Weekday,0,STORE_001,Small,Urban,Sugar,Non-Perishable,55,35,20,56.48,0.0,1976.74,Medium,43
14-03-2025,14,3,4,0,Weekday,0,STORE_001,Small,Urban,Salt,Non-Perishable,50,37,13,18.51,0.0,684.77,Medium,45
14-03-2025,14,3,4,0,Weekday,0,STORE_001,Small,Urban,Bread,Perishable,12,12,0,54.55,0.0,654.61,High,18
14-03-2025,14,3,4,0,Weekday,0,STORE_001,Small,Urban,Eggs,Perishable,5,5,0,30.77,0.058,144.86,High,10
14-03-2025,14,3,4,0,Weekday,0,STORE_002,Medium,Semi-Urban,Milk,Perishable,18,15,3,26.18,0.0,392.75,Medium,21
14-03-2025,14,3,4,0,Weekday,0,STORE_002,Medium,Semi-Urban,Curd,Perishable,19,10,9,55.38,0.128,483.05,Medium,16
14-03-2025,14,3,4,0,Weekday,0,STORE_002,Medium,Semi-Urban,Paneer,Perishable,11,11,0,214.79,0.0,2362.69,High,17
14-03-2025,14,3,4,0,Weekday,0,STORE_002,Medium,Semi-Urban,Rice,Non-Perishable,106,90,16,86.19,0.0,7757.17,Medium,104
14-03-2025,14,3,4,0,Weekday,0,STORE_002,Medium,Semi-Urban,Toor Dal,Non-Perishable,71,66,5,141.39,0.0,9331.75,High,77
14-03-2025,14,3,4,0,Weekday,0,STORE_002,Medium,Semi-Urban,Wheat Flour,Non-Perishable,78,41,37,40.49,0.101,1493.14,Medium,50
14-03-2025,14,3,4,0,Weekday,0,STORE_002,Medium,Semi-Urban,Cooking Oil,Non-Perishable,37,32,5,195.24,0.0,6247.83,Medium,40
14-03-2025,14,3,4,0,Weekday,0,STORE_002,Medium,Semi-Urban,Biscuits,Non-Perishable,61,44,17,13.18,0.0,580.02,Medium,53
14-03-2025,14,3,4,0,Weekday,0,STORE_002,Medium,Semi-Urban,Snacks,Non-Perishable,52,30,22,28.04,0.0,841.35,Medium,38
14-03-2025,14,3,4,0,Weekday,0,STORE_002,Medium,Semi-Urban,Masala,Non-Perishable,61,36,25,42.13,0.0,1516.7,Medium,44
14-03-2025,14,3,4,0,Weekday,0,STORE_002,Medium,Semi-Urban,Sugar,Non-Perishable,126,101,25,49.44,0.0,4993.81,Medium,116
14-03-2025,14,3,4,0,Weekday,0,STORE_002,Medium,Semi-Urban,Salt,Non-Perishable,119,115,4,18.12,0.096,1884.28,High,131
14-03-2025,14,3,4,0,Weekday,0,STORE_002,Medium,Semi-Urban,Bread,Perishable,9,9,0,52.61,0.0,473.53,High,14
14-03-2025,14,3,4,0,Weekday,0,STORE_002,Medium,Semi-Urban,Eggs,Perishable,14,11,3,35.65,0.0,392.17,Medium,17
14-03-2025,14,3,4,0,Weekday,0,STORE_003,Supermarket,Rural,Milk,Perishable,28,17,11,33.36,0.0,567.14,Medium,23
14-03-2025,14,3,4,0,Weekday,0,STORE_003,Supermarket,Rural,Curd,Perishable,18,16,2,49.09,0.0,785.44,Medium,22
14-03-2025,14,3,4,0,Weekday,0,STORE_003,Supermarket,Rural,Paneer,Perishable,36,24,12,185.34,0.0,4448.17,Medium,31
14-03-2025,14,3,4,0,Weekday,0,STORE_003,Supermarket,Rural,Rice,Non-Perishable,175,114,61,79.43,0.0,9054.74,Medium,130
14-03-2025,14,3,4,0,Weekday,0,STORE_003,Supermarket,Rural,Toor Dal,Non-Perishable,268,153,115,111.1,0.0,16998.38,Medium,173
14-03-2025,14,3,4,0,Weekday,0,STORE_003,Supermarket,Rural,Wheat Flour,Non-Perishable,82,78,4,29.9,0.0,2332.39,High,90
14-03-2025,14,3,4,0,Weekday,0,STORE_003,Supermarket,Rural,Cooking Oil,Non-Perishable,91,86,5,176.52,0.0,15180.42,High,99
14-03-2025,14,3,4,0,Weekday,0,STORE_003,Supermarket,Rural,Biscuits,Non-Perishable,117,101,16,16.68,0.0,1685.08,Medium,116
14-03-2025,14,3,4,0,Weekday,0,STORE_003,Supermarket,Rural,Snacks,Non-Perishable,128,99,29,20.06,0.0,1985.89,Medium,113
14-03-2025,14,3,4,0,Weekday,0,STORE_003,Supermarket,Rural,Masala,Non-Perishable,172,148,24,77.87,0.0,11524.54,Medium,167
14-03-2025,14,3,4,0,Weekday,0,STORE_003,Supermarket,Rural,Sugar,Non-Perishable,252,194,58,57.0,0.0,11057.15,Medium,218
14-03-2025,14,3,4,0,Weekday,0,STORE_003,Supermarket,Rural,Salt,Non-Perishable,237,208,29,15.07,0.0,3134.54,Medium,233
14-03-2025,14,3,4,0,Weekday,0,STORE_003,Supermarket,Rural,Bread,Perishable,24,22,2,46.34,0.0,1019.46,High,29
14-03-2025,14,3,4,0,Weekday,0,STORE_003,Supermarket,Rural,Eggs,Perishable,27,19,8,47.12,0.0,895.37,Medium,25
15-03-2025,15,3,5,1,Weekend,0,STORE_001,Small,Urban,Milk,Perishable,7,7,0,25.44,0.079,163.95,High,12
15-03-2025,15,3,5,1,Weekend,0,STORE_001,Small,Urban,Curd,Perishable,8,6,2,58.53,0.0,351.2,Medium,11
15-03-2025,15,3,5,1,Weekend,0,STORE_001,Small,Urban,Paneer,Perishable,9,9,0,199.95,0.13,1564.75,High,14
15-03-2025,15,3,5,1,Weekend,0,STORE_001,Small,Urban,Rice,Non-Perishable,40,23,17,70.13,0.0,1612.94,Medium,30
15-03-2025,15,3,5,1,Weekend,0,STORE_001,Small,Urban,Toor Dal,Non-Perishable,43,32,11,123.55,0.101,3555.25,Medium,40
15-03-2025,15,3,5,1,Weekend,0,STORE_001,Small,Urban,Wheat Flour,Non-Perishable,62,62,0,39.97,0.0,2478.25,High,73
15-03-2025,15,3,5,1,Weekend,0,STORE_001,Small,Urban,Cooking Oil,Non-Perishable,34,31,3,151.79,0.0,4705.64,High,39
15-03-2025,15,3,5,1,Weekend,0,STORE_001,Small,Urban,Biscuits,Non-Perishable,34,34,0,9.76,0.0,332.0,High,42
15-03-2025,15,3,5,1,Weekend,0,STORE_001,Small,Urban,Snacks,Non-Perishable,28,28,0,35.57,0.0,995.92,High,35
15-03-2025,15,3,5,1,Weekend,0,STORE_001,Small,Urban,Masala,Non-Perishable,41,36,5,42.41,0.0,1526.81,Medium,44
15-03-2025,15,3,5,1,Weekend,0,STORE_001,Small,Urban,Sugar,Non-Perishable,25,24,1,52.58,0.0,1261.94,High,31
15-03-2025,15,3,5,1,Weekend,0,STORE_001,Small,Urban,Salt,Non-Perishable,53,53,0,20.47,0.0,1084.86,High,63
15-03-2025,15,3,5,1,Weekend,0,STORE_001,Small,Urban,Bread,Perishable,5,4,1,50.87,0.0,203.49,Medium,9
15-03-2025,15,3,5,1,Weekend,0,STORE_001,Small,Urban,Eggs,Perishable,9,9,0,49.87,0.0,448.83,High,14
15-03-2025,15,3,5,1,Weekend,0,STORE_002,Medium,Semi-Urban,Milk,Perishable,11,9,2,31.21,0.0,280.9,Medium,14
15-03-2025,15,3,5,1,Weekend,0,STORE_002,Medium,Semi-Urban,Curd,Perishable,6,6,0,44.81,0.0,268.84,High,11
15-03-2025,15,3,5,1,Weekend,0,STORE_002,Medium,Semi-Urban,Paneer,Perishable,17,17,0,247.85,0.0,4213.4,High,23
15-03-2025,15,3,5,1,Weekend,0,STORE_002,Medium,Semi-Urban,Rice,Non-Perishable,83,83,0,52.96,0.0,4395.42,High,96
15-03-2025,15,3,5,1,Weekend,0,STORE_002,Medium,Semi-Urban,Toor Dal,Non-Perishable,121,121,0,146.89,0.0,17773.6,High,138
15-03-2025,15,3,5,1,Weekend,0,STORE_002,Medium,Semi-Urban,Wheat Flour,Non-Perishable,60,57,3,31.04,0.0,1769.37,High,67
15-03-2025,15,3,5,1,Weekend,0,STORE_002,Medium,Semi-Urban,Cooking Oil,Non-Perishable,124,124,0,125.32,0.0,15539.1,High,141
15-03-2025,15,3,5,1,Weekend,0,STORE_002,Medium,Semi-Urban,Biscuits,Non-Perishable,73,51,22,24.94,0.091,1156.27,Medium,61
15-03-2025,15,3,5,1,Weekend,0,STORE_002,Medium,Semi-Urban,Snacks,Non-Perishable,86,86,0,58.03,0.0,4990.84,High,99
15-03-2025,15,3,5,1,Weekend,0,STORE_002,Medium,Semi-Urban,Masala,Non-Perishable,65,52,13,91.92,0.0,4779.6,Medium,62
15-03-2025,15,3,5,1,Weekend,0,STORE_002,Medium,Semi-Urban,Sugar,Non-Perishable,106,79,27,46.41,0.0,3666.71,Medium,91
15-03-2025,15,3,5,1,Weekend,0,STORE_002,Medium,Semi-Urban,Salt,Non-Perishable,55,55,0,23.15,0.0,1273.0,High,65
15-03-2025,15,3,5,1,Weekend,0,STORE_002,Medium,Semi-Urban,Bread,Perishable,23,23,0,54.21,0.0,1246.94,High,30
15-03-2025,15,3,5,1,Weekend,0,STORE_002,Medium,Semi-Urban,Eggs,Perishable,15,13,2,48.07,0.06,587.17,Medium,19
15-03-2025,15,3,5,1,Weekend,0,STORE_003,Supermarket,Rural,Milk,Perishable,14,14,0,30.73,0.061,404.04,High,20
15-03-2025,15,3,5,1,Weekend,0,STORE_003,Supermarket,Rural,Curd,Perishable,20,20,0,55.11,0.0,1102.23,High,27
15-03-2025,15,3,5,1,Weekend,0,STORE_003,Supermarket,Rural,Paneer,Perishable,38,38,0,200.77,0.0,7629.21,High,46
15-03-2025,15,3,5,1,Weekend,0,STORE_003,Supermarket,Rural,Rice,Non-Perishable,82,71,11,61.52,0.0,4368.04,Medium,83
15-03-2025,15,3,5,1,Weekend,0,STORE_003,Supermarket,Rural,Toor Dal,Non-Perishable,99,99,0,136.64,0.078,12476.14,High,113
15-03-2025,15,3,5,1,Weekend,0,STORE_003,Supermarket,Rural,Wheat Flour,Non-Perishable,92,66,26,38.25,0.064,2362.42,Medium,77
15-03-2025,15,3,5,1,Weekend,0,STORE_003,Supermarket,Rural,Cooking Oil,Non-Perishable,111,111,0,183.02,0.0,20314.96,High,127
15-03-2025,15,3,5,1,Weekend,0,STORE_003,Supermarket,Rural,Biscuits,Non-Perishable,137,81,56,22.62,0.0,1831.9,Medium,94
15-03-2025,15,3,5,1,Weekend,0,STORE_003,Supermarket,Rural,Snacks,Non-Perishable,183,155,28,64.63,0.0,10018.11,Medium,175
15-03-2025,15,3,5,1,Weekend,0,STORE_003,Supermarket,Rural,Masala,Non-Perishable,80,54,26,112.44,0.0,6071.97,Medium,64
15-03-2025,15,3,5,1,Weekend,0,STORE_003,Supermarket,Rural,Sugar,Non-Perishable,105,92,13,41.37,0.105,3408.13,Medium,106
15-03-2025,15,3,5,1,Weekend,0,STORE_003,Supermarket,Rural,Salt,Non-Perishable,189,189,0,18.91,0.0,3574.37,High,212
15-03-2025,15,3,5,1,Weekend,0,STORE_003,Supermarket,Rural,Bread,Perishable,53,49,4,48.22,0.0,2362.74,High,58
15-03-2025,15,3,5,1,Weekend,0,STORE_003,Supermarket,Rural,Eggs,Perishable,34,34,0,31.73,0.0,1078.67,High,42
16-03-2025,16,3,6,1,Weekend,0,STORE_001,Small,Urban,Milk,Perishable,8,7,1,22.41,0.0,156.87,Medium,12
16-03-2025,16,3,6,1,Weekend,0,STORE_001,Small,Urban,Curd,Perishable,4,4,0,45.09,0.0,180.35,High,9
16-03-2025,16,3,6,1,Weekend,0,STORE_001,Small,Urban,Paneer,Perishable,14,14,0,205.14,0.072,2666.05,High,20
16-03-2025,16,3,6,1,Weekend,0,STORE_001,Small,Urban,Rice,Non-Perishable,53,48,5,71.47,0.0,3430.67,High,57
16-03-2025,16,3,6,1,Weekend,0,STORE_001,Small,Urban,Toor Dal,Non-Perishable,22,20,2,100.6,0.0,2011.98,High,27
16-03-2025,16,3,6,1,Weekend,0,STORE_001,Small,Urban,Wheat Flour,Non-Perishable,21,19,2,41.79,0.0,794.05,High,25
16-03-2025,16,3,6,1,Weekend,0,STORE_001,Small,Urban,Cooking Oil,Non-Perishable,29,29,0,151.62,0.0,4396.84,High,36
16-03-2025,16,3,6,1,Weekend,0,STORE_001,Small,Urban,Biscuits,Non-Perishable,28,28,0,26.72,0.0,748.13,High,35
16-03-2025,16,3,6,1,Weekend,0,STORE_001,Small,Urban,Snacks,Non-Perishable,60,60,0,51.92,0.0,3115.23,High,71
16-03-2025,16,3,6,1,Weekend,0,STORE_001,Small,Urban,Masala,Non-Perishable,50,50,0,67.22,0.0,3361.15,High,60
16-03-2025,16,3,6,1,Weekend,0,STORE_001,Small,Urban,Sugar,Non-Perishable,31,31,0,52.47,0.0,1626.49,High,39
16-03-2025,16,3,6,1,Weekend,0,STORE_001,Small,Urban,Salt,Non-Perishable,46,46,0,22.41,0.0,1030.75,High,55
16-03-2025,16,3,6,1,Weekend,0,STORE_001,Small,Urban,Bread,Perishable,3,2,1,47.93,0.0,95.85,Medium,7
16-03-2025,16,3,6,1,Weekend,0,STORE_001,Small,Urban,Eggs,Perishable,9,6,3,46.97,0.057,265.88,Medium,11
16-03-2025,16,3,6,1,Weekend,0,STORE_002,Medium,Semi-Urban,Milk,Perishable,21,14,7,24.92,0.0,348.95,Medium,20
16-03-2025,16,3,6,1,Weekend,0,STORE_002,Medium,Semi-Urban,Curd,Perishable,15,15,0,49.54,0.0,743.12,High,21
16-03-2025,16,3,6,1,Weekend,0,STORE_002,Medium,Semi-Urban,Paneer,Perishable,13,12,1,227.52,0.076,2523.36,High,18
16-03-2025,16,3,6,1,Weekend,0,STORE_002,Medium,Semi-Urban,Rice,Non-Perishable,49,41,8,75.62,0.0,3100.51,Medium,50
16-03-2025,16,3,6,1,Weekend,0,STORE_002,Medium,Semi-Urban,Toor Dal,Non-Perishable,53,41,12,111.19,0.0,4558.73,Medium,50
16-03-2025,16,3,6,1,Weekend,0,STORE_002,Medium,Semi-Urban,Wheat Flour,Non-Perishable,75,75,0,36.78,0.0,2758.3,High,87
16-03-2025,16,3,6,1,Weekend,0,STORE_002,Medium,Semi-Urban,Cooking Oil,Non-Perishable,88,60,28,154.67,0.0,9280.09,Medium,71
16-03-2025,16,3,6,1,Weekend,0,STORE_002,Medium,Semi-Urban,Biscuits,Non-Perishable,57,57,0,21.54,0.0,1227.8,High,67
16-03-2025,16,3,6,1,Weekend,0,STORE_002,Medium,Semi-Urban,Snacks,Non-Perishable,124,97,27,35.12,0.064,3189.72,Medium,111
16-03-2025,16,3,6,1,Weekend,0,STORE_002,Medium,Semi-Urban,Masala,Non-Perishable,44,42,2,54.45,0.0,2286.94,High,51
16-03-2025,16,3,6,1,Weekend,0,STORE_002,Medium,Semi-Urban,Sugar,Non-Perishable,79,63,16,41.16,0.0,2593.39,Medium,74
16-03-2025,16,3,6,1,Weekend,0,STORE_002,Medium,Semi-Urban,Salt,Non-Perishable,71,65,6,22.46,0.0,1459.96,High,76
16-03-2025,16,3,6,1,Weekend,0,STORE_002,Medium,Semi-Urban,Bread,Perishable,19,18,1,44.02,0.0,792.35,High,24
16-03-2025,16,3,6,1,Weekend,0,STORE_002,Medium,Semi-Urban,Eggs,Perishable,17,11,6,46.88,0.0,515.65,Medium,17
16-03-2025,16,3,6,1,Weekend,0,STORE_003,Supermarket,Rural,Milk,Perishable,49,39,10,25.64,0.0,999.81,Medium,47
16-03-2025,16,3,6,1,Weekend,0,STORE_003,Supermarket,Rural,Curd,Perishable,18,18,0,43.06,0.0,775.16,High,24
16-03-2025,16,3,6,1,Weekend,0,STORE_003,Supermarket,Rural,Paneer,Perishable,16,16,0,200.5,0.0,3207.94,High,22
16-03-2025,16,3,6,1,Weekend,0,STORE_003,Supermarket,Rural,Rice,Non-Perishable,189,189,0,57.63,0.0,10891.45,High,212
16-03-2025,16,3,6,1,Weekend,0,STORE_003,Supermarket,Rural,Toor Dal,Non-Perishable,205,197,8,125.51,0.0,24725.6,High,221
16-03-2025,16,3,6,1,Weekend,0,STORE_003,Supermarket,Rural,Wheat Flour,Non-Perishable,249,249,0,35.24,0.107,7831.29,High,278
16-03-2025,16,3,6,1,Weekend,0,STORE_003,Supermarket,Rural,Cooking Oil,Non-Perishable,134,106,28,145.27,0.0,15398.96,Medium,121
16-03-2025,16,3,6,1,Weekend,0,STORE_003,Supermarket,Rural,Biscuits,Non-Perishable,51,43,8,7.39,0.0,317.56,Medium,52
16-03-2025,16,3,6,1,Weekend,0,STORE_003,Supermarket,Rural,Snacks,Non-Perishable,104,91,13,21.25,0.0,1933.9,Medium,105
16-03-2025,16,3,6,1,Weekend,0,STORE_003,Supermarket,Rural,Masala,Non-Perishable,102,102,0,52.4,0.0,5345.29,High,117
16-03-2025,16,3,6,1,Weekend,0,STORE_003,Supermarket,Rural,Sugar,Non-Perishable,221,191,30,58.41,0.062,10463.58,Medium,215
16-03-2025,16,3,6,1,Weekend,0,STORE_003,Supermarket,Rural,Salt,Non-Perishable,238,159,79,17.64,0.0,2805.21,Medium,179
16-03-2025,16,3,6,1,Weekend,0,STORE_003,Supermarket,Rural,Bread,Perishable,29,23,6,35.02,0.0,805.49,Medium,30
16-03-2025,16,3,6,1,Weekend,0,STORE_003,Supermarket,Rural,Eggs,Perishable,30,29,1,34.62,0.0,1003.85,High,36
17-03-2025,17,3,0,0,Weekday,0,STORE_001,Small,Urban,Milk,Perishable,12,9,3,33.85,0.0,304.62,Medium,14
17-03-2025,17,3,0,0,Weekday,0,STORE_001,Small,Urban,Curd,Perishable,4,4,0,51.23,0.0,204.93,High,9
17-03-2025,17,3,0,0,Weekday,0,STORE_001,Small,Urban,Paneer,Perishable,10,10,0,216.9,0.07,2017.02,High,16
17-03-2025,17,3,0,0,Weekday,0,STORE_001,Small,Urban,Rice,Non-Perishable,24,15,9,66.67,0.0,1000.1,Medium,21
17-03-2025,17,3,0,0,Weekday,0,STORE_001,Small,Urban,Toor Dal,Non-Perishable,57,44,13,148.73,0.0,6544.17,Medium,53
17-03-2025,17,3,0,0,Weekday,0,STORE_001,Small,Urban,Wheat Flour,Non-Perishable,31,22,9,41.36,0.0,909.96,Medium,29
17-03-2025,17,3,0,0,Weekday,0,STORE_001,Small,Urban,Cooking Oil,Non-Perishable,43,22,21,139.63,0.0,3071.84,Medium,29
17-03-2025,17,3,0,0,Weekday,0,STORE_001,Small,Urban,Biscuits,Non-Perishable,46,41,5,10.02,0.123,360.32,Medium,50
17-03-2025,17,3,0,0,Weekday,0,STORE_001,Small,Urban,Snacks,Non-Perishable,48,26,22,51.48,0.0,1338.41,Medium,33
17-03-2025,17,3,0,0,Weekday,0,STORE_001,Small,Urban,Masala,Non-Perishable,57,37,20,102.81,0.109,3390.82,Medium,45
17-03-2025,17,3,0,0,Weekday,0,STORE_001,Small,Urban,Sugar,Non-Perishable,61,41,20,54.73,0.0,2243.8,Medium,50
17-03-2025,17,3,0,0,Weekday,0,STORE_001,Small,Urban,Salt,Non-Perishable,50,50,0,24.85,0.0,1242.35,High,60
17-03-2025,17,3,0,0,Weekday,0,STORE_001,Small,Urban,Bread,Perishable,3,2,1,51.97,0.0,103.94,Medium,7
17-03-2025,17,3,0,0,Weekday,0,STORE_001,Small,Urban,Eggs,Perishable,4,2,2,41.23,0.0,82.46,Medium,7
17-03-2025,17,3,0,0,Weekday,0,STORE_002,Medium,Semi-Urban,Milk,Perishable,23,16,7,29.62,0.0,473.87,Medium,22
17-03-2025,17,3,0,0,Weekday,0,STORE_002,Medium,Semi-Urban,Curd,Perishable,16,16,0,58.55,0.06,880.92,High,22
17-03-2025,17,3,0,0,Weekday,0,STORE_002,Medium,Semi-Urban,Paneer,Perishable,13,7,6,247.77,0.0,1734.36,Medium,12
17-03-2025,17,3,0,0,Weekday,0,STORE_002,Medium,Semi-Urban,Rice,Non-Perishable,122,113,9,89.85,0.114,8995.58,High,129
17-03-2025,17,3,0,0,Weekday,0,STORE_002,Medium,Semi-Urban,Toor Dal,Non-Perishable,94,51,43,149.13,0.0,7605.53,Medium,61
17-03-2025,17,3,0,0,Weekday,0,STORE_002,Medium,Semi-Urban,Wheat Flour,Non-Perishable,68,47,21,29.18,0.0,1371.63,Medium,56
17-03-2025,17,3,0,0,Weekday,0,STORE_002,Medium,Semi-Urban,Cooking Oil,Non-Perishable,108,104,4,147.41,0.0,15330.73,High,119
17-03-2025,17,3,0,0,Weekday,0,STORE_002,Medium,Semi-Urban,Biscuits,Non-Perishable,114,102,12,11.66,0.0,1189.1,Medium,117
17-03-2025,17,3,0,0,Weekday,0,STORE_002,Medium,Semi-Urban,Snacks,Non-Perishable,69,62,7,58.6,0.0,3633.09,Medium,73
17-03-2025,17,3,0,0,Weekday,0,STORE_002,Medium,Semi-Urban,Masala,Non-Perishable,145,133,12,89.45,0.1,10713.17,High,151
17-03-2025,17,3,0,0,Weekday,0,STORE_002,Medium,Semi-Urban,Sugar,Non-Perishable,60,39,21,41.3,0.0,1610.61,Medium,47
17-03-2025,17,3,0,0,Weekday,0,STORE_002,Medium,Semi-Urban,Salt,Non-Perishable,57,51,6,18.48,0.0,942.51,Medium,61
17-03-2025,17,3,0,0,Weekday,0,STORE_002,Medium,Semi-Urban,Bread,Perishable,7,4,3,48.75,0.0,195.0,Medium,9
17-03-2025,17,3,0,0,Weekday,0,STORE_002,Medium,Semi-Urban,Eggs,Perishable,15,13,2,32.21,0.0,418.71,Medium,19
17-03-2025,17,3,0,0,Weekday,0,STORE_003,Supermarket,Rural,Milk,Perishable,13,10,3,31.87,0.0,318.71,Medium,16
17-03-2025,17,3,0,0,Weekday,0,STORE_003,Supermarket,Rural,Curd,Perishable,33,28,5,59.3,0.0,1660.4,Medium,35
17-03-2025,17,3,0,0,Weekday,0,STORE_003,Supermarket,Rural,Paneer,Perishable,22,10,12,205.66,0.0,2056.58,Low,16
17-03-2025,17,3,0,0,Weekday,0,STORE_003,Supermarket,Rural,Rice,Non-Perishable,248,212,36,68.12,0.095,13076.14,Medium,238
17-03-2025,17,3,0,0,Weekday,0,STORE_003,Supermarket,Rural,Toor Dal,Non-Perishable,152,100,52,144.7,0.0,14470.49,Medium,115
17-03-2025,17,3,0,0,Weekday,0,STORE_003,Supermarket,Rural,Wheat Flour,Non-Perishable,197,147,50,29.63,0.0,4355.47,Medium,166
17-03-2025,17,3,0,0,Weekday,0,STORE_003,Supermarket,Rural,Cooking Oil,Non-Perishable,85,68,17,161.35,0.0,10971.8,Medium,79
17-03-2025,17,3,0,0,Weekday,0,STORE_003,Supermarket,Rural,Biscuits,Non-Perishable,144,117,27,22.37,0.0,2616.95,Medium,133
17-03-2025,17,3,0,0,Weekday,0,STORE_003,Supermarket,Rural,Snacks,Non-Perishable,146,98,48,78.67,0.0,7710.05,Medium,112
17-03-2025,17,3,0,0,Weekday,0,STORE_003,Supermarket,Rural,Masala,Non-Perishable,95,71,24,44.01,0.0,3124.6,Medium,83
17-03-2025,17,3,0,0,Weekday,0,STORE_003,Supermarket,Rural,Sugar,Non-Perishable,221,159,62,53.9,0.0,8570.52,Medium,179
17-03-2025,17,3,0,0,Weekday,0,STORE_003,Supermarket,Rural,Salt,Non-Perishable,184,162,22,23.59,0.0,3821.38,Medium,183
17-03-2025,17,3,0,0,Weekday,0,STORE_003,Supermarket,Rural,Bread,Perishable,50,34,16,44.66,0.0,1518.33,Medium,42
17-03-2025,17,3,0,0,Weekday,0,STORE_003,Supermarket,Rural,Eggs,Perishable,14,14,0,36.06,0.114,447.06,High,20
18-03-2025,18,3,1,0,Weekday,0,STORE_001,Small,Urban,Milk,Perishable,10,5,5,22.96,0.0,114.81,Medium,10
18-03-2025,18,3,1,0,Weekday,0,STORE_001,Small,Urban,Curd,Perishable,14,14,0,55.66,0.0,779.21,High,20
18-03-2025,18,3,1,0,Weekday,0,STORE_001,Small,Urban,Paneer,Perishable,3,3,0,199.44,0.0,598.32,High,8
18-03-2025,18,3,1,0,Weekday,0,STORE_001,Small,Urban,Rice,Non-Perishable,54,35,19,85.54,0.0,2993.83,Medium,43
18-03-2025,18,3,1,0,Weekday,0,STORE_001,Small,Urban,Toor Dal,Non-Perishable,21,14,7,107.07,0.0,1498.92,Medium,20
18-03-2025,18,3,1,0,Weekday,0,STORE_001,Small,Urban,Wheat Flour,Non-Perishable,25,20,5,30.31,0.0,606.27,Medium,27
18-03-2025,18,3,1,0,Weekday,0,STORE_001,Small,Urban,Cooking Oil,Non-Perishable,37,31,6,147.21,0.0,4563.55,Medium,39
18-03-2025,18,3,1,0,Weekday,0,STORE_001,Small,Urban,Biscuits,Non-Perishable,34,22,12,10.92,0.0,240.31,Medium,29
18-03-2025,18,3,1,0,Weekday,0,STORE_001,Small,Urban,Snacks,Non-Perishable,65,55,10,63.31,0.0,3482.08,Medium,65
18-03-2025,18,3,1,0,Weekday,0,STORE_001,Small,Urban,Masala,Non-Perishable,36,32,4,82.66,0.0,2645.05,Medium,40
18-03-2025,18,3,1,0,Weekday,0,STORE_001,Small,Urban,Sugar,Non-Perishable,40,27,13,48.88,0.0,1319.75,Medium,34
18-03-2025,18,3,1,0,Weekday,0,STORE_001,Small,Urban,Salt,Non-Perishable,52,28,24,20.95,0.0,586.54,Medium,35
18-03-2025,18,3,1,0,Weekday,0,STORE_001,Small,Urban,Bread,Perishable,6,4,2,45.48,0.0,181.92,Medium,9
18-03-2025,18,3,1,0,Weekday,0,STORE_001,Small,Urban,Eggs,Perishable,8,8,0,36.0,0.0,288.04,High,13
18-03-2025,18,3,1,0,Weekday,0,STORE_002,Medium,Semi-Urban,Milk,Perishable,22,22,0,32.76,0.0,720.63,High,29
18-03-2025,18,3,1,0,Weekday,0,STORE_002,Medium,Semi-Urban,Curd,Perishable,7,6,1,41.34,0.0,248.07,Medium,11
18-03-2025,18,3,1,0,Weekday,0,STORE_002,Medium,Semi-Urban,Paneer,Perishable,13,9,4,209.43,0.0,1884.88,Medium,14
18-03-2025,18,3,1,0,Weekday,0,STORE_002,Medium,Semi-Urban,Rice,Non-Perishable,129,77,52,61.95,0.0,4770.04,Medium,89
18-03-2025,18,3,1,0,Weekday,0,STORE_002,Medium,Semi-Urban,Toor Dal,Non-Perishable,141,137,4,149.94,0.0,20541.73,High,155
18-03-2025,18,3,1,0,Weekday,0,STORE_002,Medium,Semi-Urban,Wheat Flour,Non-Perishable,73,56,17,29.27,0.122,1438.39,Medium,66
18-03-2025,18,3,1,0,Weekday,0,STORE_002,Medium,Semi-Urban,Cooking Oil,Non-Perishable,89,73,16,127.28,0.0,9291.26,Medium,85
18-03-2025,18,3,1,0,Weekday,0,STORE_002,Medium,Semi-Urban,Biscuits,Non-Perishable,81,81,0,23.11,0.0,1872.26,High,94
18-03-2025,18,3,1,0,Weekday,0,STORE_002,Medium,Semi-Urban,Snacks,Non-Perishable,71,62,9,43.07,0.0,2670.51,Medium,73
18-03-2025,18,3,1,0,Weekday,0,STORE_002,Medium,Semi-Urban,Masala,Non-Perishable,101,71,30,88.0,0.0,6248.16,Medium,83
18-03-2025,18,3,1,0,Weekday,0,STORE_002,Medium,Semi-Urban,Sugar,Non-Perishable,117,88,29,52.14,0.0,4587.98,Medium,101
18-03-2025,18,3,1,0,Weekday,0,STORE_002,Medium,Semi-Urban,Salt,Non-Perishable,56,54,2,16.18,0.081,802.83,High,64
18-03-2025,18,3,1,0,Weekday,0,STORE_002,Medium,Semi-Urban,Bread,Perishable,8,6,2,56.35,0.084,309.74,Medium,11
18-03-2025,18,3,1,0,Weekday,0,STORE_002,Medium,Semi-Urban,Eggs,Perishable,9,6,3,34.54,0.0,207.27,Medium,11
18-03-2025,18,3,1,0,Weekday,0,STORE_003,Supermarket,Rural,Milk,Perishable,22,15,7,25.3,0.0,379.47,Medium,21
18-03-2025,18,3,1,0,Weekday,0,STORE_003,Supermarket,Rural,Curd,Perishable,12,7,5,40.91,0.0,286.39,Medium,12
18-03-2025,18,3,1,0,Weekday,0,STORE_003,Supermarket,Rural,Paneer,Perishable,13,7,6,235.85,0.0,1650.92,Medium,12
18-03-2025,18,3,1,0,Weekday,0,STORE_003,Supermarket,Rural,Rice,Non-Perishable,228,203,25,72.09,0.0,14635.24,Medium,228
18-03-2025,18,3,1,0,Weekday,0,STORE_003,Supermarket,Rural,Toor Dal,Non-Perishable,131,131,0,125.35,0.0,16421.03,High,149
18-03-2025,18,3,1,0,Weekday,0,STORE_003,Supermarket,Rural,Wheat Flour,Non-Perishable,113,78,35,37.4,0.0,2917.52,Medium,90
18-03-2025,18,3,1,0,Weekday,0,STORE_003,Supermarket,Rural,Cooking Oil,Non-Perishable,228,158,70,174.06,0.0,27501.34,Medium,178
18-03-2025,18,3,1,0,Weekday,0,STORE_003,Supermarket,Rural,Biscuits,Non-Perishable,160,154,6,11.88,0.0,1829.6,High,174
18-03-2025,18,3,1,0,Weekday,0,STORE_003,Supermarket,Rural,Snacks,Non-Perishable,123,77,46,31.65,0.0,2437.4,Medium,89
18-03-2025,18,3,1,0,Weekday,0,STORE_003,Supermarket,Rural,Masala,Non-Perishable,136,87,49,56.59,0.0,4923.35,Medium,100
18-03-2025,18,3,1,0,Weekday,0,STORE_003,Supermarket,Rural,Sugar,Non-Perishable,173,120,53,44.63,0.0,5355.17,Medium,137
18-03-2025,18,3,1,0,Weekday,0,STORE_003,Supermarket,Rural,Salt,Non-Perishable,161,113,48,24.8,0.0,2802.77,Medium,129
18-03-2025,18,3,1,0,Weekday,0,STORE_003,Supermarket,Rural,Bread,Perishable,28,16,12,30.51,0.0,488.18,Medium,22
18-03-2025,18,3,1,0,Weekday,0,STORE_003,Supermarket,Rural,Eggs,Perishable,22,15,7,35.1,0.0,526.53,Medium,21
19-03-2025,19,3,2,0,Weekday,0,STORE_001,Small,Urban,Milk,Perishable,16,16,0,34.4,0.071,511.47,High,22
19-03-2025,19,3,2,0,Weekday,0,STORE_001,Small,Urban,Curd,Perishable,2,1,1,48.42,0.115,42.83,Medium,6
19-03-2025,19,3,2,0,Weekday,0,STORE_001,Small,Urban,Paneer,Perishable,6,4,2,249.86,0.0,999.43,Medium,9
19-03-2025,19,3,2,0,Weekday,0,STORE_001,Small,Urban,Rice,Non-Perishable,24,18,6,67.55,0.0,1215.98,Medium,24
19-03-2025,19,3,2,0,Weekday,0,STORE_001,Small,Urban,Toor Dal,Non-Perishable,55,51,4,134.65,0.124,6016.59,High,61
19-03-2025,19,3,2,0,Weekday,0,STORE_001,Small,Urban,Wheat Flour,Non-Perishable,57,53,4,39.54,0.084,1919.48,High,63
19-03-2025,19,3,2,0,Weekday,0,STORE_001,Small,Urban,Cooking Oil,Non-Perishable,37,21,16,170.42,0.068,3337.06,Medium,28
19-03-2025,19,3,2,0,Weekday,0,STORE_001,Small,Urban,Biscuits,Non-Perishable,43,23,20,8.3,0.09,173.76,Medium,30
19-03-2025,19,3,2,0,Weekday,0,STORE_001,Small,Urban,Snacks,Non-Perishable,31,31,0,32.0,0.0,992.02,High,39
19-03-2025,19,3,2,0,Weekday,0,STORE_001,Small,Urban,Masala,Non-Perishable,26,19,7,81.26,0.0,1543.97,Medium,25
19-03-2025,19,3,2,0,Weekday,0,STORE_001,Small,Urban,Sugar,Non-Perishable,54,33,21,47.49,0.0,1567.13,Medium,41
19-03-2025,19,3,2,0,Weekday,0,STORE_001,Small,Urban,Salt,Non-Perishable,52,32,20,22.49,0.0,719.64,Medium,40
19-03-2025,19,3,2,0,Weekday,0,STORE_001,Small,Urban,Bread,Perishable,7,5,2,58.49,0.0,292.47,Medium,10
19-03-2025,19,3,2,0,Weekday,0,STORE_001,Small,Urban,Eggs,Perishable,3,2,1,33.19,0.0,66.38,Medium,7
19-03-2025,19,3,2,0,Weekday,0,STORE_002,Medium,Semi-Urban,Milk,Perishable,21,17,4,29.42,0.0,500.16,Medium,23
19-03-2025,19,3,2,0,Weekday,0,STORE_002,Medium,Semi-Urban,Curd,Perishable,9,7,2,49.04,0.0,343.3,Medium,12
19-03-2025,19,3,2,0,Weekday,0,STORE_002,Medium,Semi-Urban,Paneer,Perishable,16,11,5,191.64,0.0,2108.02,Medium,17
19-03-2025,19,3,2,0,Weekday,0,STORE_002,Medium,Semi-Urban,Rice,Non-Perishable,158,138,20,87.41,0.0,12062.25,Medium,156
19-03-2025,19,3,2,0,Weekday,0,STORE_002,Medium,Semi-Urban,Toor Dal,Non-Perishable,126,92,34,144.76,0.0,13317.63,Medium,106
19-03-2025,19,3,2,0,Weekday,0,STORE_002,Medium,Semi-Urban,Wheat Flour,Non-Perishable,119,65,54,32.73,0.0,2127.38,Medium,76
19-03-2025,19,3,2,0,Weekday,0,STORE_002,Medium,Semi-Urban,Cooking Oil,Non-Perishable,83,72,11,155.67,0.088,10224.38,Medium,84
19-03-2025,19,3,2,0,Weekday,0,STORE_002,Medium,Semi-Urban,Biscuits,Non-Perishable,93,58,35,21.22,0.0,1230.65,Medium,68
19-03-2025,19,3,2,0,Weekday,0,STORE_002,Medium,Semi-Urban,Snacks,Non-Perishable,80,80,0,51.88,0.145,3547.36,High,93
19-03-2025,19,3,2,0,Weekday,0,STORE_002,Medium,Semi-Urban,Masala,Non-Perishable,55,45,10,77.79,0.0,3500.36,Medium,54
19-03-2025,19,3,2,0,Weekday,0,STORE_002,Medium,Semi-Urban,Sugar,Non-Perishable,117,117,0,54.5,0.0,6376.63,High,133
19-03-2025,19,3,2,0,Weekday,0,STORE_002,Medium,Semi-Urban,Salt,Non-Perishable,133,93,40,23.58,0.0,2192.73,Medium,107
19-03-2025,19,3,2,0,Weekday,0,STORE_002,Medium,Semi-Urban,Bread,Perishable,6,4,2,50.06,0.0,200.26,Medium,9
19-03-2025,19,3,2,0,Weekday,0,STORE_002,Medium,Semi-Urban,Eggs,Perishable,20,18,2,33.35,0.0,600.32,High,24
19-03-2025,19,3,2,0,Weekday,0,STORE_003,Supermarket,Rural,Milk,Perishable,19,13,6,27.92,0.0,362.97,Medium,19
19-03-2025,19,3,2,0,Weekday,0,STORE_003,Supermarket,Rural,Curd,Perishable,29,22,7,50.56,0.0,1112.33,Medium,29
19-03-2025,19,3,2,0,Weekday,0,STORE_003,Supermarket,Rural,Paneer,Perishable,19,18,1,237.44,0.0,4274.01,High,24
19-03-2025,19,3,2,0,Weekday,0,STORE_003,Supermarket,Rural,Rice,Non-Perishable,149,142,7,72.53,0.0,10299.17,High,161
19-03-2025,19,3,2,0,Weekday,0,STORE_003,Supermarket,Rural,Toor Dal,Non-Perishable,127,97,30,108.03,0.0,10478.69,Medium,111
19-03-2025,19,3,2,0,Weekday,0,STORE_003,Supermarket,Rural,Wheat Flour,Non-Perishable,111,69,42,33.66,0.0,2322.84,Medium,80
19-03-2025,19,3,2,0,Weekday,0,STORE_003,Supermarket,Rural,Cooking Oil,Non-Perishable,121,93,28,168.6,0.09,14265.22,Medium,107
19-03-2025,19,3,2,0,Weekday,0,STORE_003,Supermarket,Rural,Biscuits,Non-Perishable,107,96,11,15.41,0.0,1479.38,Medium,110
19-03-2025,19,3,2,0,Weekday,0,STORE_003,Supermarket,Rural,Snacks,Non-Perishable,256,180,76,48.64,0.0,8755.5,Medium,203
19-03-2025,19,3,2,0,Weekday,0,STORE_003,Supermarket,Rural,Masala,Non-Perishable,78,56,22,40.09,0.0,2244.89,Medium,66
19-03-2025,19,3,2,0,Weekday,0,STORE_003,Supermarket,Rural,Sugar,Non-Perishable,109,96,13,49.79,0.0,4780.26,Medium,110
19-03-2025,19,3,2,0,Weekday,0,STORE_003,Supermarket,Rural,Salt,Non-Perishable,149,117,32,16.16,0.116,1671.41,Medium,133
19-03-2025,19,3,2,0,Weekday,0,STORE_003,Supermarket,Rural,Bread,Perishable,17,10,7,51.08,0.117,450.99,Medium,16
19-03-2025,19,3,2,0,Weekday,0,STORE_003,Supermarket,Rural,Eggs,Perishable,24,21,3,42.97,0.0,902.41,Medium,28
20-03-2025,20,3,3,0,Weekday,0,STORE_001,Small,Urban,Milk,Perishable,8,7,1,25.73,0.0,180.13,Medium,12
20-03-2025,20,3,3,0,Weekday,0,STORE_001,Small,Urban,Curd,Perishable,5,2,3,43.59,0.0,87.17,Low,7
20-03-2025,20,3,3,0,Weekday,0,STORE_001,Small,Urban,Paneer,Perishable,6,5,1,248.49,0.0,1242.45,Medium,10
20-03-2025,20,3,3,0,Weekday,0,STORE_001,Small,Urban,Rice,Non-Perishable,33,20,13,79.17,0.0,1583.46,Medium,27
20-03-2025,20,3,3,0,Weekday,0,STORE_001,Small,Urban,Toor Dal,Non-Perishable,25,20,5,128.99,0.0,2579.77,Medium,27
20-03-2025,20,3,3,0,Weekday,0,STORE_001,Small,Urban,Wheat Flour,Non-Perishable,21,19,2,39.34,0.0,747.53,High,25
20-03-2025,20,3,3,0,Weekday,0,STORE_001,Small,Urban,Cooking Oil,Non-Perishable,56,48,8,162.45,0.0,7797.64,Medium,57
20-03-2025,20,3,3,0,Weekday,0,STORE_001,Small,Urban,Biscuits,Non-Perishable,54,33,21,28.67,0.0,946.18,Medium,41
20-03-2025,20,3,3,0,Weekday,0,STORE_001,Small,Urban,Snacks,Non-Perishable,20,14,6,74.1,0.0,1037.4,Medium,20
20-03-2025,20,3,3,0,Weekday,0,STORE_001,Small,Urban,Masala,Non-Perishable,55,33,22,115.64,0.0,3815.99,Medium,41
20-03-2025,20,3,3,0,Weekday,0,STORE_001,Small,Urban,Sugar,Non-Perishable,33,30,3,50.68,0.0,1520.37,High,38
20-03-2025,20,3,3,0,Weekday,0,STORE_001,Small,Urban,Salt,Non-Perishable,60,41,19,17.67,0.0,724.31,Medium,50
20-03-2025,20,3,3,0,Weekday,0,STORE_001,Small,Urban,Bread,Perishable,6,4,2,55.99,0.0,223.96,Medium,9
20-03-2025,20,3,3,0,Weekday,0,STORE_001,Small,Urban,Eggs,Perishable,4,3,1,40.64,0.0,121.91,Medium,8
20-03-2025,20,3,3,0,Weekday,0,STORE_002,Medium,Semi-Urban,Milk,Perishable,14,9,5,22.4,0.064,188.7,Medium,14
20-03-2025,20,3,3,0,Weekday,0,STORE_002,Medium,Semi-Urban,Curd,Perishable,17,17,0,42.01,0.0,714.1,High,23
20-03-2025,20,3,3,0,Weekday,0,STORE_002,Medium,Semi-Urban,Paneer,Perishable,10,5,5,223.93,0.0,1119.67,Medium,10
20-03-2025,20,3,3,0,Weekday,0,STORE_002,Medium,Semi-Urban,Rice,Non-Perishable,83,69,14,63.68,0.0,4393.73,Medium,80
20-03-2025,20,3,3,0,Weekday,0,STORE_002,Medium,Semi-Urban,Toor Dal,Non-Perishable,84,69,15,118.54,0.0,8178.92,Medium,80
20-03-2025,20,3,3,0,Weekday,0,STORE_002,Medium,Semi-Urban,Wheat Flour,Non-Perishable,77,62,15,39.47,0.0,2447.45,Medium,73
20-03-2025,20,3,3,0,Weekday,0,STORE_002,Medium,Semi-Urban,Cooking Oil,Non-Perishable,76,45,31,188.76,0.0,8494.08,Medium,54
20-03-2025,20,3,3,0,Weekday,0,STORE_002,Medium,Semi-Urban,Biscuits,Non-Perishable,44,44,0,19.94,0.053,830.3,High,53
20-03-2025,20,3,3,0,Weekday,0,STORE_002,Medium,Semi-Urban,Snacks,Non-Perishable,143,105,38,73.56,0.0,7724.05,Medium,120
20-03-2025,20,3,3,0,Weekday,0,STORE_002,Medium,Semi-Urban,Masala,Non-Perishable,80,55,25,104.27,0.0,5734.99,Medium,65
20-03-2025,20,3,3,0,Weekday,0,STORE_002,Medium,Semi-Urban,Sugar,Non-Perishable,143,117,26,44.32,0.0,5185.8,Medium,133
20-03-2025,20,3,3,0,Weekday,0,STORE_002,Medium,Semi-Urban,Salt,Non-Perishable,148,145,3,18.55,0.0,2689.39,High,164
20-03-2025,20,3,3,0,Weekday,0,STORE_002,Medium,Semi-Urban,Bread,Perishable,16,10,6,49.82,0.075,460.88,Medium,16
20-03-2025,20,3,3,0,Weekday,0,STORE_002,Medium,Semi-Urban,Eggs,Perishable,11,7,4,37.29,0.0,261.02,Medium,12
20-03-2025,20,3,3,0,Weekday,0,STORE_003,Supermarket,Rural,Milk,Perishable,41,34,7,34.15,0.051,1101.62,Medium,42
20-03-2025,20,3,3,0,Weekday,0,STORE_003,Supermarket,Rural,Curd,Perishable,35,30,5,40.84,0.0,1225.16,Medium,38
20-03-2025,20,3,3,0,Weekday,0,STORE_003,Supermarket,Rural,Paneer,Perishable,17,16,1,229.05,0.0,3664.78,High,22
20-03-2025,20,3,3,0,Weekday,0,STORE_003,Supermarket,Rural,Rice,Non-Perishable,129,100,29,58.93,0.077,5438.62,Medium,115
20-03-2025,20,3,3,0,Weekday,0,STORE_003,Supermarket,Rural,Toor Dal,Non-Perishable,77,77,0,104.67,0.1,7250.64,High,89
20-03-2025,20,3,3,0,Weekday,0,STORE_003,Supermarket,Rural,Wheat Flour,Non-Perishable,84,84,0,39.12,0.0,3286.04,High,97
20-03-2025,20,3,3,0,Weekday,0,STORE_003,Supermarket,Rural,Cooking Oil,Non-Perishable,185,127,58,183.18,0.0,23263.3,Medium,144
20-03-2025,20,3,3,0,Weekday,0,STORE_003,Supermarket,Rural,Biscuits,Non-Perishable,150,133,17,8.2,0.0,1090.46,Medium,151
20-03-2025,20,3,3,0,Weekday,0,STORE_003,Supermarket,Rural,Snacks,Non-Perishable,239,190,49,50.91,0.0,9673.13,Medium,214
20-03-2025,20,3,3,0,Weekday,0,STORE_003,Supermarket,Rural,Masala,Non-Perishable,127,68,59,90.18,0.0,6132.1,Medium,79
20-03-2025,20,3,3,0,Weekday,0,STORE_003,Supermarket,Rural,Sugar,Non-Perishable,163,72,91,56.3,0.0,4053.55,Low,84
20-03-2025,20,3,3,0,Weekday,0,STORE_003,Supermarket,Rural,Salt,Non-Perishable,72,58,14,16.89,0.0,979.7,Medium,68
20-03-2025,20,3,3,0,Weekday,0,STORE_003,Supermarket,Rural,Bread,Perishable,36,31,5,44.94,0.0,1393.15,Medium,39
20-03-2025,20,3,3,0,Weekday,0,STORE_003,Supermarket,Rural,Eggs,Perishable,26,21,5,33.22,0.0,697.58,Medium,28
21-03-2025,21,3,4,0,Weekday,0,STORE_001,Small,Urban,Milk,Perishable,3,2,1,23.47,0.0,46.94,Medium,7
21-03-2025,21,3,4,0,Weekday,0,STORE_001,Small,Urban,Curd,Perishable,4,2,2,43.52,0.0,87.04,Medium,7
21-03-2025,21,3,4,0,Weekday,0,STORE_001,Small,Urban,Paneer,Perishable,7,5,2,246.43,0.0,1232.16,Medium,10
21-03-2025,21,3,4,0,Weekday,0,STORE_001,Small,Urban,Rice,Non-Perishable,44,28,16,84.56,0.094,2145.06,Medium,35
21-03-2025,21,3,4,0,Weekday,0,STORE_001,Small,Urban,Toor Dal,Non-Perishable,47,25,22,138.68,0.0,3466.93,Medium,32
21-03-2025,21,3,4,0,Weekday,0,STORE_001,Small,Urban,Wheat Flour,Non-Perishable,48,38,10,28.9,0.0,1098.28,Medium,46
21-03-2025,21,3,4,0,Weekday,0,STORE_001,Small,Urban,Cooking Oil,Non-Perishable,30,27,3,142.66,0.118,3395.69,High,34
21-03-2025,21,3,4,0,Weekday,0,STORE_001,Small,Urban,Biscuits,Non-Perishable,74,55,19,8.49,0.0,466.89,Medium,65
21-03-2025,21,3,4,0,Weekday,0,STORE_001,Small,Urban,Snacks,Non-Perishable,50,40,10,63.45,0.0,2538.03,Medium,49
21-03-2025,21,3,4,0,Weekday,0,STORE_001,Small,Urban,Masala,Non-Perishable,21,17,4,61.2,0.0,1040.46,Medium,23
21-03-2025,21,3,4,0,Weekday,0,STORE_001,Small,Urban,Sugar,Non-Perishable,48,29,19,45.83,0.0,1329.04,Medium,36
21-03-2025,21,3,4,0,Weekday,0,STORE_001,Small,Urban,Salt,Non-Perishable,29,14,15,23.51,0.0,329.14,Low,20
21-03-2025,21,3,4,0,Weekday,0,STORE_001,Small,Urban,Bread,Perishable,11,9,2,33.42,0.0,300.74,Medium,14
21-03-2025,21,3,4,0,Weekday,0,STORE_001,Small,Urban,Eggs,Perishable,10,6,4,34.82,0.126,182.65,Medium,11
21-03-2025,21,3,4,0,Weekday,0,STORE_002,Medium,Semi-Urban,Milk,Perishable,9,9,0,29.63,0.0,266.7,High,14
21-03-2025,21,3,4,0,Weekday,0,STORE_002,Medium,Semi-Urban,Curd,Perishable,13,7,6,44.01,0.0,308.09,Medium,12
21-03-2025,21,3,4,0,Weekday,0,STORE_002,Medium,Semi-Urban,Paneer,Perishable,13,8,5,229.98,0.0,1839.87,Medium,13
21-03-2025,21,3,4,0,Weekday,0,STORE_002,Medium,Semi-Urban,Rice,Non-Perishable,39,31,8,61.96,0.102,1725.59,Medium,39
21-03-2025,21,3,4,0,Weekday,0,STORE_002,Medium,Semi-Urban,Toor Dal,Non-Perishable,99,83,16,126.91,0.0,10533.69,Medium,96
21-03-2025,21,3,4,0,Weekday,0,STORE_002,Medium,Semi-Urban,Wheat Flour,Non-Perishable,93,53,40,33.8,0.0,1791.36,Medium,63
21-03-2025,21,3,4,0,Weekday,0,STORE_002,Medium,Semi-Urban,Cooking Oil,Non-Perishable,96,81,15,157.63,0.0,12767.8,Medium,94
21-03-2025,21,3,4,0,Weekday,0,STORE_002,Medium,Semi-Urban,Biscuits,Non-Perishable,140,140,0,26.6,0.0,3723.34,High,159
21-03-2025,21,3,4,0,Weekday,0,STORE_002,Medium,Semi-Urban,Snacks,Non-Perishable,78,68,10,35.55,0.0,2417.21,Medium,79
21-03-2025,21,3,4,0,Weekday,0,STORE_002,Medium,Semi-Urban,Masala,Non-Perishable,116,50,66,70.94,0.0,3546.77,Low,60
21-03-2025,21,3,4,0,Weekday,0,STORE_002,Medium,Semi-Urban,Sugar,Non-Perishable,74,47,27,42.06,0.0,1976.62,Medium,56
21-03-2025,21,3,4,0,Weekday,0,STORE_002,Medium,Semi-Urban,Salt,Non-Perishable,56,46,10,15.52,0.0,714.09,Medium,55
21-03-2025,21,3,4,0,Weekday,0,STORE_002,Medium,Semi-Urban,Bread,Perishable,20,19,1,34.18,0.0,649.49,High,25
21-03-2025,21,3,4,0,Weekday,0,STORE_002,Medium,Semi-Urban,Eggs,Perishable,8,8,0,34.84,0.0,278.74,High,13
21-03-2025,21,3,4,0,Weekday,0,STORE_003,Supermarket,Rural,Milk,Perishable,17,16,1,25.17,0.0,402.7,High,22
21-03-2025,21,3,4,0,Weekday,0,STORE_003,Supermarket,Rural,Curd,Perishable,26,19,7,50.39,0.0,957.45,Medium,25
21-03-2025,21,3,4,0,Weekday,0,STORE_003,Supermarket,Rural,Paneer,Perishable,22,15,7,249.01,0.0,3735.2,Medium,21
21-03-2025,21,3,4,0,Weekday,0,STORE_003,Supermarket,Rural,Rice,Non-Perishable,94,48,46,64.86,0.0,3113.37,Medium,57
21-03-2025,21,3,4,0,Weekday,0,STORE_003,Supermarket,Rural,Toor Dal,Non-Perishable,74,48,26,116.85,0.0,5608.84,Medium,57
21-03-2025,21,3,4,0,Weekday,0,STORE_003,Supermarket,Rural,Wheat Flour,Non-Perishable,131,101,30,36.84,0.0,3721.13,Medium,116
21-03-2025,21,3,4,0,Weekday,0,STORE_003,Supermarket,Rural,Cooking Oil,Non-Perishable,224,119,105,164.71,0.053,18553.02,Medium,135
21-03-2025,21,3,4,0,Weekday,0,STORE_003,Supermarket,Rural,Biscuits,Non-Perishable,187,157,30,27.31,0.0,4288.39,Medium,177
21-03-2025,21,3,4,0,Weekday,0,STORE_003,Supermarket,Rural,Snacks,Non-Perishable,160,116,44,27.63,0.119,2823.0,Medium,132
21-03-2025,21,3,4,0,Weekday,0,STORE_003,Supermarket,Rural,Masala,Non-Perishable,106,101,5,76.94,0.0,7770.72,High,116
21-03-2025,21,3,4,0,Weekday,0,STORE_003,Supermarket,Rural,Sugar,Non-Perishable,115,93,22,50.07,0.0,4656.61,Medium,107
21-03-2025,21,3,4,0,Weekday,0,STORE_003,Supermarket,Rural,Salt,Non-Perishable,227,220,7,18.83,0.0,4143.54,High,247
21-03-2025,21,3,4,0,Weekday,0,STORE_003,Supermarket,Rural,Bread,Perishable,27,16,11,58.76,0.143,805.95,Medium,22
21-03-2025,21,3,4,0,Weekday,0,STORE_003,Supermarket,Rural,Eggs,Perishable,24,20,4,34.02,0.0,680.32,Medium,27
22-03-2025,22,3,5,1,Weekend,0,STORE_001,Small,Urban,Milk,Perishable,10,9,1,23.14,0.0,208.3,High,14
22-03-2025,22,3,5,1,Weekend,0,STORE_001,Small,Urban,Curd,Perishable,5,4,1,44.56,0.0,178.25,Medium,9
22-03-2025,22,3,5,1,Weekend,0,STORE_001,Small,Urban,Paneer,Perishable,9,9,0,220.22,0.0,1981.94,High,14
22-03-2025,22,3,5,1,Weekend,0,STORE_001,Small,Urban,Rice,Non-Perishable,69,69,0,79.11,0.0,5458.51,High,80
22-03-2025,22,3,5,1,Weekend,0,STORE_001,Small,Urban,Toor Dal,Non-Perishable,18,15,3,131.86,0.0,1977.96,Medium,21
22-03-2025,22,3,5,1,Weekend,0,STORE_001,Small,Urban,Wheat Flour,Non-Perishable,28,21,7,35.05,0.072,683.05,Medium,28
22-03-2025,22,3,5,1,Weekend,0,STORE_001,Small,Urban,Cooking Oil,Non-Perishable,56,56,0,125.37,0.109,6258.13,High,66
22-03-2025,22,3,5,1,Weekend,0,STORE_001,Small,Urban,Biscuits,Non-Perishable,45,31,14,6.9,0.0,213.79,Medium,39
22-03-2025,22,3,5,1,Weekend,0,STORE_001,Small,Urban,Snacks,Non-Perishable,48,33,15,26.21,0.0,864.85,Medium,41
22-03-2025,22,3,5,1,Weekend,0,STORE_001,Small,Urban,Masala,Non-Perishable,29,29,0,103.65,0.0,3005.81,High,36
22-03-2025,22,3,5,1,Weekend,0,STORE_001,Small,Urban,Sugar,Non-Perishable,22,22,0,41.44,0.0,911.72,High,29
22-03-2025,22,3,5,1,Weekend,0,STORE_001,Small,Urban,Salt,Non-Perishable,34,34,0,20.36,0.0,692.13,High,42
22-03-2025,22,3,5,1,Weekend,0,STORE_001,Small,Urban,Bread,Perishable,7,4,3,32.13,0.0,128.51,Medium,9
22-03-2025,22,3,5,1,Weekend,0,STORE_001,Small,Urban,Eggs,Perishable,10,9,1,37.77,0.0,339.95,High,14
22-03-2025,22,3,5,1,Weekend,0,STORE_002,Medium,Semi-Urban,Milk,Perishable,15,15,0,34.81,0.0,522.2,High,21
22-03-2025,22,3,5,1,Weekend,0,STORE_002,Medium,Semi-Urban,Curd,Perishable,20,20,0,54.14,0.0,1082.88,High,27
22-03-2025,22,3,5,1,Weekend,0,STORE_002,Medium,Semi-Urban,Paneer,Perishable,9,8,1,219.37,0.0,1754.98,Medium,13
22-03-2025,22,3,5,1,Weekend,0,STORE_002,Medium,Semi-Urban,Rice,Non-Perishable,112,95,17,69.94,0.0,6643.92,Medium,109
22-03-2025,22,3,5,1,Weekend,0,STORE_002,Medium,Semi-Urban,Toor Dal,Non-Perishable,53,53,0,131.66,0.0,6977.77,High,63
22-03-2025,22,3,5,1,Weekend,0,STORE_002,Medium,Semi-Urban,Wheat Flour,Non-Perishable,77,59,18,37.62,0.0,2219.48,Medium,69
22-03-2025,22,3,5,1,Weekend,0,STORE_002,Medium,Semi-Urban,Cooking Oil,Non-Perishable,143,98,45,144.6,0.0,14170.61,Medium,112
22-03-2025,22,3,5,1,Weekend,0,STORE_002,Medium,Semi-Urban,Biscuits,Non-Perishable,48,46,2,28.02,0.0,1288.99,High,55
22-03-2025,22,3,5,1,Weekend,0,STORE_002,Medium,Semi-Urban,Snacks,Non-Perishable,105,105,0,26.77,0.096,2540.04,High,120
22-03-2025,22,3,5,1,Weekend,0,STORE_002,Medium,Semi-Urban,Masala,Non-Perishable,73,73,0,89.36,0.0,6523.38,High,85
22-03-2025,22,3,5,1,Weekend,0,STORE_002,Medium,Semi-Urban,Sugar,Non-Perishable,131,131,0,58.98,0.0,7726.01,High,149
22-03-2025,22,3,5,1,Weekend,0,STORE_002,Medium,Semi-Urban,Salt,Non-Perishable,89,79,10,21.67,0.0,1712.28,Medium,91
22-03-2025,22,3,5,1,Weekend,0,STORE_002,Medium,Semi-Urban,Bread,Perishable,7,7,0,36.87,0.0,258.11,High,12
22-03-2025,22,3,5,1,Weekend,0,STORE_002,Medium,Semi-Urban,Eggs,Perishable,31,31,0,38.11,0.0,1181.55,High,39
22-03-2025,22,3,5,1,Weekend,0,STORE_003,Supermarket,Rural,Milk,Perishable,24,22,2,28.05,0.0,617.08,High,29
22-03-2025,22,3,5,1,Weekend,0,STORE_003,Supermarket,Rural,Curd,Perishable,43,43,0,54.54,0.0,2345.12,High,52
22-03-2025,22,3,5,1,Weekend,0,STORE_003,Supermarket,Rural,Paneer,Perishable,48,42,6,209.03,0.085,8035.7,Medium,51
22-03-2025,22,3,5,1,Weekend,0,STORE_003,Supermarket,Rural,Rice,Non-Perishable,103,103,0,73.18,0.0,7537.57,High,118
22-03-2025,22,3,5,1,Weekend,0,STORE_003,Supermarket,Rural,Toor Dal,Non-Perishable,121,79,42,119.04,0.075,8696.84,Medium,91
22-03-2025,22,3,5,1,Weekend,0,STORE_003,Supermarket,Rural,Wheat Flour,Non-Perishable,192,192,0,40.12,0.0,7702.15,High,216
22-03-2025,22,3,5,1,Weekend,0,STORE_003,Supermarket,Rural,Cooking Oil,Non-Perishable,225,198,27,198.04,0.0,39211.67,Medium,222
22-03-2025,22,3,5,1,Weekend,0,STORE_003,Supermarket,Rural,Biscuits,Non-Perishable,216,190,26,11.53,0.093,1987.34,Medium,214
22-03-2025,22,3,5,1,Weekend,0,STORE_003,Supermarket,Rural,Snacks,Non-Perishable,94,78,16,62.42,0.0,4868.47,Medium,90
22-03-2025,22,3,5,1,Weekend,0,STORE_003,Supermarket,Rural,Masala,Non-Perishable,89,89,0,70.14,0.0,6242.53,High,102
22-03-2025,22,3,5,1,Weekend,0,STORE_003,Supermarket,Rural,Sugar,Non-Perishable,211,167,44,45.16,0.0,7541.99,Medium,188
22-03-2025,22,3,5,1,Weekend,0,STORE_003,Supermarket,Rural,Salt,Non-Perishable,120,120,0,20.28,0.0,2433.13,High,137
22-03-2025,22,3,5,1,Weekend,0,STORE_003,Supermarket,Rural,Bread,Perishable,21,17,4,34.21,0.0,581.58,Medium,23
22-03-2025,22,3,5,1,Weekend,0,STORE_003,Supermarket,Rural,Eggs,Perishable,30,30,0,39.4,0.0,1182.07,High,38
23-03-2025,23,3,6,1,Weekend,0,STORE_001,Small,Urban,Milk,Perishable,3,3,0,28.13,0.0,84.4,High,8
23-03-2025,23,3,6,1,Weekend,0,STORE_001,Small,Urban,Curd,Perishable,3,2,1,45.6,0.0,91.21,Medium,7
23-03-2025,23,3,6,1,Weekend,0,STORE_001,Small,Urban,Paneer,Perishable,7,7,0,237.18,0.0,1660.23,High,12
23-03-2025,23,3,6,1,Weekend,0,STORE_001,Small,Urban,Rice,Non-Perishable,38,38,0,85.99,0.0,3267.61,High,46
23-03-2025,23,3,6,1,Weekend,0,STORE_001,Small,Urban,Toor Dal,Non-Perishable,59,56,3,141.02,0.121,6944.85,High,66
23-03-2025,23,3,6,1,Weekend,0,STORE_001,Small,Urban,Wheat Flour,Non-Perishable,20,20,0,30.19,0.101,542.7,High,27
23-03-2025,23,3,6,1,Weekend,0,STORE_001,Small,Urban,Cooking Oil,Non-Perishable,26,23,3,123.78,0.056,2687.23,Medium,30
23-03-2025,23,3,6,1,Weekend,0,STORE_001,Small,Urban,Biscuits,Non-Perishable,46,46,0,28.48,0.0,1310.09,High,55
23-03-2025,23,3,6,1,Weekend,0,STORE_001,Small,Urban,Snacks,Non-Perishable,45,40,5,68.51,0.0,2740.48,Medium,49
23-03-2025,23,3,6,1,Weekend,0,STORE_001,Small,Urban,Masala,Non-Perishable,37,37,0,57.02,0.0,2109.63,High,45
23-03-2025,23,3,6,1,Weekend,0,STORE_001,Small,Urban,Sugar,Non-Perishable,28,28,0,41.38,0.105,1036.44,High,35
23-03-2025,23,3,6,1,Weekend,0,STORE_001,Small,Urban,Salt,Non-Perishable,58,58,0,18.85,0.0,1093.3,High,68
23-03-2025,23,3,6,1,Weekend,0,STORE_001,Small,Urban,Bread,Perishable,7,4,3,47.39,0.0,189.54,Medium,9
23-03-2025,23,3,6,1,Weekend,0,STORE_001,Small,Urban,Eggs,Perishable,6,4,2,46.0,0.0,184.0,Medium,9
23-03-2025,23,3,6,1,Weekend,0,STORE_002,Medium,Semi-Urban,Milk,Perishable,17,17,0,29.3,0.0,498.13,High,23
23-03-2025,23,3,6,1,Weekend,0,STORE_002,Medium,Semi-Urban,Curd,Perishable,21,21,0,43.91,0.0,922.13,High,28
23-03-2025,23,3,6,1,Weekend,0,STORE_002,Medium,Semi-Urban,Paneer,Perishable,18,11,7,246.59,0.0,2712.44,Medium,17
23-03-2025,23,3,6,1,Weekend,0,STORE_002,Medium,Semi-Urban,Rice,Non-Perishable,78,70,8,78.29,0.0,5480.16,Medium,82
23-03-2025,23,3,6,1,Weekend,0,STORE_002,Medium,Semi-Urban,Toor Dal,Non-Perishable,72,67,5,140.86,0.0,9437.82,High,78
23-03-2025,23,3,6,1,Weekend,0,STORE_002,Medium,Semi-Urban,Wheat Flour,Non-Perishable,146,146,0,36.33,0.0,5304.04,High,165
23-03-2025,23,3,6,1,Weekend,0,STORE_002,Medium,Semi-Urban,Cooking Oil,Non-Perishable,91,73,18,152.18,0.098,10024.67,Medium,85
23-03-2025,23,3,6,1,Weekend,0,STORE_002,Medium,Semi-Urban,Biscuits,Non-Perishable,88,61,27,11.4,0.0,695.31,Medium,72
23-03-2025,23,3,6,1,Weekend,0,STORE_002,Medium,Semi-Urban,Snacks,Non-Perishable,65,60,5,33.98,0.0,2038.79,High,71
23-03-2025,23,3,6,1,Weekend,0,STORE_002,Medium,Semi-Urban,Masala,Non-Perishable,72,58,14,94.6,0.0,5486.57,Medium,68
23-03-2025,23,3,6,1,Weekend,0,STORE_002,Medium,Semi-Urban,Sugar,Non-Perishable,90,90,0,43.57,0.0,3921.08,High,104
23-03-2025,23,3,6,1,Weekend,0,STORE_002,Medium,Semi-Urban,Salt,Non-Perishable,79,72,7,20.63,0.0,1485.34,High,84
23-03-2025,23,3,6,1,Weekend,0,STORE_002,Medium,Semi-Urban,Bread,Perishable,6,5,1,54.13,0.136,233.86,Medium,10
23-03-2025,23,3,6,1,Weekend,0,STORE_002,Medium,Semi-Urban,Eggs,Perishable,16,10,6,31.85,0.0,318.48,Medium,16
23-03-2025,23,3,6,1,Weekend,0,STORE_003,Supermarket,Rural,Milk,Perishable,15,11,4,27.88,0.138,264.35,Medium,17
23-03-2025,23,3,6,1,Weekend,0,STORE_003,Supermarket,Rural,Curd,Perishable,38,26,12,45.51,0.0,1183.3,Medium,33
23-03-2025,23,3,6,1,Weekend,0,STORE_003,Supermarket,Rural,Paneer,Perishable,22,22,0,183.35,0.131,3504.85,High,29
23-03-2025,23,3,6,1,Weekend,0,STORE_003,Supermarket,Rural,Rice,Non-Perishable,231,216,15,58.05,0.0,12538.38,High,242
23-03-2025,23,3,6,1,Weekend,0,STORE_003,Supermarket,Rural,Toor Dal,Non-Perishable,144,144,0,110.34,0.0,15888.49,High,163
23-03-2025,23,3,6,1,Weekend,0,STORE_003,Supermarket,Rural,Wheat Flour,Non-Perishable,114,107,7,27.43,0.0,2935.51,High,122
23-03-2025,23,3,6,1,Weekend,0,STORE_003,Supermarket,Rural,Cooking Oil,Non-Perishable,151,134,17,174.42,0.0,23372.52,Medium,152
23-03-2025,23,3,6,1,Weekend,0,STORE_003,Supermarket,Rural,Biscuits,Non-Perishable,79,69,10,21.37,0.0,1474.66,Medium,80
23-03-2025,23,3,6,1,Weekend,0,STORE_003,Supermarket,Rural,Snacks,Non-Perishable,154,154,0,35.12,0.14,4652.42,High,174
23-03-2025,23,3,6,1,Weekend,0,STORE_003,Supermarket,Rural,Masala,Non-Perishable,198,128,70,65.92,0.0,8437.42,Medium,145
23-03-2025,23,3,6,1,Weekend,0,STORE_003,Supermarket,Rural,Sugar,Non-Perishable,129,114,15,50.05,0.0,5705.65,Medium,130
23-03-2025,23,3,6,1,Weekend,0,STORE_003,Supermarket,Rural,Salt,Non-Perishable,84,65,19,21.54,0.0,1399.86,Medium,76
23-03-2025,23,3,6,1,Weekend,0,STORE_003,Supermarket,Rural,Bread,Perishable,20,20,0,59.94,0.132,1040.48,High,27
23-03-2025,23,3,6,1,Weekend,0,STORE_003,Supermarket,Rural,Eggs,Perishable,15,15,0,32.28,0.0,484.18,High,21
24-03-2025,24,3,0,0,Weekday,0,STORE_001,Small,Urban,Milk,Perishable,7,7,0,33.49,0.0,234.4,High,12
24-03-2025,24,3,0,0,Weekday,0,STORE_001,Small,Urban,Curd,Perishable,6,6,0,42.52,0.0,255.12,High,11
24-03-2025,24,3,0,0,Weekday,0,STORE_001,Small,Urban,Paneer,Perishable,3,2,1,198.05,0.0,396.09,Medium,7
24-03-2025,24,3,0,0,Weekday,0,STORE_001,Small,Urban,Rice,Non-Perishable,61,31,30,54.32,0.096,1521.8,Medium,39
24-03-2025,24,3,0,0,Weekday,0,STORE_001,Small,Urban,Toor Dal,Non-Perishable,47,36,11,107.33,0.0,3863.81,Medium,44
24-03-2025,24,3,0,0,Weekday,0,STORE_001,Small,Urban,Wheat Flour,Non-Perishable,39,35,4,35.21,0.0,1232.22,Medium,43
24-03-2025,24,3,0,0,Weekday,0,STORE_001,Small,Urban,Cooking Oil,Non-Perishable,72,44,28,171.36,0.0,7540.03,Medium,53
24-03-2025,24,3,0,0,Weekday,0,STORE_001,Small,Urban,Biscuits,Non-Perishable,37,37,0,17.04,0.0,630.59,High,45
24-03-2025,24,3,0,0,Weekday,0,STORE_001,Small,Urban,Snacks,Non-Perishable,25,23,2,51.08,0.067,1096.54,High,30
24-03-2025,24,3,0,0,Weekday,0,STORE_001,Small,Urban,Masala,Non-Perishable,28,28,0,118.07,0.0,3305.99,High,35
24-03-2025,24,3,0,0,Weekday,0,STORE_001,Small,Urban,Sugar,Non-Perishable,63,38,25,53.73,0.0,2041.59,Medium,46
24-03-2025,24,3,0,0,Weekday,0,STORE_001,Small,Urban,Salt,Non-Perishable,32,17,15,22.03,0.0,374.55,Medium,23
24-03-2025,24,3,0,0,Weekday,0,STORE_001,Small,Urban,Bread,Perishable,4,2,2,49.66,0.0,99.32,Medium,7
24-03-2025,24,3,0,0,Weekday,0,STORE_001,Small,Urban,Eggs,Perishable,4,4,0,49.3,0.0,197.18,High,9
24-03-2025,24,3,0,0,Weekday,0,STORE_002,Medium,Semi-Urban,Milk,Perishable,14,12,2,31.44,0.13,328.1,Medium,18
24-03-2025,24,3,0,0,Weekday,0,STORE_002,Medium,Semi-Urban,Curd,Perishable,11,6,5,42.99,0.0,257.94,Medium,11
24-03-2025,24,3,0,0,Weekday,0,STORE_002,Medium,Semi-Urban,Paneer,Perishable,11,11,0,242.61,0.0,2668.76,High,17
24-03-2025,24,3,0,0,Weekday,0,STORE_002,Medium,Semi-Urban,Rice,Non-Perishable,125,71,54,57.86,0.0,4108.18,Medium,83
24-03-2025,24,3,0,0,Weekday,0,STORE_002,Medium,Semi-Urban,Toor Dal,Non-Perishable,81,59,22,139.86,0.0,8251.69,Medium,69
24-03-2025,24,3,0,0,Weekday,0,STORE_002,Medium,Semi-Urban,Wheat Flour,Non-Perishable,60,52,8,31.16,0.0,1620.36,Medium,62
24-03-2025,24,3,0,0,Weekday,0,STORE_002,Medium,Semi-Urban,Cooking Oil,Non-Perishable,92,76,16,164.75,0.13,10894.84,Medium,88
24-03-2025,24,3,0,0,Weekday,0,STORE_002,Medium,Semi-Urban,Biscuits,Non-Perishable,73,55,18,28.4,0.0,1561.91,Medium,65
24-03-2025,24,3,0,0,Weekday,0,STORE_002,Medium,Semi-Urban,Snacks,Non-Perishable,69,69,0,68.99,0.0,4760.45,High,80
24-03-2025,24,3,0,0,Weekday,0,STORE_002,Medium,Semi-Urban,Masala,Non-Perishable,66,43,23,47.17,0.0,2028.34,Medium,52
24-03-2025,24,3,0,0,Weekday,0,STORE_002,Medium,Semi-Urban,Sugar,Non-Perishable,83,62,21,57.62,0.133,3097.48,Medium,73
24-03-2025,24,3,0,0,Weekday,0,STORE_002,Medium,Semi-Urban,Salt,Non-Perishable,56,43,13,17.54,0.145,645.13,Medium,52
24-03-2025,24,3,0,0,Weekday,0,STORE_002,Medium,Semi-Urban,Bread,Perishable,16,10,6,55.97,0.0,559.71,Medium,16
24-03-2025,24,3,0,0,Weekday,0,STORE_002,Medium,Semi-Urban,Eggs,Perishable,14,14,0,44.67,0.0,625.39,High,20
24-03-2025,24,3,0,0,Weekday,0,STORE_003,Supermarket,Rural,Milk,Perishable,27,20,7,28.62,0.0,572.41,Medium,27
24-03-2025,24,3,0,0,Weekday,0,STORE_003,Supermarket,Rural,Curd,Perishable,18,18,0,53.74,0.0,967.4,High,24
24-03-2025,24,3,0,0,Weekday,0,STORE_003,Supermarket,Rural,Paneer,Perishable,21,15,6,232.91,0.0,3493.63,Medium,21
24-03-2025,24,3,0,0,Weekday,0,STORE_003,Supermarket,Rural,Rice,Non-Perishable,126,85,41,75.5,0.0,6417.39,Medium,98
24-03-2025,24,3,0,0,Weekday,0,STORE_003,Supermarket,Rural,Toor Dal,Non-Perishable,99,54,45,146.44,0.09,7198.97,Medium,64
24-03-2025,24,3,0,0,Weekday,0,STORE_003,Supermarket,Rural,Wheat Flour,Non-Perishable,201,156,45,31.44,0.0,4905.25,Medium,176
24-03-2025,24,3,0,0,Weekday,0,STORE_003,Supermarket,Rural,Cooking Oil,Non-Perishable,99,77,22,121.86,0.0,9382.88,Medium,89
24-03-2025,24,3,0,0,Weekday,0,STORE_003,Supermarket,Rural,Biscuits,Non-Perishable,144,96,48,24.16,0.0,2319.09,Medium,110
24-03-2025,24,3,0,0,Weekday,0,STORE_003,Supermarket,Rural,Snacks,Non-Perishable,179,128,51,68.17,0.0,8726.1,Medium,145
24-03-2025,24,3,0,0,Weekday,0,STORE_003,Supermarket,Rural,Masala,Non-Perishable,121,118,3,106.12,0.0,12521.63,High,134
24-03-2025,24,3,0,0,Weekday,0,STORE_003,Supermarket,Rural,Sugar,Non-Perishable,82,74,8,54.53,0.0,4035.25,High,86
24-03-2025,24,3,0,0,Weekday,0,STORE_003,Supermarket,Rural,Salt,Non-Perishable,191,144,47,18.13,0.092,2370.97,Medium,163
24-03-2025,24,3,0,0,Weekday,0,STORE_003,Supermarket,Rural,Bread,Perishable,32,21,11,31.17,0.082,600.7,Medium,28
24-03-2025,24,3,0,0,Weekday,0,STORE_003,Supermarket,Rural,Eggs,Perishable,36,20,16,32.63,0.0,652.52,Medium,27
25-03-2025,25,3,1,0,Weekday,0,STORE_001,Small,Urban,Milk,Perishable,11,9,2,30.15,0.0,271.32,Medium,14
25-03-2025,25,3,1,0,Weekday,0,STORE_001,Small,Urban,Curd,Perishable,7,3,4,50.95,0.0,152.84,Low,8
25-03-2025,25,3,1,0,Weekday,0,STORE_001,Small,Urban,Paneer,Perishable,8,8,0,209.65,0.0,1677.2,High,13
25-03-2025,25,3,1,0,Weekday,0,STORE_001,Small,Urban,Rice,Non-Perishable,33,21,12,74.3,0.0,1560.4,Medium,28
25-03-2025,25,3,1,0,Weekday,0,STORE_001,Small,Urban,Toor Dal,Non-Perishable,62,57,5,121.76,0.0,6940.31,High,67
25-03-2025,25,3,1,0,Weekday,0,STORE_001,Small,Urban,Wheat Flour,Non-Perishable,53,28,25,43.07,0.096,1090.61,Medium,35
25-03-2025,25,3,1,0,Weekday,0,STORE_001,Small,Urban,Cooking Oil,Non-Perishable,63,46,17,147.45,0.0,6782.74,Medium,55
25-03-2025,25,3,1,0,Weekday,0,STORE_001,Small,Urban,Biscuits,Non-Perishable,31,17,14,15.4,0.0,261.86,Medium,23
25-03-2025,25,3,1,0,Weekday,0,STORE_001,Small,Urban,Snacks,Non-Perishable,28,27,1,45.18,0.0,1219.76,High,34
25-03-2025,25,3,1,0,Weekday,0,STORE_001,Small,Urban,Masala,Non-Perishable,62,38,24,81.41,0.0,3093.42,Medium,46
25-03-2025,25,3,1,0,Weekday,0,STORE_001,Small,Urban,Sugar,Non-Perishable,27,23,4,59.19,0.0,1361.32,Medium,30
25-03-2025,25,3,1,0,Weekday,0,STORE_001,Small,Urban,Salt,Non-Perishable,46,30,16,23.44,0.0,703.07,Medium,38
25-03-2025,25,3,1,0,Weekday,0,STORE_001,Small,Urban,Bread,Perishable,3,2,1,52.65,0.0,105.3,Medium,7
25-03-2025,25,3,1,0,Weekday,0,STORE_001,Small,Urban,Eggs,Perishable,5,2,3,38.22,0.0,76.44,Low,7
25-03-2025,25,3,1,0,Weekday,0,STORE_002,Medium,Semi-Urban,Milk,Perishable,13,9,4,23.88,0.0,214.96,Medium,14
25-03-2025,25,3,1,0,Weekday,0,STORE_002,Medium,Semi-Urban,Curd,Perishable,19,10,9,50.24,0.0,502.45,Medium,16
25-03-2025,25,3,1,0,Weekday,0,STORE_002,Medium,Semi-Urban,Paneer,Perishable,23,16,7,206.02,0.0,3296.32,Medium,22
25-03-2025,25,3,1,0,Weekday,0,STORE_002,Medium,Semi-Urban,Rice,Non-Perishable,43,23,20,68.53,0.0,1576.22,Medium,30
25-03-2025,25,3,1,0,Weekday,0,STORE_002,Medium,Semi-Urban,Toor Dal,Non-Perishable,80,54,26,112.54,0.0,6077.27,Medium,64
25-03-2025,25,3,1,0,Weekday,0,STORE_002,Medium,Semi-Urban,Wheat Flour,Non-Perishable,44,32,12,29.97,0.0,959.07,Medium,40
25-03-2025,25,3,1,0,Weekday,0,STORE_002,Medium,Semi-Urban,Cooking Oil,Non-Perishable,106,71,35,125.64,0.0,8920.77,Medium,83
25-03-2025,25,3,1,0,Weekday,0,STORE_002,Medium,Semi-Urban,Biscuits,Non-Perishable,130,130,0,21.21,0.0,2757.62,High,148
25-03-2025,25,3,1,0,Weekday,0,STORE_002,Medium,Semi-Urban,Snacks,Non-Perishable,50,37,13,57.45,0.0,2125.59,Medium,45
25-03-2025,25,3,1,0,Weekday,0,STORE_002,Medium,Semi-Urban,Masala,Non-Perishable,106,59,47,99.16,0.119,5151.64,Medium,69
25-03-2025,25,3,1,0,Weekday,0,STORE_002,Medium,Semi-Urban,Sugar,Non-Perishable,46,42,4,56.1,0.0,2356.05,High,51
25-03-2025,25,3,1,0,Weekday,0,STORE_002,Medium,Semi-Urban,Salt,Non-Perishable,96,70,26,24.57,0.0,1719.61,Medium,82
25-03-2025,25,3,1,0,Weekday,0,STORE_002,Medium,Semi-Urban,Bread,Perishable,14,14,0,55.58,0.0,778.17,High,20
25-03-2025,25,3,1,0,Weekday,0,STORE_002,Medium,Semi-Urban,Eggs,Perishable,24,24,0,35.61,0.0,854.68,High,31
25-03-2025,25,3,1,0,Weekday,0,STORE_003,Supermarket,Rural,Milk,Perishable,15,11,4,22.75,0.095,226.49,Medium,17
25-03-2025,25,3,1,0,Weekday,0,STORE_003,Supermarket,Rural,Curd,Perishable,10,6,4,51.15,0.0,306.88,Medium,11
25-03-2025,25,3,1,0,Weekday,0,STORE_003,Supermarket,Rural,Paneer,Perishable,27,15,12,203.78,0.0,3056.73,Medium,21
25-03-2025,25,3,1,0,Weekday,0,STORE_003,Supermarket,Rural,Rice,Non-Perishable,128,107,21,75.85,0.0,8115.69,Medium,122
25-03-2025,25,3,1,0,Weekday,0,STORE_003,Supermarket,Rural,Toor Dal,Non-Perishable,79,54,25,114.07,0.075,5695.52,Medium,64
25-03-2025,25,3,1,0,Weekday,0,STORE_003,Supermarket,Rural,Wheat Flour,Non-Perishable,78,52,26,32.99,0.0,1715.35,Medium,62
25-03-2025,25,3,1,0,Weekday,0,STORE_003,Supermarket,Rural,Cooking Oil,Non-Perishable,129,91,38,148.61,0.0,13523.07,Medium,105
25-03-2025,25,3,1,0,Weekday,0,STORE_003,Supermarket,Rural,Biscuits,Non-Perishable,92,66,26,12.27,0.0,810.13,Medium,77
25-03-2025,25,3,1,0,Weekday,0,STORE_003,Supermarket,Rural,Snacks,Non-Perishable,108,79,29,66.92,0.0,5286.53,Medium,91
25-03-2025,25,3,1,0,Weekday,0,STORE_003,Supermarket,Rural,Masala,Non-Perishable,96,51,45,88.0,0.0,4488.07,Medium,61
25-03-2025,25,3,1,0,Weekday,0,STORE_003,Supermarket,Rural,Sugar,Non-Perishable,245,223,22,49.61,0.0,11063.29,High,250
25-03-2025,25,3,1,0,Weekday,0,STORE_003,Supermarket,Rural,Salt,Non-Perishable,213,148,65,23.55,0.0,3484.71,Medium,167
25-03-2025,25,3,1,0,Weekday,0,STORE_003,Supermarket,Rural,Bread,Perishable,30,20,10,43.42,0.0,868.34,Medium,27
25-03-2025,25,3,1,0,Weekday,0,STORE_003,Supermarket,Rural,Eggs,Perishable,22,12,10,43.91,0.0,526.89,Medium,18
26-03-2025,26,3,2,0,Weekday,0,STORE_001,Small,Urban,Milk,Perishable,11,9,2,26.37,0.0,237.31,Medium,14
26-03-2025,26,3,2,0,Weekday,0,STORE_001,Small,Urban,Curd,Perishable,6,4,2,54.41,0.0,217.65,Medium,9
26-03-2025,26,3,2,0,Weekday,0,STORE_001,Small,Urban,Paneer,Perishable,16,16,0,219.62,0.0,3513.98,High,22
26-03-2025,26,3,2,0,Weekday,0,STORE_001,Small,Urban,Rice,Non-Perishable,35,20,15,85.43,0.135,1477.72,Medium,27
26-03-2025,26,3,2,0,Weekday,0,STORE_001,Small,Urban,Toor Dal,Non-Perishable,21,13,8,140.87,0.0,1831.34,Medium,19
26-03-2025,26,3,2,0,Weekday,0,STORE_001,Small,Urban,Wheat Flour,Non-Perishable,27,26,1,44.38,0.0,1153.85,High,33
26-03-2025,26,3,2,0,Weekday,0,STORE_001,Small,Urban,Cooking Oil,Non-Perishable,39,24,15,181.47,0.0,4355.17,Medium,31
26-03-2025,26,3,2,0,Weekday,0,STORE_001,Small,Urban,Biscuits,Non-Perishable,34,20,14,11.8,0.0,235.97,Medium,27
26-03-2025,26,3,2,0,Weekday,0,STORE_001,Small,Urban,Snacks,Non-Perishable,64,49,15,48.54,0.0,2378.56,Medium,58
26-03-2025,26,3,2,0,Weekday,0,STORE_001,Small,Urban,Masala,Non-Perishable,38,25,13,114.84,0.0,2871.04,Medium,32
26-03-2025,26,3,2,0,Weekday,0,STORE_001,Small,Urban,Sugar,Non-Perishable,44,40,4,44.8,0.0,1792.03,High,49
26-03-2025,26,3,2,0,Weekday,0,STORE_001,Small,Urban,Salt,Non-Perishable,31,16,15,20.63,0.0,330.0,Medium,22
26-03-2025,26,3,2,0,Weekday,0,STORE_001,Small,Urban,Bread,Perishable,2,1,1,30.7,0.0,30.7,Medium,6
26-03-2025,26,3,2,0,Weekday,0,STORE_001,Small,Urban,Eggs,Perishable,5,5,0,35.4,0.0,177.02,High,10
26-03-2025,26,3,2,0,Weekday,0,STORE_002,Medium,Semi-Urban,Milk,Perishable,24,14,10,29.65,0.0,415.12,Medium,20
26-03-2025,26,3,2,0,Weekday,0,STORE_002,Medium,Semi-Urban,Curd,Perishable,19,10,9,46.38,0.0,463.84,Medium,16
26-03-2025,26,3,2,0,Weekday,0,STORE_002,Medium,Semi-Urban,Paneer,Perishable,7,5,2,216.42,0.0,1082.1,Medium,10
26-03-2025,26,3,2,0,Weekday,0,STORE_002,Medium,Semi-Urban,Rice,Non-Perishable,111,74,37,84.06,0.0,6220.08,Medium,86
26-03-2025,26,3,2,0,Weekday,0,STORE_002,Medium,Semi-Urban,Toor Dal,Non-Perishable,80,56,24,109.8,0.0,6148.95,Medium,66
26-03-2025,26,3,2,0,Weekday,0,STORE_002,Medium,Semi-Urban,Wheat Flour,Non-Perishable,90,56,34,32.81,0.0,1837.41,Medium,66
26-03-2025,26,3,2,0,Weekday,0,STORE_002,Medium,Semi-Urban,Cooking Oil,Non-Perishable,94,64,30,154.47,0.0,9885.8,Medium,75
26-03-2025,26,3,2,0,Weekday,0,STORE_002,Medium,Semi-Urban,Biscuits,Non-Perishable,83,47,36,26.24,0.0,1233.51,Medium,56
26-03-2025,26,3,2,0,Weekday,0,STORE_002,Medium,Semi-Urban,Snacks,Non-Perishable,124,83,41,30.79,0.0,2555.97,Medium,96
26-03-2025,26,3,2,0,Weekday,0,STORE_002,Medium,Semi-Urban,Masala,Non-Perishable,75,46,29,57.33,0.0,2637.39,Medium,55
26-03-2025,26,3,2,0,Weekday,0,STORE_002,Medium,Semi-Urban,Sugar,Non-Perishable,102,65,37,59.28,0.149,3281.03,Medium,76
26-03-2025,26,3,2,0,Weekday,0,STORE_002,Medium,Semi-Urban,Salt,Non-Perishable,91,43,48,17.13,0.0,736.71,Low,52
26-03-2025,26,3,2,0,Weekday,0,STORE_002,Medium,Semi-Urban,Bread,Perishable,24,16,8,43.03,0.0,688.49,Medium,22
26-03-2025,26,3,2,0,Weekday,0,STORE_002,Medium,Semi-Urban,Eggs,Perishable,13,6,7,42.86,0.0,257.16,Low,11
26-03-2025,26,3,2,0,Weekday,0,STORE_003,Supermarket,Rural,Milk,Perishable,28,18,10,32.32,0.0,581.69,Medium,24
26-03-2025,26,3,2,0,Weekday,0,STORE_003,Supermarket,Rural,Curd,Perishable,23,21,2,52.32,0.0,1098.78,High,28
26-03-2025,26,3,2,0,Weekday,0,STORE_003,Supermarket,Rural,Paneer,Perishable,20,13,7,186.87,0.0,2429.3,Medium,19
26-03-2025,26,3,2,0,Weekday,0,STORE_003,Supermarket,Rural,Rice,Non-Perishable,229,171,58,70.86,0.0,12117.43,Medium,193
26-03-2025,26,3,2,0,Weekday,0,STORE_003,Supermarket,Rural,Toor Dal,Non-Perishable,77,61,16,149.04,0.0,9091.46,Medium,72
26-03-2025,26,3,2,0,Weekday,0,STORE_003,Supermarket,Rural,Wheat Flour,Non-Perishable,104,81,23,28.9,0.0,2340.6,Medium,94
26-03-2025,26,3,2,0,Weekday,0,STORE_003,Supermarket,Rural,Cooking Oil,Non-Perishable,99,64,35,168.36,0.0,10775.03,Medium,75
26-03-2025,26,3,2,0,Weekday,0,STORE_003,Supermarket,Rural,Biscuits,Non-Perishable,194,151,43,10.56,0.0,1594.72,Medium,171
26-03-2025,26,3,2,0,Weekday,0,STORE_003,Supermarket,Rural,Snacks,Non-Perishable,119,119,0,73.9,0.0,8794.07,High,135
26-03-2025,26,3,2,0,Weekday,0,STORE_003,Supermarket,Rural,Masala,Non-Perishable,131,68,63,98.69,0.0,6710.85,Medium,79
26-03-2025,26,3,2,0,Weekday,0,STORE_003,Supermarket,Rural,Sugar,Non-Perishable,183,147,36,48.11,0.0,7071.73,Medium,166
26-03-2025,26,3,2,0,Weekday,0,STORE_003,Supermarket,Rural,Salt,Non-Perishable,163,128,35,20.96,0.0,2683.45,Medium,145
26-03-2025,26,3,2,0,Weekday,0,STORE_003,Supermarket,Rural,Bread,Perishable,17,10,7,45.07,0.0,450.68,Medium,16
26-03-2025,26,3,2,0,Weekday,0,STORE_003,Supermarket,Rural,Eggs,Perishable,26,18,8,42.89,0.109,687.55,Medium,24
27-03-2025,27,3,3,0,Weekday,0,STORE_001,Small,Urban,Milk,Perishable,5,5,0,33.85,0.0,169.23,High,10
27-03-2025,27,3,3,0,Weekday,0,STORE_001,Small,Urban,Curd,Perishable,15,9,6,42.45,0.0,382.08,Medium,14
27-03-2025,27,3,3,0,Weekday,0,STORE_001,Small,Urban,Paneer,Perishable,4,2,2,232.72,0.0,465.43,Medium,7
27-03-2025,27,3,3,0,Weekday,0,STORE_001,Small,Urban,Rice,Non-Perishable,58,55,3,59.18,0.0,3255.15,High,65
27-03-2025,27,3,3,0,Weekday,0,STORE_001,Small,Urban,Toor Dal,Non-Perishable,40,22,18,146.39,0.0,3220.53,Medium,29
27-03-2025,27,3,3,0,Weekday,0,STORE_001,Small,Urban,Wheat Flour,Non-Perishable,45,36,9,25.47,0.118,808.81,Medium,44
27-03-2025,27,3,3,0,Weekday,0,STORE_001,Small,Urban,Cooking Oil,Non-Perishable,62,37,25,189.82,0.0,7023.24,Medium,45
27-03-2025,27,3,3,0,Weekday,0,STORE_001,Small,Urban,Biscuits,Non-Perishable,42,42,0,22.51,0.139,814.01,High,51
27-03-2025,27,3,3,0,Weekday,0,STORE_001,Small,Urban,Snacks,Non-Perishable,23,18,5,64.19,0.0,1155.38,Medium,24
27-03-2025,27,3,3,0,Weekday,0,STORE_001,Small,Urban,Masala,Non-Perishable,41,40,1,95.56,0.0,3822.32,High,49
27-03-2025,27,3,3,0,Weekday,0,STORE_001,Small,Urban,Sugar,Non-Perishable,38,30,8,40.17,0.0,1205.1,Medium,38
27-03-2025,27,3,3,0,Weekday,0,STORE_001,Small,Urban,Salt,Non-Perishable,67,61,6,24.37,0.0,1486.56,High,72
27-03-2025,27,3,3,0,Weekday,0,STORE_001,Small,Urban,Bread,Perishable,5,3,2,38.93,0.0,116.79,Medium,8
27-03-2025,27,3,3,0,Weekday,0,STORE_001,Small,Urban,Eggs,Perishable,5,5,0,31.58,0.0,157.88,High,10
27-03-2025,27,3,3,0,Weekday,0,STORE_002,Medium,Semi-Urban,Milk,Perishable,15,15,0,32.83,0.09,447.98,High,21
27-03-2025,27,3,3,0,Weekday,0,STORE_002,Medium,Semi-Urban,Curd,Perishable,12,10,2,40.19,0.0,401.9,Medium,16
27-03-2025,27,3,3,0,Weekday,0,STORE_002,Medium,Semi-Urban,Paneer,Perishable,12,5,7,222.23,0.0,1111.17,Low,10
27-03-2025,27,3,3,0,Weekday,0,STORE_002,Medium,Semi-Urban,Rice,Non-Perishable,111,87,24,82.97,0.0,7218.59,Medium,100
27-03-2025,27,3,3,0,Weekday,0,STORE_002,Medium,Semi-Urban,Toor Dal,Non-Perishable,126,83,43,108.45,0.0,9001.32,Medium,96
27-03-2025,27,3,3,0,Weekday,0,STORE_002,Medium,Semi-Urban,Wheat Flour,Non-Perishable,89,71,18,28.07,0.0,1992.82,Medium,83
27-03-2025,27,3,3,0,Weekday,0,STORE_002,Medium,Semi-Urban,Cooking Oil,Non-Perishable,137,137,0,130.27,0.062,16731.35,High,155
27-03-2025,27,3,3,0,Weekday,0,STORE_002,Medium,Semi-Urban,Biscuits,Non-Perishable,53,48,5,22.01,0.128,920.85,High,57
27-03-2025,27,3,3,0,Weekday,0,STORE_002,Medium,Semi-Urban,Snacks,Non-Perishable,72,51,21,62.3,0.0,3177.32,Medium,61
27-03-2025,27,3,3,0,Weekday,0,STORE_002,Medium,Semi-Urban,Masala,Non-Perishable,38,23,15,42.98,0.0,988.55,Medium,30
27-03-2025,27,3,3,0,Weekday,0,STORE_002,Medium,Semi-Urban,Sugar,Non-Perishable,42,28,14,42.53,0.0,1190.86,Medium,35
27-03-2025,27,3,3,0,Weekday,0,STORE_002,Medium,Semi-Urban,Salt,Non-Perishable,102,55,47,18.19,0.0,1000.23,Medium,65
27-03-2025,27,3,3,0,Weekday,0,STORE_002,Medium,Semi-Urban,Bread,Perishable,16,16,0,52.66,0.099,759.07,High,22
27-03-2025,27,3,3,0,Weekday,0,STORE_002,Medium,Semi-Urban,Eggs,Perishable,20,16,4,33.36,0.0,533.7,Medium,22
27-03-2025,27,3,3,0,Weekday,0,STORE_003,Supermarket,Rural,Milk,Perishable,38,38,0,29.59,0.0,1124.48,High,46
27-03-2025,27,3,3,0,Weekday,0,STORE_003,Supermarket,Rural,Curd,Perishable,29,24,5,59.43,0.0,1426.29,Medium,31
27-03-2025,27,3,3,0,Weekday,0,STORE_003,Supermarket,Rural,Paneer,Perishable,40,26,14,214.93,0.0,5588.26,Medium,33
27-03-2025,27,3,3,0,Weekday,0,STORE_003,Supermarket,Rural,Rice,Non-Perishable,105,105,0,67.2,0.0,7056.05,High,120
27-03-2025,27,3,3,0,Weekday,0,STORE_003,Supermarket,Rural,Toor Dal,Non-Perishable,154,110,44,138.05,0.0,15185.51,Medium,126
27-03-2025,27,3,3,0,Weekday,0,STORE_003,Supermarket,Rural,Wheat Flour,Non-Perishable,135,132,3,31.87,0.067,3926.59,High,150
27-03-2025,27,3,3,0,Weekday,0,STORE_003,Supermarket,Rural,Cooking Oil,Non-Perishable,166,122,44,172.16,0.0,21003.66,Medium,139
27-03-2025,27,3,3,0,Weekday,0,STORE_003,Supermarket,Rural,Biscuits,Non-Perishable,176,91,85,15.57,0.0,1417.2,Medium,105
27-03-2025,27,3,3,0,Weekday,0,STORE_003,Supermarket,Rural,Snacks,Non-Perishable,137,116,21,59.7,0.0,6924.92,Medium,132
27-03-2025,27,3,3,0,Weekday,0,STORE_003,Supermarket,Rural,Masala,Non-Perishable,106,106,0,86.18,0.075,8448.02,High,121
27-03-2025,27,3,3,0,Weekday,0,STORE_003,Supermarket,Rural,Sugar,Non-Perishable,268,162,106,59.89,0.0,9702.06,Medium,183
27-03-2025,27,3,3,0,Weekday,0,STORE_003,Supermarket,Rural,Salt,Non-Perishable,130,114,16,15.6,0.0,1778.41,Medium,130
27-03-2025,27,3,3,0,Weekday,0,STORE_003,Supermarket,Rural,Bread,Perishable,22,19,3,37.54,0.0,713.2,Medium,25
27-03-2025,27,3,3,0,Weekday,0,STORE_003,Supermarket,Rural,Eggs,Perishable,26,21,5,46.22,0.063,909.81,Medium,28
28-03-2025,28,3,4,0,Weekday,0,STORE_001,Small,Urban,Milk,Perishable,9,6,3,27.1,0.0,162.63,Medium,11
28-03-2025,28,3,4,0,Weekday,0,STORE_001,Small,Urban,Curd,Perishable,5,2,3,43.5,0.0,87.0,Low,7
28-03-2025,28,3,4,0,Weekday,0,STORE_001,Small,Urban,Paneer,Perishable,6,4,2,200.89,0.0,803.57,Medium,9
28-03-2025,28,3,4,0,Weekday,0,STORE_001,Small,Urban,Rice,Non-Perishable,55,47,8,75.75,0.0,3560.27,Medium,56
28-03-2025,28,3,4,0,Weekday,0,STORE_001,Small,Urban,Toor Dal,Non-Perishable,49,35,14,103.83,0.0,3634.02,Medium,43
28-03-2025,28,3,4,0,Weekday,0,STORE_001,Small,Urban,Wheat Flour,Non-Perishable,49,34,15,41.53,0.11,1257.01,Medium,42
28-03-2025,28,3,4,0,Weekday,0,STORE_001,Small,Urban,Cooking Oil,Non-Perishable,39,33,6,169.52,0.113,4959.35,Medium,41
28-03-2025,28,3,4,0,Weekday,0,STORE_001,Small,Urban,Biscuits,Non-Perishable,53,35,18,11.52,0.0,403.11,Medium,43
28-03-2025,28,3,4,0,Weekday,0,STORE_001,Small,Urban,Snacks,Non-Perishable,34,24,10,30.2,0.0,724.74,Medium,31
28-03-2025,28,3,4,0,Weekday,0,STORE_001,Small,Urban,Masala,Non-Perishable,67,67,0,71.44,0.0,4786.22,High,78
28-03-2025,28,3,4,0,Weekday,0,STORE_001,Small,Urban,Sugar,Non-Perishable,32,31,1,55.71,0.0,1727.06,High,39
28-03-2025,28,3,4,0,Weekday,0,STORE_001,Small,Urban,Salt,Non-Perishable,33,17,16,16.9,0.0,287.37,Medium,23
28-03-2025,28,3,4,0,Weekday,0,STORE_001,Small,Urban,Bread,Perishable,4,4,0,51.19,0.0,204.77,High,9
28-03-2025,28,3,4,0,Weekday,0,STORE_001,Small,Urban,Eggs,Perishable,9,9,0,44.1,0.0,396.92,High,14
28-03-2025,28,3,4,0,Weekday,0,STORE_002,Medium,Semi-Urban,Milk,Perishable,12,12,0,32.37,0.0,388.42,High,18
28-03-2025,28,3,4,0,Weekday,0,STORE_002,Medium,Semi-Urban,Curd,Perishable,11,7,4,42.13,0.12,259.64,Medium,12
28-03-2025,28,3,4,0,Weekday,0,STORE_002,Medium,Semi-Urban,Paneer,Perishable,23,17,6,211.69,0.0,3598.78,Medium,23
28-03-2025,28,3,4,0,Weekday,0,STORE_002,Medium,Semi-Urban,Rice,Non-Perishable,144,114,30,63.17,0.0,7201.78,Medium,130
28-03-2025,28,3,4,0,Weekday,0,STORE_002,Medium,Semi-Urban,Toor Dal,Non-Perishable,106,80,26,129.58,0.0,10366.26,Medium,93
28-03-2025,28,3,4,0,Weekday,0,STORE_002,Medium,Semi-Urban,Wheat Flour,Non-Perishable,40,21,19,31.93,0.0,670.53,Medium,28
28-03-2025,28,3,4,0,Weekday,0,STORE_002,Medium,Semi-Urban,Cooking Oil,Non-Perishable,121,77,44,171.73,0.121,11616.7,Medium,89
28-03-2025,28,3,4,0,Weekday,0,STORE_002,Medium,Semi-Urban,Biscuits,Non-Perishable,68,57,11,23.31,0.0,1328.76,Medium,67
28-03-2025,28,3,4,0,Weekday,0,STORE_002,Medium,Semi-Urban,Snacks,Non-Perishable,68,42,26,21.58,0.0,906.25,Medium,51
28-03-2025,28,3,4,0,Weekday,0,STORE_002,Medium,Semi-Urban,Masala,Non-Perishable,76,73,3,99.99,0.0,7299.04,High,85
28-03-2025,28,3,4,0,Weekday,0,STORE_002,Medium,Semi-Urban,Sugar,Non-Perishable,89,76,13,47.68,0.0,3623.61,Medium,88
28-03-2025,28,3,4,0,Weekday,0,STORE_002,Medium,Semi-Urban,Salt,Non-Perishable,47,47,0,22.32,0.0,1049.24,High,56
28-03-2025,28,3,4,0,Weekday,0,STORE_002,Medium,Semi-Urban,Bread,Perishable,9,7,2,44.67,0.0,312.67,Medium,12
28-03-2025,28,3,4,0,Weekday,0,STORE_002,Medium,Semi-Urban,Eggs,Perishable,22,18,4,34.27,0.0,616.83,Medium,24
28-03-2025,28,3,4,0,Weekday,0,STORE_003,Supermarket,Rural,Milk,Perishable,14,8,6,33.76,0.0,270.1,Medium,13
28-03-2025,28,3,4,0,Weekday,0,STORE_003,Supermarket,Rural,Curd,Perishable,25,23,2,41.27,0.0,949.21,High,30
28-03-2025,28,3,4,0,Weekday,0,STORE_003,Supermarket,Rural,Paneer,Perishable,27,19,8,218.34,0.0,4148.51,Medium,25
28-03-2025,28,3,4,0,Weekday,0,STORE_003,Supermarket,Rural,Rice,Non-Perishable,140,107,33,72.42,0.0,7749.11,Medium,122
28-03-2025,28,3,4,0,Weekday,0,STORE_003,Supermarket,Rural,Toor Dal,Non-Perishable,216,157,59,101.44,0.0,15926.68,Medium,177
28-03-2025,28,3,4,0,Weekday,0,STORE_003,Supermarket,Rural,Wheat Flour,Non-Perishable,143,105,38,35.14,0.074,3416.79,Medium,120
28-03-2025,28,3,4,0,Weekday,0,STORE_003,Supermarket,Rural,Cooking Oil,Non-Perishable,123,115,8,129.65,0.0,14909.39,High,131
28-03-2025,28,3,4,0,Weekday,0,STORE_003,Supermarket,Rural,Biscuits,Non-Perishable,137,118,19,6.51,0.0,767.88,Medium,134
28-03-2025,28,3,4,0,Weekday,0,STORE_003,Supermarket,Rural,Snacks,Non-Perishable,284,284,0,65.29,0.0,18543.08,High,317
28-03-2025,28,3,4,0,Weekday,0,STORE_003,Supermarket,Rural,Masala,Non-Perishable,259,225,34,114.61,0.0,25787.17,Medium,252
28-03-2025,28,3,4,0,Weekday,0,STORE_003,Supermarket,Rural,Sugar,Non-Perishable,108,101,7,46.68,0.0,4714.59,High,116
28-03-2025,28,3,4,0,Weekday,0,STORE_003,Supermarket,Rural,Salt,Non-Perishable,203,158,45,24.36,0.0,3848.45,Medium,178
28-03-2025,28,3,4,0,Weekday,0,STORE_003,Supermarket,Rural,Bread,Perishable,24,17,7,50.8,0.0,863.68,Medium,23
28-03-2025,28,3,4,0,Weekday,0,STORE_003,Supermarket,Rural,Eggs,Perishable,33,33,0,39.09,0.0,1290.11,High,41
29-03-2025,29,3,5,1,Weekend,0,STORE_001,Small,Urban,Milk,Perishable,7,7,0,30.15,0.063,197.69,High,12
29-03-2025,29,3,5,1,Weekend,0,STORE_001,Small,Urban,Curd,Perishable,4,3,1,57.65,0.0,172.94,Medium,8
29-03-2025,29,3,5,1,Weekend,0,STORE_001,Small,Urban,Paneer,Perishable,7,5,2,248.63,0.0,1243.13,Medium,10
29-03-2025,29,3,5,1,Weekend,0,STORE_001,Small,Urban,Rice,Non-Perishable,65,65,0,70.12,0.0,4557.51,High,76
29-03-2025,29,3,5,1,Weekend,0,STORE_001,Small,Urban,Toor Dal,Non-Perishable,31,31,0,141.31,0.0,4380.51,High,39
29-03-2025,29,3,5,1,Weekend,0,STORE_001,Small,Urban,Wheat Flour,Non-Perishable,54,53,1,35.8,0.0,1897.41,High,63
29-03-2025,29,3,5,1,Weekend,0,STORE_001,Small,Urban,Cooking Oil,Non-Perishable,43,26,17,136.11,0.0,3538.73,Medium,33
29-03-2025,29,3,5,1,Weekend,0,STORE_001,Small,Urban,Biscuits,Non-Perishable,28,28,0,22.47,0.0,629.25,High,35
29-03-2025,29,3,5,1,Weekend,0,STORE_001,Small,Urban,Snacks,Non-Perishable,40,40,0,21.36,0.0,854.28,High,49
29-03-2025,29,3,5,1,Weekend,0,STORE_001,Small,Urban,Masala,Non-Perishable,47,38,9,66.57,0.0,2529.81,Medium,46
29-03-2025,29,3,5,1,Weekend,0,STORE_001,Small,Urban,Sugar,Non-Perishable,30,30,0,40.27,0.0,1208.08,High,38
29-03-2025,29,3,5,1,Weekend,0,STORE_001,Small,Urban,Salt,Non-Perishable,32,32,0,19.33,0.063,579.26,High,40
29-03-2025,29,3,5,1,Weekend,0,STORE_001,Small,Urban,Bread,Perishable,7,3,4,30.0,0.0,90.01,Low,8
29-03-2025,29,3,5,1,Weekend,0,STORE_001,Small,Urban,Eggs,Perishable,5,5,0,49.99,0.092,226.85,High,10
29-03-2025,29,3,5,1,Weekend,0,STORE_002,Medium,Semi-Urban,Milk,Perishable,9,7,2,33.8,0.0,236.57,Medium,12
29-03-2025,29,3,5,1,Weekend,0,STORE_002,Medium,Semi-Urban,Curd,Perishable,14,13,1,42.38,0.0,550.96,High,19
29-03-2025,29,3,5,1,Weekend,0,STORE_002,Medium,Semi-Urban,Paneer,Perishable,27,21,6,181.81,0.0,3818.01,Medium,28
29-03-2025,29,3,5,1,Weekend,0,STORE_002,Medium,Semi-Urban,Rice,Non-Perishable,96,69,27,52.48,0.0,3621.18,Medium,80
29-03-2025,29,3,5,1,Weekend,0,STORE_002,Medium,Semi-Urban,Toor Dal,Non-Perishable,54,54,0,125.67,0.145,5804.76,High,64
29-03-2025,29,3,5,1,Weekend,0,STORE_002,Medium,Semi-Urban,Wheat Flour,Non-Perishable,136,136,0,36.08,0.0,4906.59,High,154
29-03-2025,29,3,5,1,Weekend,0,STORE_002,Medium,Semi-Urban,Cooking Oil,Non-Perishable,121,121,0,188.34,0.061,21402.7,High,138
29-03-2025,29,3,5,1,Weekend,0,STORE_002,Medium,Semi-Urban,Biscuits,Non-Perishable,143,143,0,28.45,0.0,4068.65,High,162
29-03-2025,29,3,5,1,Weekend,0,STORE_002,Medium,Semi-Urban,Snacks,Non-Perishable,69,67,2,67.6,0.0,4529.31,High,78
29-03-2025,29,3,5,1,Weekend,0,STORE_002,Medium,Semi-Urban,Masala,Non-Perishable,81,81,0,63.25,0.0,5123.05,High,94
29-03-2025,29,3,5,1,Weekend,0,STORE_002,Medium,Semi-Urban,Sugar,Non-Perishable,64,43,21,58.91,0.0,2533.3,Medium,52
29-03-2025,29,3,5,1,Weekend,0,STORE_002,Medium,Semi-Urban,Salt,Non-Perishable,58,58,0,22.96,0.0,1331.89,High,68
29-03-2025,29,3,5,1,Weekend,0,STORE_002,Medium,Semi-Urban,Bread,Perishable,12,12,0,35.65,0.0,427.85,High,18
29-03-2025,29,3,5,1,Weekend,0,STORE_002,Medium,Semi-Urban,Eggs,Perishable,22,17,5,44.69,0.0,759.69,Medium,23
29-03-2025,29,3,5,1,Weekend,0,STORE_003,Supermarket,Rural,Milk,Perishable,51,46,5,23.9,0.066,1026.88,High,55
29-03-2025,29,3,5,1,Weekend,0,STORE_003,Supermarket,Rural,Curd,Perishable,24,18,6,52.38,0.0,942.88,Medium,24
29-03-2025,29,3,5,1,Weekend,0,STORE_003,Supermarket,Rural,Paneer,Perishable,33,33,0,185.24,0.0,6112.95,High,41
29-03-2025,29,3,5,1,Weekend,0,STORE_003,Supermarket,Rural,Rice,Non-Perishable,149,133,16,70.38,0.0,9360.7,Medium,151
29-03-2025,29,3,5,1,Weekend,0,STORE_003,Supermarket,Rural,Toor Dal,Non-Perishable,259,259,0,121.53,0.0,31477.51,High,289
29-03-2025,29,3,5,1,Weekend,0,STORE_003,Supermarket,Rural,Wheat Flour,Non-Perishable,116,116,0,25.37,0.0,2943.44,High,132
29-03-2025,29,3,5,1,Weekend,0,STORE_003,Supermarket,Rural,Cooking Oil,Non-Perishable,132,116,16,159.89,0.0,18547.56,Medium,132
29-03-2025,29,3,5,1,Weekend,0,STORE_003,Supermarket,Rural,Biscuits,Non-Perishable,182,141,41,19.31,0.111,2421.14,Medium,160
29-03-2025,29,3,5,1,Weekend,0,STORE_003,Supermarket,Rural,Snacks,Non-Perishable,137,137,0,77.92,0.0,10675.45,High,155
29-03-2025,29,3,5,1,Weekend,0,STORE_003,Supermarket,Rural,Masala,Non-Perishable,200,181,19,47.16,0.0,8535.21,High,204
29-03-2025,29,3,5,1,Weekend,0,STORE_003,Supermarket,Rural,Sugar,Non-Perishable,238,196,42,53.55,0.083,9619.83,Medium,220
29-03-2025,29,3,5,1,Weekend,0,STORE_003,Supermarket,Rural,Salt,Non-Perishable,250,250,0,22.09,0.0,5523.17,High,280
29-03-2025,29,3,5,1,Weekend,0,STORE_003,Supermarket,Rural,Bread,Perishable,14,14,0,30.28,0.0,423.87,High,20
29-03-2025,29,3,5,1,Weekend,0,STORE_003,Supermarket,Rural,Eggs,Perishable,29,24,5,33.38,0.0,801.11,Medium,31
30-03-2025,30,3,6,1,Weekend,0,STORE_001,Small,Urban,Milk,Perishable,6,5,1,25.94,0.0,129.68,Medium,10
30-03-2025,30,3,6,1,Weekend,0,STORE_001,Small,Urban,Curd,Perishable,15,11,4,53.53,0.0,588.8,Medium,17
30-03-2025,30,3,6,1,Weekend,0,STORE_001,Small,Urban,Paneer,Perishable,2,2,0,232.66,0.0,465.31,High,7
30-03-2025,30,3,6,1,Weekend,0,STORE_001,Small,Urban,Rice,Non-Perishable,53,53,0,81.74,0.0,4332.05,High,63
30-03-2025,30,3,6,1,Weekend,0,STORE_001,Small,Urban,Toor Dal,Non-Perishable,33,33,0,111.78,0.0,3688.6,High,41
30-03-2025,30,3,6,1,Weekend,0,STORE_001,Small,Urban,Wheat Flour,Non-Perishable,44,44,0,44.63,0.0,1963.59,High,53
30-03-2025,30,3,6,1,Weekend,0,STORE_001,Small,Urban,Cooking Oil,Non-Perishable,33,18,15,163.01,0.0,2934.26,Medium,24
30-03-2025,30,3,6,1,Weekend,0,STORE_001,Small,Urban,Biscuits,Non-Perishable,40,23,17,6.22,0.0,143.04,Medium,30
30-03-2025,30,3,6,1,Weekend,0,STORE_001,Small,Urban,Snacks,Non-Perishable,35,26,9,32.93,0.0,856.17,Medium,33
30-03-2025,30,3,6,1,Weekend,0,STORE_001,Small,Urban,Masala,Non-Perishable,32,32,0,74.7,0.0,2390.46,High,40
30-03-2025,30,3,6,1,Weekend,0,STORE_001,Small,Urban,Sugar,Non-Perishable,35,35,0,58.72,0.0,2055.29,High,43
30-03-2025,30,3,6,1,Weekend,0,STORE_001,Small,Urban,Salt,Non-Perishable,20,20,0,19.8,0.0,395.92,High,27
30-03-2025,30,3,6,1,Weekend,0,STORE_001,Small,Urban,Bread,Perishable,5,5,0,51.51,0.0,257.55,High,10
30-03-2025,30,3,6,1,Weekend,0,STORE_001,Small,Urban,Eggs,Perishable,8,6,2,44.59,0.0,267.56,Medium,11
30-03-2025,30,3,6,1,Weekend,0,STORE_002,Medium,Semi-Urban,Milk,Perishable,17,12,5,26.95,0.0,323.45,Medium,18
30-03-2025,30,3,6,1,Weekend,0,STORE_002,Medium,Semi-Urban,Curd,Perishable,17,13,4,50.47,0.072,608.65,Medium,19
30-03-2025,30,3,6,1,Weekend,0,STORE_002,Medium,Semi-Urban,Paneer,Perishable,17,17,0,235.22,0.0,3998.71,High,23
30-03-2025,30,3,6,1,Weekend,0,STORE_002,Medium,Semi-Urban,Rice,Non-Perishable,146,139,7,79.64,0.0,11069.48,High,157
30-03-2025,30,3,6,1,Weekend,0,STORE_002,Medium,Semi-Urban,Toor Dal,Non-Perishable,109,72,37,126.73,0.134,7900.43,Medium,84
30-03-2025,30,3,6,1,Weekend,0,STORE_002,Medium,Semi-Urban,Wheat Flour,Non-Perishable,82,68,14,29.75,0.0,2022.73,Medium,79
30-03-2025,30,3,6,1,Weekend,0,STORE_002,Medium,Semi-Urban,Cooking Oil,Non-Perishable,91,91,0,177.22,0.0,16127.01,High,105
30-03-2025,30,3,6,1,Weekend,0,STORE_002,Medium,Semi-Urban,Biscuits,Non-Perishable,40,37,3,9.68,0.0,358.27,High,45
30-03-2025,30,3,6,1,Weekend,0,STORE_002,Medium,Semi-Urban,Snacks,Non-Perishable,87,67,20,54.17,0.0,3629.62,Medium,78
30-03-2025,30,3,6,1,Weekend,0,STORE_002,Medium,Semi-Urban,Masala,Non-Perishable,74,74,0,51.39,0.146,3247.99,High,86
30-03-2025,30,3,6,1,Weekend,0,STORE_002,Medium,Semi-Urban,Sugar,Non-Perishable,49,43,6,47.5,0.0,2042.38,Medium,52
30-03-2025,30,3,6,1,Weekend,0,STORE_002,Medium,Semi-Urban,Salt,Non-Perishable,101,99,2,15.52,0.0,1536.68,High,113
30-03-2025,30,3,6,1,Weekend,0,STORE_002,Medium,Semi-Urban,Bread,Perishable,16,14,2,31.8,0.0,445.14,Medium,20
30-03-2025,30,3,6,1,Weekend,0,STORE_002,Medium,Semi-Urban,Eggs,Perishable,7,6,1,44.1,0.0,264.57,Medium,11
30-03-2025,30,3,6,1,Weekend,0,STORE_003,Supermarket,Rural,Milk,Perishable,46,32,14,32.74,0.0,1047.54,Medium,40
30-03-2025,30,3,6,1,Weekend,0,STORE_003,Supermarket,Rural,Curd,Perishable,18,16,2,48.29,0.0,772.61,Medium,22
30-03-2025,30,3,6,1,Weekend,0,STORE_003,Supermarket,Rural,Paneer,Perishable,16,14,2,183.03,0.0,2562.49,Medium,20
30-03-2025,30,3,6,1,Weekend,0,STORE_003,Supermarket,Rural,Rice,Non-Perishable,107,88,19,82.75,0.0,7282.24,Medium,101
30-03-2025,30,3,6,1,Weekend,0,STORE_003,Supermarket,Rural,Toor Dal,Non-Perishable,267,239,28,133.12,0.0,31815.29,Medium,267
30-03-2025,30,3,6,1,Weekend,0,STORE_003,Supermarket,Rural,Wheat Flour,Non-Perishable,185,168,17,34.71,0.0,5831.5,High,189
30-03-2025,30,3,6,1,Weekend,0,STORE_003,Supermarket,Rural,Cooking Oil,Non-Perishable,118,108,10,147.92,0.0,15975.25,High,123
30-03-2025,30,3,6,1,Weekend,0,STORE_003,Supermarket,Rural,Biscuits,Non-Perishable,157,124,33,7.9,0.0,979.93,Medium,141
30-03-2025,30,3,6,1,Weekend,0,STORE_003,Supermarket,Rural,Snacks,Non-Perishable,155,134,21,29.78,0.0,3990.36,Medium,152
30-03-2025,30,3,6,1,Weekend,0,STORE_003,Supermarket,Rural,Masala,Non-Perishable,201,201,0,50.27,0.0,10104.6,High,226
30-03-2025,30,3,6,1,Weekend,0,STORE_003,Supermarket,Rural,Sugar,Non-Perishable,253,203,50,50.56,0.064,9611.2,Medium,228
30-03-2025,30,3,6,1,Weekend,0,STORE_003,Supermarket,Rural,Salt,Non-Perishable,162,124,38,18.31,0.133,1968.88,Medium,141
30-03-2025,30,3,6,1,Weekend,0,STORE_003,Supermarket,Rural,Bread,Perishable,11,7,4,50.87,0.0,356.06,Medium,12
30-03-2025,30,3,6,1,Weekend,0,STORE_003,Supermarket,Rural,Eggs,Perishable,38,36,2,40.29,0.0,1450.52,High,44
31-03-2025,31,3,0,0,Weekday,0,STORE_001,Small,Urban,Milk,Perishable,9,7,2,23.2,0.0,162.41,Medium,12
31-03-2025,31,3,0,0,Weekday,0,STORE_001,Small,Urban,Curd,Perishable,9,7,2,54.63,0.106,341.88,Medium,12
31-03-2025,31,3,0,0,Weekday,0,STORE_001,Small,Urban,Paneer,Perishable,12,6,6,239.53,0.0,1437.21,Medium,11
31-03-2025,31,3,0,0,Weekday,0,STORE_001,Small,Urban,Rice,Non-Perishable,32,20,12,57.17,0.0,1143.49,Medium,27
31-03-2025,31,3,0,0,Weekday,0,STORE_001,Small,Urban,Toor Dal,Non-Perishable,66,42,24,123.65,0.0,5193.11,Medium,51
31-03-2025,31,3,0,0,Weekday,0,STORE_001,Small,Urban,Wheat Flour,Non-Perishable,56,46,10,30.76,0.118,1248.48,Medium,55
31-03-2025,31,3,0,0,Weekday,0,STORE_001,Small,Urban,Cooking Oil,Non-Perishable,24,15,9,184.61,0.0,2769.13,Medium,21
31-03-2025,31,3,0,0,Weekday,0,STORE_001,Small,Urban,Biscuits,Non-Perishable,70,52,18,11.09,0.0,576.44,Medium,62
31-03-2025,31,3,0,0,Weekday,0,STORE_001,Small,Urban,Snacks,Non-Perishable,37,32,5,74.87,0.0,2395.98,Medium,40
31-03-2025,31,3,0,0,Weekday,0,STORE_001,Small,Urban,Masala,Non-Perishable,53,47,6,52.06,0.0,2446.9,Medium,56
31-03-2025,31,3,0,0,Weekday,0,STORE_001,Small,Urban,Sugar,Non-Perishable,50,35,15,57.77,0.0,2022.05,Medium,43
31-03-2025,31,3,0,0,Weekday,0,STORE_001,Small,Urban,Salt,Non-Perishable,43,22,21,23.2,0.0,510.46,Medium,29
31-03-2025,31,3,0,0,Weekday,0,STORE_001,Small,Urban,Bread,Perishable,10,6,4,57.88,0.102,311.9,Medium,11
31-03-2025,31,3,0,0,Weekday,0,STORE_001,Small,Urban,Eggs,Perishable,5,3,2,49.99,0.0,149.98,Medium,8
31-03-2025,31,3,0,0,Weekday,0,STORE_002,Medium,Semi-Urban,Milk,Perishable,7,4,3,25.55,0.0,102.2,Medium,9
31-03-2025,31,3,0,0,Weekday,0,STORE_002,Medium,Semi-Urban,Curd,Perishable,7,4,3,54.17,0.0,216.67,Medium,9
31-03-2025,31,3,0,0,Weekday,0,STORE_002,Medium,Semi-Urban,Paneer,Perishable,18,10,8,224.41,0.0,2244.15,Medium,16
31-03-2025,31,3,0,0,Weekday,0,STORE_002,Medium,Semi-Urban,Rice,Non-Perishable,46,43,3,56.1,0.0,2412.46,High,52
31-03-2025,31,3,0,0,Weekday,0,STORE_002,Medium,Semi-Urban,Toor Dal,Non-Perishable,97,59,38,141.14,0.0,8327.05,Medium,69
31-03-2025,31,3,0,0,Weekday,0,STORE_002,Medium,Semi-Urban,Wheat Flour,Non-Perishable,102,90,12,29.01,0.0,2610.82,Medium,104
31-03-2025,31,3,0,0,Weekday,0,STORE_002,Medium,Semi-Urban,Cooking Oil,Non-Perishable,63,39,24,194.42,0.0,7582.52,Medium,47
31-03-2025,31,3,0,0,Weekday,0,STORE_002,Medium,Semi-Urban,Biscuits,Non-Perishable,81,62,19,12.6,0.0,781.26,Medium,73
31-03-2025,31,3,0,0,Weekday,0,STORE_002,Medium,Semi-Urban,Snacks,Non-Perishable,60,47,13,62.34,0.0,2929.8,Medium,56
31-03-2025,31,3,0,0,Weekday,0,STORE_002,Medium,Semi-Urban,Masala,Non-Perishable,85,50,35,79.75,0.084,3652.8,Medium,60
31-03-2025,31,3,0,0,Weekday,0,STORE_002,Medium,Semi-Urban,Sugar,Non-Perishable,65,55,10,45.43,0.0,2498.67,Medium,65
31-03-2025,31,3,0,0,Weekday,0,STORE_002,Medium,Semi-Urban,Salt,Non-Perishable,62,48,14,15.28,0.0,733.52,Medium,57
31-03-2025,31,3,0,0,Weekday,0,STORE_002,Medium,Semi-Urban,Bread,Perishable,15,13,2,53.62,0.0,697.08,Medium,19
31-03-2025,31,3,0,0,Weekday,0,STORE_002,Medium,Semi-Urban,Eggs,Perishable,25,16,9,37.86,0.0,605.68,Medium,22
31-03-2025,31,3,0,0,Weekday,0,STORE_003,Supermarket,Rural,Milk,Perishable,36,36,0,29.07,0.0,1046.58,High,44
31-03-2025,31,3,0,0,Weekday,0,STORE_003,Supermarket,Rural,Curd,Perishable,34,20,14,51.51,0.0,1030.15,Medium,27
31-03-2025,31,3,0,0,Weekday,0,STORE_003,Supermarket,Rural,Paneer,Perishable,25,23,2,187.7,0.0,4316.99,High,30
31-03-2025,31,3,0,0,Weekday,0,STORE_003,Supermarket,Rural,Rice,Non-Perishable,191,154,37,69.0,0.0,10625.5,Medium,174
31-03-2025,31,3,0,0,Weekday,0,STORE_003,Supermarket,Rural,Toor Dal,Non-Perishable,114,81,33,146.2,0.0,11842.43,Medium,94
31-03-2025,31,3,0,0,Weekday,0,STORE_003,Supermarket,Rural,Wheat Flour,Non-Perishable,190,128,62,31.74,0.0,4063.14,Medium,145
31-03-2025,31,3,0,0,Weekday,0,STORE_003,Supermarket,Rural,Cooking Oil,Non-Perishable,189,94,95,193.02,0.0,18143.79,Low,108
31-03-2025,31,3,0,0,Weekday,0,STORE_003,Supermarket,Rural,Biscuits,Non-Perishable,163,163,0,14.73,0.0,2401.65,High,184
31-03-2025,31,3,0,0,Weekday,0,STORE_003,Supermarket,Rural,Snacks,Non-Perishable,80,61,19,20.61,0.0,1257.47,Medium,72
31-03-2025,31,3,0,0,Weekday,0,STORE_003,Supermarket,Rural,Masala,Non-Perishable,185,155,30,77.98,0.0,12086.75,Medium,175
31-03-2025,31,3,0,0,Weekday,0,STORE_003,Supermarket,Rural,Sugar,Non-Perishable,96,68,28,54.21,0.0,3686.51,Medium,79
31-03-2025,31,3,0,0,Weekday,0,STORE_003,Supermarket,Rural,Salt,Non-Perishable,188,161,27,15.43,0.102,2230.44,Medium,182
31-03-2025,31,3,0,0,Weekday,0,STORE_003,Supermarket,Rural,Bread,Perishable,24,16,8,32.08,0.0,513.34,Medium,22
31-03-2025,31,3,0,0,Weekday,0,STORE_003,Supermarket,Rural,Eggs,Perishable,26,15,11,35.69,0.0,535.3,Medium,21
